OBJECTID,INDEX,ACCNUM,DATE,TIME,STREET1,STREET2,OFFSET,ROAD_CLASS,DISTRICT,LATITUDE,LONGITUDE,ACCLOC,TRAFFCTL,VISIBILITY,LIGHT,RDSFCOND,ACCLASS,IMPACTYPE,INVTYPE,INVAGE,INJURY,FATAL_NO,INITDIR,VEHTYPE,MANOEUVER,DRIVACT,DRIVCOND,PEDTYPE,PEDACT,PEDCOND,CYCLISTYPE,CYCACT,CYCCOND,PEDESTRIAN,CYCLIST,AUTOMOBILE,MOTORCYCLE,TRUCK,TRSN_CITY_VEH,EMERG_VEH,PASSENGER,SPEEDING,AG_DRIV,REDLIGHT,ALCOHOL,DISABILITY,HOOD_158,NEIGHBOURHOOD_158,HOOD_140,NEIGHBOURHOOD_140,DIVISION,x,y
129,3403315,898555,4/23/2006 4:00:00 AM,950,MCCOWAN RD,ELLESMERE RD,,Major Arterial,Scarborough,43.772145,-79.25149,At Intersection,Traffic Signal,Rain,Daylight,Wet,Non-Fatal Injury,Turning Movement,Passenger,75 to 79,Major,,,Other,Other,,,,,,,,,,,Yes,,,,,Yes,Yes,Yes,,,,142,Woburn North,137,Woburn (137),D43,640721.860412966,4848050.70945088
130,3403316,898555,4/23/2006 4:00:00 AM,950,MCCOWAN RD,ELLESMERE RD,,Major Arterial,Scarborough,43.772145,-79.25149,At Intersection,Traffic Signal,Rain,Daylight,Wet,Non-Fatal Injury,Turning Movement,Driver,80 to 84,Minor,,South,"Automobile, Station Wagon",Turning Left,Improper Turn,Normal,,,,,,,,,Yes,,,,,Yes,Yes,Yes,,,,142,Woburn North,137,Woburn (137),D43,640721.860412966,4848050.70945088
131,3403317,898555,4/23/2006 4:00:00 AM,950,MCCOWAN RD,ELLESMERE RD,,Major Arterial,Scarborough,43.772145,-79.25149,At Intersection,Traffic Signal,Rain,Daylight,Wet,Non-Fatal Injury,Turning Movement,Driver,35 to 39,Minimal,,North,"Automobile, Station Wagon",Going Ahead,Speed too Fast For Condition,Normal,,,,,,,,,Yes,,,,,Yes,Yes,Yes,,,,142,Woburn North,137,Woburn (137),D43,640721.860412966,4848050.70945088
132,3403950,898801,4/25/2006 4:00:00 AM,119,MILNER AVE,AUTO MALL DR,,Minor Arterial,Scarborough,43.799545,-79.19169,At Intersection,No Control,Clear,Dark,Dry,Non-Fatal Injury,SMV Other,Passenger,20 to 24,Minimal,,,Other,Other,,,,,,,,,,,Yes,,,,,Yes,,,,,,144,Morningside Heights,131,Rouge (131),D42,645468.201563317,4851197.29585776
133,3403951,898801,4/25/2006 4:00:00 AM,119,MILNER AVE,AUTO MALL DR,,Minor Arterial,Scarborough,43.799545,-79.19169,At Intersection,No Control,Clear,Dark,Dry,Non-Fatal Injury,SMV Other,Passenger,25 to 29,Major,,,Other,Other,,,,,,,,,,,Yes,,,,,Yes,,,,,,144,Morningside Heights,131,Rouge (131),D42,645468.201563317,4851197.29585776
134,3403952,898801,4/25/2006 4:00:00 AM,119,MILNER AVE,AUTO MALL DR,,Minor Arterial,Scarborough,43.799545,-79.19169,At Intersection,No Control,Clear,Dark,Dry,Non-Fatal Injury,SMV Other,Vehicle Owner,unknown,None,,,Other,Going Ahead,,,,,,,,,,,Yes,,,,,Yes,,,,,,144,Morningside Heights,131,Rouge (131),D42,645468.201563317,4851197.29585776
135,3403953,898801,4/25/2006 4:00:00 AM,119,MILNER AVE,AUTO MALL DR,,Minor Arterial,Scarborough,43.799545,-79.19169,At Intersection,No Control,Clear,Dark,Dry,Non-Fatal Injury,SMV Other,Driver,25 to 29,Minimal,,,"Automobile, Station Wagon",Going Ahead,,,,,,,,,,,Yes,,,,,Yes,,,,,,144,Morningside Heights,131,Rouge (131),D42,645468.201563317,4851197.29585776
136,3551265,912860,4/25/2006 4:00:00 AM,119,MILNER AVE,AUTO MALL DR,,Minor Arterial,Scarborough,43.800045,-79.19079,,No Control,Clear,Dark,Dry,Non-Fatal Injury,SMV Other,Passenger,25 to 29,Major,,,Other,,,,,,,,,,,,Yes,,,,,Yes,Yes,Yes,,Yes,,144,Morningside Heights,131,Rouge (131),D42,645539.38820357,4851254.41147677
137,3551266,912860,4/25/2006 4:00:00 AM,119,MILNER AVE,AUTO MALL DR,,Minor Arterial,Scarborough,43.800045,-79.19079,,No Control,Clear,Dark,Dry,Non-Fatal Injury,SMV Other,Passenger,20 to 24,Minor,,,Other,,,,,,,,,,,,Yes,,,,,Yes,Yes,Yes,,Yes,,144,Morningside Heights,131,Rouge (131),D42,645539.38820357,4851254.41147677
138,3551267,912860,4/25/2006 4:00:00 AM,119,MILNER AVE,AUTO MALL DR,,Minor Arterial,Scarborough,43.800045,-79.19079,,No Control,Clear,Dark,Dry,Non-Fatal Injury,SMV Other,Vehicle Owner,unknown,,,,Other,,,,,,,,,,,,Yes,,,,,Yes,Yes,Yes,,Yes,,144,Morningside Heights,131,Rouge (131),D42,645539.38820357,4851254.41147677
139,3551268,912860,4/25/2006 4:00:00 AM,119,MILNER AVE,AUTO MALL DR,,Minor Arterial,Scarborough,43.800045,-79.19079,,No Control,Clear,Dark,Dry,Non-Fatal Injury,SMV Other,Driver,25 to 29,Minor,,East,"Automobile, Station Wagon",Going Ahead,Lost control,"Ability Impaired, Alcohol",,,,,,,,,Yes,,,,,Yes,Yes,Yes,,Yes,,144,Morningside Heights,131,Rouge (131),D42,645539.38820357,4851254.41147677
140,3404465,899004,4/25/2006 4:00:00 AM,1630,40 STORMONT AVE,,,Local,North York,43.719345,-79.42529,At Intersection,No Control,Clear,Daylight,Dry,Non-Fatal Injury,Pedestrian Collisions,Vehicle Owner,unknown,None,,,Other,,,,,,,,,,Yes,,Yes,,,,,Yes,,,,,,39,Bedford Park-Nortown,39,Bedford Park-Nortown (39),D53,626845.596440205,4841905.78610555
141,3404466,899004,4/25/2006 4:00:00 AM,1630,40 STORMONT AVE,,,Local,North York,43.719345,-79.42529,At Intersection,No Control,Clear,Daylight,Dry,Non-Fatal Injury,Pedestrian Collisions,Pedestrian,5 to 9,Major,,,Other,,,,Pedestrian hit on sidewalk or shoulder,On Sidewalk or Shoulder,Normal,,,,Yes,,Yes,,,,,Yes,,,,,,39,Bedford Park-Nortown,39,Bedford Park-Nortown (39),D53,626845.596440205,4841905.78610555
142,3404467,899004,4/25/2006 4:00:00 AM,1630,40 STORMONT AVE,,,Local,North York,43.719345,-79.42529,At Intersection,No Control,Clear,Daylight,Dry,Non-Fatal Injury,Pedestrian Collisions,Passenger,10 to 14,None,,,Other,,,,,,,,,,Yes,,Yes,,,,,Yes,,,,,,39,Bedford Park-Nortown,39,Bedford Park-Nortown (39),D53,626845.596440205,4841905.78610555
143,3404468,899004,4/25/2006 4:00:00 AM,1630,40 STORMONT AVE,,,Local,North York,43.719345,-79.42529,At Intersection,No Control,Clear,Daylight,Dry,Non-Fatal Injury,Pedestrian Collisions,Passenger,0 to 4,None,,,Other,,,,,,,,,,Yes,,Yes,,,,,Yes,,,,,,39,Bedford Park-Nortown,39,Bedford Park-Nortown (39),D53,626845.596440205,4841905.78610555
144,3404469,899004,4/25/2006 4:00:00 AM,1630,40 STORMONT AVE,,,Local,North York,43.719345,-79.42529,At Intersection,No Control,Clear,Daylight,Dry,Non-Fatal Injury,Pedestrian Collisions,Passenger,10 to 14,None,,,Other,,,,,,,,,,Yes,,Yes,,,,,Yes,,,,,,39,Bedford Park-Nortown,39,Bedford Park-Nortown (39),D53,626845.596440205,4841905.78610555
145,3404470,899004,4/25/2006 4:00:00 AM,1630,40 STORMONT AVE,,,Local,North York,43.719345,-79.42529,At Intersection,No Control,Clear,Daylight,Dry,Non-Fatal Injury,Pedestrian Collisions,Driver,30 to 34,None,,East,"Automobile, Station Wagon",Unknown,Lost control,Fatigue,,,,,,,Yes,,Yes,,,,,Yes,,,,,,39,Bedford Park-Nortown,39,Bedford Park-Nortown (39),D53,626845.596440205,4841905.78610555
146,3404471,899004,4/25/2006 4:00:00 AM,1630,40 STORMONT AVE,,,Local,North York,43.719345,-79.42529,At Intersection,No Control,Clear,Daylight,Dry,Non-Fatal Injury,Pedestrian Collisions,Vehicle Owner,unknown,None,,,Other,,,,,,,,,,Yes,,Yes,,,,,Yes,,,,,,39,Bedford Park-Nortown,39,Bedford Park-Nortown (39),D53,626845.596440205,4841905.78610555
147,3415531,903114,4/27/2006 4:00:00 AM,2044,THE QUEENSWAY,NORTH QUEEN ST,,Major Arterial,Etobicoke York,43.614245,-79.55619,At Intersection,Traffic Signal,Clear,Dark,Dry,Non-Fatal Injury,Turning Movement,Passenger,15 to 19,Major,,,Other,,,,,,,,,,,,Yes,,,,,Yes,,,,,,159,Etobicoke City Centre,14,Islington-City Centre West (14),D22,616504.431876231,4830041.06013468
148,3415532,903114,4/27/2006 4:00:00 AM,2044,THE QUEENSWAY,NORTH QUEEN ST,,Major Arterial,Etobicoke York,43.614245,-79.55619,At Intersection,Traffic Signal,Clear,Dark,Dry,Non-Fatal Injury,Turning Movement,Vehicle Owner,unknown,,,,Other,,,,,,,,,,,,Yes,,,,,Yes,,,,,,159,Etobicoke City Centre,14,Islington-City Centre West (14),D22,616504.431876231,4830041.06013468
149,3415533,903114,4/27/2006 4:00:00 AM,2044,THE QUEENSWAY,NORTH QUEEN ST,,Major Arterial,Etobicoke York,43.614245,-79.55619,At Intersection,Traffic Signal,Clear,Dark,Dry,Non-Fatal Injury,Turning Movement,Driver,15 to 19,None,,East,"Automobile, Station Wagon",Turning Left,Improper Turn,Normal,,,,,,,,,Yes,,,,,Yes,,,,,,159,Etobicoke City Centre,14,Islington-City Centre West (14),D22,616504.431876231,4830041.06013468
150,3415534,903114,4/27/2006 4:00:00 AM,2044,THE QUEENSWAY,NORTH QUEEN ST,,Major Arterial,Etobicoke York,43.614245,-79.55619,At Intersection,Traffic Signal,Clear,Dark,Dry,Non-Fatal Injury,Turning Movement,Driver,25 to 29,None,,West,"Automobile, Station Wagon",Going Ahead,Driving Properly,Normal,,,,,,,,,Yes,,,,,Yes,,,,,,159,Etobicoke City Centre,14,Islington-City Centre West (14),D22,616504.431876231,4830041.06013468
151,3514246,939781,4/28/2006 4:00:00 AM,2349,BLOOR ST W,DUFFERIN ST,,Major Arterial,Toronto and East York,43.659945,-79.43499,,No Control,Clear,Dark,Dry,Non-Fatal Injury,Cyclist Collisions,Driver,25 to 29,None,,West,"Automobile, Station Wagon",Going Ahead,Driving Properly,Normal,,,,,,,,Yes,Yes,,,,,Yes,Yes,Yes,,,,83,Dufferin Grove,83,Dufferin Grove (83),D14,626188.741527116,4835293.80343915
152,3514247,939781,4/28/2006 4:00:00 AM,2349,BLOOR ST W,DUFFERIN ST,,Major Arterial,Toronto and East York,43.659945,-79.43499,,No Control,Clear,Dark,Dry,Non-Fatal Injury,Cyclist Collisions,Passenger,50 to 54,Minimal,,,Other,,,,,,,,,,,Yes,Yes,,,,,Yes,Yes,Yes,,,,83,Dufferin Grove,83,Dufferin Grove (83),D14,626188.741527116,4835293.80343915
153,3514248,939781,4/28/2006 4:00:00 AM,2349,BLOOR ST W,DUFFERIN ST,,Major Arterial,Toronto and East York,43.659945,-79.43499,,No Control,Clear,Dark,Dry,Non-Fatal Injury,Cyclist Collisions,Driver,50 to 54,None,,West,"Automobile, Station Wagon",Going Ahead,Driving Properly,Normal,,,,,,,,Yes,Yes,,,,,Yes,Yes,Yes,,,,83,Dufferin Grove,83,Dufferin Grove (83),D14,626188.741527116,4835293.80343915
154,3514249,939781,4/28/2006 4:00:00 AM,2349,BLOOR ST W,DUFFERIN ST,,Major Arterial,Toronto and East York,43.659945,-79.43499,,No Control,Clear,Dark,Dry,Non-Fatal Injury,Cyclist Collisions,Driver,unknown,None,,East,"Automobile, Station Wagon",Going Ahead,Speed too Fast For Condition,Normal,,,,,,,,Yes,Yes,,,,,Yes,Yes,Yes,,,,83,Dufferin Grove,83,Dufferin Grove (83),D14,626188.741527116,4835293.80343915
155,3514250,939781,4/28/2006 4:00:00 AM,2349,BLOOR ST W,DUFFERIN ST,,Major Arterial,Toronto and East York,43.659945,-79.43499,,No Control,Clear,Dark,Dry,Non-Fatal Injury,Cyclist Collisions,Vehicle Owner,unknown,,,,Other,,,,,,,,,,,Yes,Yes,,,,,Yes,Yes,Yes,,,,83,Dufferin Grove,83,Dufferin Grove (83),D14,626188.741527116,4835293.80343915
156,3514251,939781,4/28/2006 4:00:00 AM,2349,BLOOR ST W,DUFFERIN ST,,Major Arterial,Toronto and East York,43.659945,-79.43499,,No Control,Clear,Dark,Dry,Non-Fatal Injury,Cyclist Collisions,Vehicle Owner,unknown,,,,Other,,,,,,,,,,,Yes,Yes,,,,,Yes,Yes,Yes,,,,83,Dufferin Grove,83,Dufferin Grove (83),D14,626188.741527116,4835293.80343915
157,3514252,939781,4/28/2006 4:00:00 AM,2349,BLOOR ST W,DUFFERIN ST,,Major Arterial,Toronto and East York,43.659945,-79.43499,,No Control,Clear,Dark,Dry,Non-Fatal Injury,Cyclist Collisions,Driver,35 to 39,Minor,,East,"Automobile, Station Wagon",Going Ahead,Driving Properly,Normal,,,,,,,,Yes,Yes,,,,,Yes,Yes,Yes,,,,83,Dufferin Grove,83,Dufferin Grove (83),D14,626188.741527116,4835293.80343915
158,3514253,939781,4/28/2006 4:00:00 AM,2349,BLOOR ST W,DUFFERIN ST,,Major Arterial,Toronto and East York,43.659945,-79.43499,,No Control,Clear,Dark,Dry,Non-Fatal Injury,Cyclist Collisions,Driver,40 to 44,None,,West,"Automobile, Station Wagon",Going Ahead,Driving Properly,Normal,,,,,,,,Yes,Yes,,,,,Yes,Yes,Yes,,,,83,Dufferin Grove,83,Dufferin Grove (83),D14,626188.741527116,4835293.80343915
159,3514254,939781,4/28/2006 4:00:00 AM,2349,BLOOR ST W,DUFFERIN ST,,Major Arterial,Toronto and East York,43.659945,-79.43499,,No Control,Clear,Dark,Dry,Non-Fatal Injury,Cyclist Collisions,Cyclist,25 to 29,Major,,East,Bicycle,Going Ahead,,,,,,Cyclist and Driver travelling in same direction. One vehicle rear-ended the other.,Driving Properly,Normal,,Yes,Yes,,,,,Yes,Yes,Yes,,,,83,Dufferin Grove,83,Dufferin Grove (83),D14,626188.741527116,4835293.80343915
160,3514255,939781,4/28/2006 4:00:00 AM,2349,BLOOR ST W,DUFFERIN ST,,Major Arterial,Toronto and East York,43.659945,-79.43499,,No Control,Clear,Dark,Dry,Non-Fatal Injury,Cyclist Collisions,Other Property Owner,unknown,,,,Other,,,,,,,,,,,Yes,Yes,,,,,Yes,Yes,Yes,,,,83,Dufferin Grove,83,Dufferin Grove (83),D14,626188.741527116,4835293.80343915
161,3603052,900120,4/29/2006 4:00:00 AM,2136,MILLWICK DR,MILVAN DR,,Collector,Etobicoke York,43.758145,-79.55959,,No Control,Clear,Dark,Dry,Fatal,SMV Other,Driver,40 to 44,Minimal,,North,"Automobile, Station Wagon",Going Ahead,Speed too Fast For Condition,Had Been Drinking,,,,,,,,,Yes,,,,,Yes,Yes,Yes,,,,21,Humber Summit,21,Humber Summit (21),D31,615952.50036418,4846018.3079293
162,3603053,900120,4/29/2006 4:00:00 AM,2136,MILLWICK DR,MILVAN DR,,Collector,Etobicoke York,43.758145,-79.55959,,No Control,Clear,Dark,Dry,Fatal,SMV Other,Vehicle Owner,unknown,,,,Other,,,,,,,,,,,,Yes,,,,,Yes,Yes,Yes,,,,21,Humber Summit,21,Humber Summit (21),D31,615952.50036418,4846018.3079293
163,3603054,900120,4/29/2006 4:00:00 AM,2136,MILLWICK DR,MILVAN DR,,Collector,Etobicoke York,43.758145,-79.55959,,No Control,Clear,Dark,Dry,Fatal,SMV Other,Passenger,40 to 44,Fatal,,,Other,,,,,,,,,,,,Yes,,,,,Yes,Yes,Yes,,,,21,Humber Summit,21,Humber Summit (21),D31,615952.50036418,4846018.3079293
164,3603055,900120,4/29/2006 4:00:00 AM,2136,MILLWICK DR,MILVAN DR,,Collector,Etobicoke York,43.758145,-79.55959,,No Control,Clear,Dark,Dry,Fatal,SMV Other,Passenger,40 to 44,Minor,,,"Automobile, Station Wagon",,,,,,,,,,,,Yes,,,,,Yes,Yes,Yes,,,,21,Humber Summit,21,Humber Summit (21),D31,615952.50036418,4846018.3079293
165,3603056,900120,4/29/2006 4:00:00 AM,2136,MILLWICK DR,MILVAN DR,,Collector,Etobicoke York,43.758145,-79.55959,,No Control,Clear,Dark,Dry,Fatal,SMV Other,Other Property Owner,unknown,,,,Other,,,,,,,,,,,,Yes,,,,,Yes,Yes,Yes,,,,21,Humber Summit,21,Humber Summit (21),D31,615952.50036418,4846018.3079293
166,3416373,903432,5/1/2006 4:00:00 AM,1610,96 NYMARK AVE,,,Collector,North York,43.781745,-79.35849,,No Control,Clear,Daylight,Dry,Non-Fatal Injury,SMV Other,Driver,35 to 39,Major,,East,"Automobile, Station Wagon",Going Ahead,Improper Passing,Normal,,,,,,,,,Yes,,,,,Yes,Yes,Yes,,,,47,Don Valley Village,47,Don Valley Village (47),D33,632089.162263744,4848940.64513786
167,3416374,903432,5/1/2006 4:00:00 AM,1610,96 NYMARK AVE,,,Collector,North York,43.781745,-79.35849,,No Control,Clear,Daylight,Dry,Non-Fatal Injury,SMV Other,Passenger,5 to 9,Minor,,,Other,,,,,,,,,,,,Yes,,,,,Yes,Yes,Yes,,,,47,Don Valley Village,47,Don Valley Village (47),D33,632089.162263744,4848940.64513786
168,3416375,903432,5/1/2006 4:00:00 AM,1610,96 NYMARK AVE,,,Collector,North York,43.781745,-79.35849,,No Control,Clear,Daylight,Dry,Non-Fatal Injury,SMV Other,Passenger,5 to 9,Minor,,,Other,,,,,,,,,,,,Yes,,,,,Yes,Yes,Yes,,,,47,Don Valley Village,47,Don Valley Village (47),D33,632089.162263744,4848940.64513786
169,3416376,903432,5/1/2006 4:00:00 AM,1610,96 NYMARK AVE,,,Collector,North York,43.781745,-79.35849,,No Control,Clear,Daylight,Dry,Non-Fatal Injury,SMV Other,Other Property Owner,unknown,None,,,Other,,,,,,,,,,,,Yes,,,,,Yes,Yes,Yes,,,,47,Don Valley Village,47,Don Valley Village (47),D33,632089.162263744,4848940.64513786
170,3420433,904912,5/3/2006 4:00:00 AM,1400,YONGE ST,FINCH AVE E,,Major Arterial,North York,43.779745,-79.41559,At Intersection,Traffic Signal,Clear,Daylight,Dry,Non-Fatal Injury,SMV Other,Driver,30 to 34,None,,South,"Automobile, Station Wagon",Turning Left,Driving Properly,Normal,,,,,,,,,Yes,,,,,Yes,,Yes,Yes,,,37,Willowdale West,37,Willowdale West (37),D32,627498.643848601,4848628.99210278
171,3420434,904912,5/3/2006 4:00:00 AM,1400,YONGE ST,FINCH AVE E,,Major Arterial,North York,43.779745,-79.41559,At Intersection,Traffic Signal,Clear,Daylight,Dry,Non-Fatal Injury,SMV Other,Passenger,20 to 24,Major,,,Other,,,,,,,,,,,,Yes,,,,,Yes,,Yes,Yes,,,37,Willowdale West,37,Willowdale West (37),D32,627498.643848601,4848628.99210278
172,3420435,904912,5/3/2006 4:00:00 AM,1400,YONGE ST,FINCH AVE E,,Major Arterial,North York,43.779745,-79.41559,At Intersection,Traffic Signal,Clear,Daylight,Dry,Non-Fatal Injury,SMV Other,Driver,15 to 19,None,,North,"Automobile, Station Wagon",Going Ahead,Disobeyed Traffic Control,Inattentive,,,,,,,,,Yes,,,,,Yes,,Yes,Yes,,,37,Willowdale West,37,Willowdale West (37),D32,627498.643848601,4848628.99210278
173,3551161,904105,5/3/2006 4:00:00 AM,1842,GREENWOOD AVE,WALPOLE AVE,,Minor Arterial,Toronto and East York,43.675245,-79.32979,,No Control,Clear,Daylight,Dry,Non-Fatal Injury,Approaching,Passenger,35 to 39,Major,,,Other,,,,,,,,,,,,Yes,,,,,Yes,,,,,,65,Greenwood-Coxwell,65,Greenwood-Coxwell (65),D55,634637.030962364,4837158.453657
174,3551162,904105,5/3/2006 4:00:00 AM,1842,GREENWOOD AVE,WALPOLE AVE,,Minor Arterial,Toronto and East York,43.675245,-79.32979,,No Control,Clear,Daylight,Dry,Non-Fatal Injury,Approaching,Passenger,35 to 39,Minor,,,Other,,,,,,,,,,,,Yes,,,,,Yes,,,,,,65,Greenwood-Coxwell,65,Greenwood-Coxwell (65),D55,634637.030962364,4837158.453657
175,3551163,904105,5/3/2006 4:00:00 AM,1842,GREENWOOD AVE,WALPOLE AVE,,Minor Arterial,Toronto and East York,43.675245,-79.32979,,No Control,Clear,Daylight,Dry,Non-Fatal Injury,Approaching,Driver,40 to 44,Minor,,South,"Automobile, Station Wagon",Going Ahead,Driving Properly,Normal,,,,,,,,,Yes,,,,,Yes,,,,,,65,Greenwood-Coxwell,65,Greenwood-Coxwell (65),D55,634637.030962364,4837158.453657
176,3551164,904105,5/3/2006 4:00:00 AM,1842,GREENWOOD AVE,WALPOLE AVE,,Minor Arterial,Toronto and East York,43.675245,-79.32979,,No Control,Clear,Daylight,Dry,Non-Fatal Injury,Approaching,Driver,30 to 34,Minimal,,North,"Automobile, Station Wagon",Going Ahead,Improper Lane Change,Normal,,,,,,,,,Yes,,,,,Yes,,,,,,65,Greenwood-Coxwell,65,Greenwood-Coxwell (65),D55,634637.030962364,4837158.453657
177,3418954,904367,5/5/2006 4:00:00 AM,36,KEELE ST,YORK BLVD,,Major Arterial,Etobicoke York,43.775245,-79.49399,At Intersection,Traffic Signal,Clear,Dark,Dry,Non-Fatal Injury,Rear End,Passenger,15 to 19,Major,,,Other,,,,,,,,,,,,Yes,,,,,Yes,,Yes,,,,27,York University Heights,27,York University Heights (27),D31,621198.778020533,4848011.44826459
178,3418955,904367,5/5/2006 4:00:00 AM,36,KEELE ST,YORK BLVD,,Major Arterial,Etobicoke York,43.775245,-79.49399,At Intersection,Traffic Signal,Clear,Dark,Dry,Non-Fatal Injury,Rear End,Driver,15 to 19,Minimal,,South,"Automobile, Station Wagon",Going Ahead,Following too Close,Fatigue,,,,,,,,,Yes,,,,,Yes,,Yes,,,,27,York University Heights,27,York University Heights (27),D31,621198.778020533,4848011.44826459
179,3418956,904367,5/5/2006 4:00:00 AM,36,KEELE ST,YORK BLVD,,Major Arterial,Etobicoke York,43.775245,-79.49399,At Intersection,Traffic Signal,Clear,Dark,Dry,Non-Fatal Injury,Rear End,Passenger,15 to 19,Minimal,,,Other,,,,,,,,,,,,Yes,,,,,Yes,,Yes,,,,27,York University Heights,27,York University Heights (27),D31,621198.778020533,4848011.44826459
180,3418957,904367,5/5/2006 4:00:00 AM,36,KEELE ST,YORK BLVD,,Major Arterial,Etobicoke York,43.775245,-79.49399,At Intersection,Traffic Signal,Clear,Dark,Dry,Non-Fatal Injury,Rear End,Driver,50 to 54,Minimal,,South,"Automobile, Station Wagon",Stopped,Driving Properly,Normal,,,,,,,,,Yes,,,,,Yes,,Yes,,,,27,York University Heights,27,York University Heights (27),D31,621198.778020533,4848011.44826459
181,3410194,901141,5/6/2006 4:00:00 AM,1830,YONGE ST,WILSON AVE,,Major Arterial,North York,43.744145,-79.40669,At Intersection,Traffic Signal,Clear,Daylight,Dry,Non-Fatal Injury,Turning Movement,Passenger,65 to 69,Minor,,,Other,,,,,,,,,,,,Yes,,,,,Yes,,,,,Yes,40,St.Andrew-Windfields,40,St.Andrew-Windfields (40),D32,628290.909621784,4844688.82094495
182,3410195,901141,5/6/2006 4:00:00 AM,1830,YONGE ST,WILSON AVE,,Major Arterial,North York,43.744145,-79.40669,At Intersection,Traffic Signal,Clear,Daylight,Dry,Non-Fatal Injury,Turning Movement,Driver,40 to 44,Minor,,East,"Automobile, Station Wagon",Stopped,Driving Properly,Normal,,,,,,,,,Yes,,,,,Yes,,,,,Yes,40,St.Andrew-Windfields,40,St.Andrew-Windfields (40),D32,628290.909621784,4844688.82094495
183,3410196,901141,5/6/2006 4:00:00 AM,1830,YONGE ST,WILSON AVE,,Major Arterial,North York,43.744145,-79.40669,At Intersection,Traffic Signal,Clear,Daylight,Dry,Non-Fatal Injury,Turning Movement,Driver,25 to 29,Minor,,South,"Automobile, Station Wagon",Going Ahead,Driving Properly,Normal,,,,,,,,,Yes,,,,,Yes,,,,,Yes,40,St.Andrew-Windfields,40,St.Andrew-Windfields (40),D32,628290.909621784,4844688.82094495
184,3410197,901141,5/6/2006 4:00:00 AM,1830,YONGE ST,WILSON AVE,,Major Arterial,North York,43.744145,-79.40669,At Intersection,Traffic Signal,Clear,Daylight,Dry,Non-Fatal Injury,Turning Movement,Driver,90 to 94,Major,,North,"Automobile, Station Wagon",Turning Left,Improper Turn,Medical or Physical Disability,,,,,,,,,Yes,,,,,Yes,,,,,Yes,40,St.Andrew-Windfields,40,St.Andrew-Windfields (40),D32,628290.909621784,4844688.82094495
185,3419173,904441,5/7/2006 4:00:00 AM,1452,EDENBRIDGE DR,THE KINGSWAY,,Local,Etobicoke York,43.667545,-79.52759,,No Control,Clear,Daylight,Dry,Non-Fatal Injury,SMV Other,Passenger,55 to 59,Minor,,,Other,,,,,,,,,,,,Yes,,,,,Yes,,,,,,9,Edenbridge-Humber Valley,9,Edenbridge-Humber Valley (9),D22,618707.242274639,4836001.21679747
186,3419174,904441,5/7/2006 4:00:00 AM,1452,EDENBRIDGE DR,THE KINGSWAY,,Local,Etobicoke York,43.667545,-79.52759,,No Control,Clear,Daylight,Dry,Non-Fatal Injury,SMV Other,Driver,65 to 69,Major,,West,"Automobile, Station Wagon",Going Ahead,Lost control,Fatigue,,,,,,,,,Yes,,,,,Yes,,,,,,9,Edenbridge-Humber Valley,9,Edenbridge-Humber Valley (9),D22,618707.242274639,4836001.21679747
187,3424040,906284,5/9/2006 4:00:00 AM,710,THE QUEENSWAY,MORGAN AVE,,Major Arterial,Etobicoke York,43.626545,-79.50149,At Intersection,Stop Sign,Clear,Daylight,Dry,Non-Fatal Injury,Turning Movement,Driver,65 to 69,Major,,North,"Automobile, Station Wagon",Turning Left,Improper Turn,Normal,,,,,,,,,Yes,,,,,Yes,,,,,,16,Stonegate-Queensway,16,Stonegate-Queensway (16),D22,620893.688212217,4831485.32099227
188,3424041,906284,5/9/2006 4:00:00 AM,710,THE QUEENSWAY,MORGAN AVE,,Major Arterial,Etobicoke York,43.626545,-79.50149,At Intersection,Stop Sign,Clear,Daylight,Dry,Non-Fatal Injury,Turning Movement,Passenger,30 to 34,Minor,,,Other,,,,,,,,,,,,Yes,,,,,Yes,,,,,,16,Stonegate-Queensway,16,Stonegate-Queensway (16),D22,620893.688212217,4831485.32099227
189,3424042,906284,5/9/2006 4:00:00 AM,710,THE QUEENSWAY,MORGAN AVE,,Major Arterial,Etobicoke York,43.626545,-79.50149,At Intersection,Stop Sign,Clear,Daylight,Dry,Non-Fatal Injury,Turning Movement,Vehicle Owner,unknown,None,,,Other,,,,,,,,,,,,Yes,,,,,Yes,,,,,,16,Stonegate-Queensway,16,Stonegate-Queensway (16),D22,620893.688212217,4831485.32099227
190,3424043,906284,5/9/2006 4:00:00 AM,710,THE QUEENSWAY,MORGAN AVE,,Major Arterial,Etobicoke York,43.626545,-79.50149,At Intersection,Stop Sign,Clear,Daylight,Dry,Non-Fatal Injury,Turning Movement,Driver,35 to 39,None,,East,"Automobile, Station Wagon",Going Ahead,Driving Properly,Normal,,,,,,,,,Yes,,,,,Yes,,,,,,16,Stonegate-Queensway,16,Stonegate-Queensway (16),D22,620893.688212217,4831485.32099227
191,3451650,916560,5/19/2006 4:00:00 AM,1140,LAUGHTON AVE,TALBOT ST,,Collector,Toronto and East York,43.673945,-79.45729,At Intersection,Stop Sign,Clear,Daylight,Dry,Non-Fatal Injury,Turning Movement,Driver,65 to 69,Major,,West,"Automobile, Station Wagon",Turning Left,Failed to Yield Right of Way,Normal,,,,,,,,,Yes,,,,,Yes,,Yes,,,,91,Weston-Pelham Park,91,Weston-Pellam Park (91),D11,624361.733466987,4836815.01452841
192,3451651,916560,5/19/2006 4:00:00 AM,1140,LAUGHTON AVE,TALBOT ST,,Collector,Toronto and East York,43.673945,-79.45729,At Intersection,Stop Sign,Clear,Daylight,Dry,Non-Fatal Injury,Turning Movement,Passenger,40 to 44,Major,,,Other,,,,,,,,,,,,Yes,,,,,Yes,,Yes,,,,91,Weston-Pelham Park,91,Weston-Pellam Park (91),D11,624361.733466987,4836815.01452841