OBJECTID,INDEX,ACCNUM,DATE,TIME,STREET1,STREET2,OFFSET,ROAD_CLASS,DISTRICT,LATITUDE,LONGITUDE,ACCLOC,TRAFFCTL,VISIBILITY,LIGHT,RDSFCOND,ACCLASS,IMPACTYPE,INVTYPE,INVAGE,INJURY,FATAL_NO,INITDIR,VEHTYPE,MANOEUVER,DRIVACT,DRIVCOND,PEDTYPE,PEDACT,PEDCOND,CYCLISTYPE,CYCACT,CYCCOND,PEDESTRIAN,CYCLIST,AUTOMOBILE,MOTORCYCLE,TRUCK,TRSN_CITY_VEH,EMERG_VEH,PASSENGER,SPEEDING,AG_DRIV,REDLIGHT,ALCOHOL,DISABILITY,HOOD_158,NEIGHBOURHOOD_158,HOOD_140,NEIGHBOURHOOD_140,DIVISION,x,y
193,3451652,916560,5/19/2006 4:00:00 AM,1140,LAUGHTON AVE,TALBOT ST,,Collector,Toronto and East York,43.673945,-79.45729,At Intersection,Stop Sign,Clear,Daylight,Dry,Non-Fatal Injury,Turning Movement,Driver,25 to 29,Major,,South,"Automobile, Station Wagon",Going Ahead,Driving Properly,Normal,,,,,,,,,Yes,,,,,Yes,,Yes,,,,91,Weston-Pelham Park,91,Weston-Pellam Park (91),D11,624361.733466987,4836815.01452841
194,3451653,916560,5/19/2006 4:00:00 AM,1140,LAUGHTON AVE,TALBOT ST,,Collector,Toronto and East York,43.673945,-79.45729,At Intersection,Stop Sign,Clear,Daylight,Dry,Non-Fatal Injury,Turning Movement,Other Property Owner,unknown,None,,,Other,,,,,,,,,,,,Yes,,,,,Yes,,Yes,,,,91,Weston-Pelham Park,91,Weston-Pellam Park (91),D11,624361.733466987,4836815.01452841
195,3417680,903914,5/20/2006 4:00:00 AM,150,WOODBINE AVE,GERRARD ST E,,Major Arterial,Toronto and East York,43.681945,-79.31129,,No Control,Rain,Dark,Wet,Non-Fatal Injury,Pedestrian Collisions,Passenger,15 to 19,None,,,Other,,,,,,,,,,Yes,,Yes,,,,,Yes,Yes,Yes,,,,64,Woodbine Corridor,64,Woodbine Corridor (64),D55,636113.197731729,4837932.77718238
196,3417681,903914,5/20/2006 4:00:00 AM,150,WOODBINE AVE,GERRARD ST E,,Major Arterial,Toronto and East York,43.681945,-79.31129,,No Control,Rain,Dark,Wet,Non-Fatal Injury,Pedestrian Collisions,Passenger,25 to 29,None,,,Other,,,,,,,,,,Yes,,Yes,,,,,Yes,Yes,Yes,,,,64,Woodbine Corridor,64,Woodbine Corridor (64),D55,636113.197731729,4837932.77718238
197,3417682,903914,5/20/2006 4:00:00 AM,150,WOODBINE AVE,GERRARD ST E,,Major Arterial,Toronto and East York,43.681945,-79.31129,,No Control,Rain,Dark,Wet,Non-Fatal Injury,Pedestrian Collisions,Vehicle Owner,unknown,None,,,Other,,,,,,,,,,Yes,,Yes,,,,,Yes,Yes,Yes,,,,64,Woodbine Corridor,64,Woodbine Corridor (64),D55,636113.197731729,4837932.77718238
198,3417683,903914,5/20/2006 4:00:00 AM,150,WOODBINE AVE,GERRARD ST E,,Major Arterial,Toronto and East York,43.681945,-79.31129,,No Control,Rain,Dark,Wet,Non-Fatal Injury,Pedestrian Collisions,Driver,20 to 24,None,,South,"Automobile, Station Wagon",Going Ahead,Speed too Fast For Condition,Normal,,,,,,,Yes,,Yes,,,,,Yes,Yes,Yes,,,,64,Woodbine Corridor,64,Woodbine Corridor (64),D55,636113.197731729,4837932.77718238
199,3417684,903914,5/20/2006 4:00:00 AM,150,WOODBINE AVE,GERRARD ST E,,Major Arterial,Toronto and East York,43.681945,-79.31129,,No Control,Rain,Dark,Wet,Non-Fatal Injury,Pedestrian Collisions,Pedestrian,20 to 24,Major,,East,Other,,,,Pedestrian hit at mid-block,Crossing without right of way,Had Been Drinking,,,,Yes,,Yes,,,,,Yes,Yes,Yes,,,,64,Woodbine Corridor,64,Woodbine Corridor (64),D55,636113.197731729,4837932.77718238
200,3430512,908702,5/27/2006 4:00:00 AM,2358,GOSFORD BLVD,ARTECH CRT,,Collector,Etobicoke York,43.763345,-79.52119,,No Control,Clear,Dark,Dry,Non-Fatal Injury,SMV Other,Passenger,10 to 14,Major,,,Other,,,,,,,,,,,,Yes,,,,,Yes,Yes,Yes,,Yes,,24,Black Creek,24,Black Creek (24),D31,619033.397119594,4846650.32024645
201,3430513,908702,5/27/2006 4:00:00 AM,2358,GOSFORD BLVD,ARTECH CRT,,Collector,Etobicoke York,43.763345,-79.52119,,No Control,Clear,Dark,Dry,Non-Fatal Injury,SMV Other,Passenger,20 to 24,Minor,,,Other,,,,,,,,,,,,Yes,,,,,Yes,Yes,Yes,,Yes,,24,Black Creek,24,Black Creek (24),D31,619033.397119594,4846650.32024645
202,3430514,908702,5/27/2006 4:00:00 AM,2358,GOSFORD BLVD,ARTECH CRT,,Collector,Etobicoke York,43.763345,-79.52119,,No Control,Clear,Dark,Dry,Non-Fatal Injury,SMV Other,Other Property Owner,unknown,None,,,Other,,,,,,,,,,,,Yes,,,,,Yes,Yes,Yes,,Yes,,24,Black Creek,24,Black Creek (24),D31,619033.397119594,4846650.32024645
203,3430515,908702,5/27/2006 4:00:00 AM,2358,GOSFORD BLVD,ARTECH CRT,,Collector,Etobicoke York,43.763345,-79.52119,,No Control,Clear,Dark,Dry,Non-Fatal Injury,SMV Other,Other Property Owner,unknown,None,,,Other,,,,,,,,,,,,Yes,,,,,Yes,Yes,Yes,,Yes,,24,Black Creek,24,Black Creek (24),D31,619033.397119594,4846650.32024645
204,3430516,908702,5/27/2006 4:00:00 AM,2358,GOSFORD BLVD,ARTECH CRT,,Collector,Etobicoke York,43.763345,-79.52119,,No Control,Clear,Dark,Dry,Non-Fatal Injury,SMV Other,Driver,25 to 29,Minor,,South,"Automobile, Station Wagon",Going Ahead,Exceeding Speed Limit,"Ability Impaired, Alcohol Over .08",,,,,,,,,Yes,,,,,Yes,Yes,Yes,,Yes,,24,Black Creek,24,Black Creek (24),D31,619033.397119594,4846650.32024645
205,3421771,905408,5/28/2006 4:00:00 AM,550,KENNEDY RD,LAWRENCE AVE E,,Major Arterial,Scarborough,43.749445,-79.27489,At Intersection,Traffic Signal,Clear,"Dusk, artificial",Dry,Non-Fatal Injury,SMV Other,Passenger,20 to 24,Major,,,Other,,,,,,,,,,,,Yes,,,,,Yes,,,,Yes,,126,Dorset Park,126,Dorset Park (126),D41,638891.102197788,4845490.0205286
206,3421772,905408,5/28/2006 4:00:00 AM,550,KENNEDY RD,LAWRENCE AVE E,,Major Arterial,Scarborough,43.749445,-79.27489,At Intersection,Traffic Signal,Clear,"Dusk, artificial",Dry,Non-Fatal Injury,SMV Other,Passenger,20 to 24,Major,,,Other,,,,,,,,,,,,Yes,,,,,Yes,,,,Yes,,126,Dorset Park,126,Dorset Park (126),D41,638891.102197788,4845490.0205286
207,3421773,905408,5/28/2006 4:00:00 AM,550,KENNEDY RD,LAWRENCE AVE E,,Major Arterial,Scarborough,43.749445,-79.27489,At Intersection,Traffic Signal,Clear,"Dusk, artificial",Dry,Non-Fatal Injury,SMV Other,Vehicle Owner,unknown,,,,Other,,,,,,,,,,,,Yes,,,,,Yes,,,,Yes,,126,Dorset Park,126,Dorset Park (126),D41,638891.102197788,4845490.0205286
208,3421774,905408,5/28/2006 4:00:00 AM,550,KENNEDY RD,LAWRENCE AVE E,,Major Arterial,Scarborough,43.749445,-79.27489,At Intersection,Traffic Signal,Clear,"Dusk, artificial",Dry,Non-Fatal Injury,SMV Other,Driver,20 to 24,Minor,,South,"Automobile, Station Wagon",Turning Left,Lost control,"Ability Impaired, Alcohol Over .08",,,,,,,,,Yes,,,,,Yes,,,,Yes,,126,Dorset Park,126,Dorset Park (126),D41,638891.102197788,4845490.0205286
209,3421775,905408,5/28/2006 4:00:00 AM,550,KENNEDY RD,LAWRENCE AVE E,,Major Arterial,Scarborough,43.749445,-79.27489,At Intersection,Traffic Signal,Clear,"Dusk, artificial",Dry,Non-Fatal Injury,SMV Other,Other Property Owner,unknown,,,,Other,,,,,,,,,,,,Yes,,,,,Yes,,,,Yes,,126,Dorset Park,126,Dorset Park (126),D41,638891.102197788,4845490.0205286
210,3430852,908832,5/29/2006 4:00:00 AM,2149,YONGE ST,LORD SEATON RD,,Major Arterial,North York,43.752445,-79.40809,,Traffic Signal,Clear,Dark,Dry,Non-Fatal Injury,Turning Movement,Passenger,unknown,Minimal,,,Other,,,,,,,,,,,,Yes,,,,,Yes,,,,,,40,St.Andrew-Windfields,40,St.Andrew-Windfields (40),D32,628160.467362528,4845608.49175255
211,3430853,908832,5/29/2006 4:00:00 AM,2149,YONGE ST,LORD SEATON RD,,Major Arterial,North York,43.752445,-79.40809,,Traffic Signal,Clear,Dark,Dry,Non-Fatal Injury,Turning Movement,Vehicle Owner,unknown,None,,,Other,,,,,,,,,,,,Yes,,,,,Yes,,,,,,40,St.Andrew-Windfields,40,St.Andrew-Windfields (40),D32,628160.467362528,4845608.49175255
212,3430854,908832,5/29/2006 4:00:00 AM,2149,YONGE ST,LORD SEATON RD,,Major Arterial,North York,43.752445,-79.40809,,Traffic Signal,Clear,Dark,Dry,Non-Fatal Injury,Turning Movement,Driver,30 to 34,Major,,South,"Automobile, Station Wagon",Turning Left,Improper Turn,Unknown,,,,,,,,,Yes,,,,,Yes,,,,,,40,St.Andrew-Windfields,40,St.Andrew-Windfields (40),D32,628160.467362528,4845608.49175255
213,3430855,908832,5/29/2006 4:00:00 AM,2149,YONGE ST,LORD SEATON RD,,Major Arterial,North York,43.752445,-79.40809,,Traffic Signal,Clear,Dark,Dry,Non-Fatal Injury,Turning Movement,Vehicle Owner,unknown,None,,,Other,,,,,,,,,,,,Yes,,,,,Yes,,,,,,40,St.Andrew-Windfields,40,St.Andrew-Windfields (40),D32,628160.467362528,4845608.49175255
214,3430856,908832,5/29/2006 4:00:00 AM,2149,YONGE ST,LORD SEATON RD,,Major Arterial,North York,43.752445,-79.40809,,Traffic Signal,Clear,Dark,Dry,Non-Fatal Injury,Turning Movement,Driver,20 to 24,Minimal,,North,Other,Going Ahead,Driving Properly,Normal,,,,,,,,,Yes,,,,,Yes,,,,,,40,St.Andrew-Windfields,40,St.Andrew-Windfields (40),D32,628160.467362528,4845608.49175255
215,3432928,909606,6/1/2006 4:00:00 AM,1203,MCCOWAN RD,EGLINTON AVE E,,Major Arterial,Scarborough,43.738845,-79.23839,At Intersection,Traffic Signal,Clear,Daylight,Dry,Non-Fatal Injury,Turning Movement,Passenger,15 to 19,Minor,,,Other,,,,,,,,,,,,Yes,,,,,Yes,,Yes,,Yes,,138,Eglinton East,138,Eglinton East (138),D43,641854.840861279,4844374.58124932
216,3432929,909606,6/1/2006 4:00:00 AM,1203,MCCOWAN RD,EGLINTON AVE E,,Major Arterial,Scarborough,43.738845,-79.23839,At Intersection,Traffic Signal,Clear,Daylight,Dry,Non-Fatal Injury,Turning Movement,Passenger,15 to 19,Minor,,,Other,,,,,,,,,,,,Yes,,,,,Yes,,Yes,,Yes,,138,Eglinton East,138,Eglinton East (138),D43,641854.840861279,4844374.58124932
217,3432930,909606,6/1/2006 4:00:00 AM,1203,MCCOWAN RD,EGLINTON AVE E,,Major Arterial,Scarborough,43.738845,-79.23839,At Intersection,Traffic Signal,Clear,Daylight,Dry,Non-Fatal Injury,Turning Movement,Passenger,15 to 19,Major,,,Other,,,,,,,,,,,,Yes,,,,,Yes,,Yes,,Yes,,138,Eglinton East,138,Eglinton East (138),D43,641854.840861279,4844374.58124932
218,3432931,909606,6/1/2006 4:00:00 AM,1203,MCCOWAN RD,EGLINTON AVE E,,Major Arterial,Scarborough,43.738845,-79.23839,At Intersection,Traffic Signal,Clear,Daylight,Dry,Non-Fatal Injury,Turning Movement,Driver,20 to 24,Major,,South,"Automobile, Station Wagon",Going Ahead,Driving Properly,Normal,,,,,,,,,Yes,,,,,Yes,,Yes,,Yes,,138,Eglinton East,138,Eglinton East (138),D43,641854.840861279,4844374.58124932
219,3432932,909606,6/1/2006 4:00:00 AM,1203,MCCOWAN RD,EGLINTON AVE E,,Major Arterial,Scarborough,43.738845,-79.23839,At Intersection,Traffic Signal,Clear,Daylight,Dry,Non-Fatal Injury,Turning Movement,Driver,25 to 29,None,,North,"Automobile, Station Wagon",Turning Left,Failed to Yield Right of Way,"Ability Impaired, Alcohol",,,,,,,,,Yes,,,,,Yes,,Yes,,Yes,,138,Eglinton East,138,Eglinton East (138),D43,641854.840861279,4844374.58124932
220,3603132,906553,6/5/2006 4:00:00 AM,110,WILLIAM R ALLEN RD N,RIDELLE AVE,,,North York,43.705545,-79.43839,,No Control,Clear,Dark,Dry,Non-Fatal Injury,SMV Other,Vehicle Owner,unknown,None,,,Other,,,,,,,,,,,,Yes,,,,,Yes,,,,Yes,,102,Forest Hill North,102,Forest Hill North (102),D13,625819.233703423,4840353.13601841
221,3603133,906553,6/5/2006 4:00:00 AM,110,WILLIAM R ALLEN RD N,RIDELLE AVE,,,North York,43.705545,-79.43839,,No Control,Clear,Dark,Dry,Non-Fatal Injury,SMV Other,Passenger,20 to 24,Minor,,,Other,,,,,,,,,,,,Yes,,,,,Yes,,,,Yes,,102,Forest Hill North,102,Forest Hill North (102),D13,625819.233703423,4840353.13601841
222,3603134,906553,6/5/2006 4:00:00 AM,110,WILLIAM R ALLEN RD N,RIDELLE AVE,,,North York,43.705545,-79.43839,,No Control,Clear,Dark,Dry,Non-Fatal Injury,SMV Other,Passenger,20 to 24,Major,,,Other,,,,,,,,,,,,Yes,,,,,Yes,,,,Yes,,102,Forest Hill North,102,Forest Hill North (102),D13,625819.233703423,4840353.13601841
223,3603135,906553,6/5/2006 4:00:00 AM,110,WILLIAM R ALLEN RD N,RIDELLE AVE,,,North York,43.705545,-79.43839,,No Control,Clear,Dark,Dry,Non-Fatal Injury,SMV Other,Passenger,20 to 24,Minor,,,Other,,,,,,,,,,,,Yes,,,,,Yes,,,,Yes,,102,Forest Hill North,102,Forest Hill North (102),D13,625819.233703423,4840353.13601841
224,3603136,906553,6/5/2006 4:00:00 AM,110,WILLIAM R ALLEN RD N,RIDELLE AVE,,,North York,43.705545,-79.43839,,No Control,Clear,Dark,Dry,Non-Fatal Injury,SMV Other,Passenger,20 to 24,Minor,,,Other,,,,,,,,,,,,Yes,,,,,Yes,,,,Yes,,102,Forest Hill North,102,Forest Hill North (102),D13,625819.233703423,4840353.13601841
225,3603137,906553,6/5/2006 4:00:00 AM,110,WILLIAM R ALLEN RD N,RIDELLE AVE,,,North York,43.705545,-79.43839,,No Control,Clear,Dark,Dry,Non-Fatal Injury,SMV Other,Passenger,20 to 24,Minor,,,Other,,,,,,,,,,,,Yes,,,,,Yes,,,,Yes,,102,Forest Hill North,102,Forest Hill North (102),D13,625819.233703423,4840353.13601841
226,3603138,906553,6/5/2006 4:00:00 AM,110,WILLIAM R ALLEN RD N,RIDELLE AVE,,,North York,43.705545,-79.43839,,No Control,Clear,Dark,Dry,Non-Fatal Injury,SMV Other,Driver,20 to 24,Minor,,North,"Automobile, Station Wagon",Going Ahead,Lost control,"Ability Impaired, Alcohol",,,,,,,,,Yes,,,,,Yes,,,,Yes,,102,Forest Hill North,102,Forest Hill North (102),D13,625819.233703423,4840353.13601841
227,3603139,906553,6/5/2006 4:00:00 AM,110,WILLIAM R ALLEN RD N,RIDELLE AVE,,,North York,43.705545,-79.43839,,No Control,Clear,Dark,Dry,Non-Fatal Injury,SMV Other,Other Property Owner,unknown,None,,,Other,,,,,,,,,,,,Yes,,,,,Yes,,,,Yes,,102,Forest Hill North,102,Forest Hill North (102),D13,625819.233703423,4840353.13601841
228,3532849,909380,6/7/2006 4:00:00 AM,831,2275 MARKHAM RD,FINCH Aven E,,Major Arterial,Scarborough,43.811245,-79.24289,,No Control,Clear,Daylight,Dry,Non-Fatal Injury,Approaching,Passenger,40 to 44,Minor,,,Other,,,,,,,,,,,,Yes,,Yes,,,Yes,,,,,Yes,129,Agincourt North,129,Agincourt North (129),D42,641321.811648024,4852408.04278994
229,3532850,909380,6/7/2006 4:00:00 AM,831,2275 MARKHAM RD,FINCH Aven E,,Major Arterial,Scarborough,43.811245,-79.24289,,No Control,Clear,Daylight,Dry,Non-Fatal Injury,Approaching,Vehicle Owner,unknown,None,,,Other,,,,,,,,,,,,Yes,,Yes,,,Yes,,,,,Yes,129,Agincourt North,129,Agincourt North (129),D42,641321.811648024,4852408.04278994
230,3532851,909380,6/7/2006 4:00:00 AM,831,2275 MARKHAM RD,FINCH Aven E,,Major Arterial,Scarborough,43.811245,-79.24289,,No Control,Clear,Daylight,Dry,Non-Fatal Injury,Approaching,Driver,55 to 59,Major,,North,"Automobile, Station Wagon",Going Ahead,Driving Properly,Normal,,,,,,,,,Yes,,Yes,,,Yes,,,,,Yes,129,Agincourt North,129,Agincourt North (129),D42,641321.811648024,4852408.04278994
231,3532852,909380,6/7/2006 4:00:00 AM,831,2275 MARKHAM RD,FINCH Aven E,,Major Arterial,Scarborough,43.811245,-79.24289,,No Control,Clear,Daylight,Dry,Non-Fatal Injury,Approaching,Truck Driver,40 to 44,Minor,,South,Truck - Open,Going Ahead,Lost control,Medical or Physical Disability,,,,,,,,,Yes,,Yes,,,Yes,,,,,Yes,129,Agincourt North,129,Agincourt North (129),D42,641321.811648024,4852408.04278994
232,3603158,907409,6/8/2006 4:00:00 AM,1543,LAKE SHORE BLVD W,PARK LAWN RD,,Major Arterial,Etobicoke York,43.622945,-79.48119,At Intersection,Traffic Signal,Clear,Daylight,Dry,Non-Fatal Injury,Turning Movement,Passenger,0 to 4,None,,,Other,,,,,,,,,,,,Yes,,,,,Yes,,,,,,161,Humber Bay Shores,17,Mimico (includes Humber Bay Shores) (17),D22,622538.738448966,4831115.25643298
233,3603159,907409,6/8/2006 4:00:00 AM,1543,LAKE SHORE BLVD W,PARK LAWN RD,,Major Arterial,Etobicoke York,43.622945,-79.48119,At Intersection,Traffic Signal,Clear,Daylight,Dry,Non-Fatal Injury,Turning Movement,Passenger,0 to 4,Major,,,Other,,,,,,,,,,,,Yes,,,,,Yes,,,,,,161,Humber Bay Shores,17,Mimico (includes Humber Bay Shores) (17),D22,622538.738448966,4831115.25643298
234,3603160,907409,6/8/2006 4:00:00 AM,1543,LAKE SHORE BLVD W,PARK LAWN RD,,Major Arterial,Etobicoke York,43.622945,-79.48119,At Intersection,Traffic Signal,Clear,Daylight,Dry,Non-Fatal Injury,Turning Movement,Driver,60 to 64,Minimal,,West,"Automobile, Station Wagon",Going Ahead,Driving Properly,Normal,,,,,,,,,Yes,,,,,Yes,,,,,,161,Humber Bay Shores,17,Mimico (includes Humber Bay Shores) (17),D22,622538.738448966,4831115.25643298
235,3603161,907409,6/8/2006 4:00:00 AM,1543,LAKE SHORE BLVD W,PARK LAWN RD,,Major Arterial,Etobicoke York,43.622945,-79.48119,At Intersection,Traffic Signal,Clear,Daylight,Dry,Non-Fatal Injury,Turning Movement,Driver,40 to 44,None,,East,"Automobile, Station Wagon",Turning Left,Improper Turn,Normal,,,,,,,,,Yes,,,,,Yes,,,,,,161,Humber Bay Shores,17,Mimico (includes Humber Bay Shores) (17),D22,622538.738448966,4831115.25643298
236,3427626,907646,6/10/2006 4:00:00 AM,934,MIDLAND AVE,ROMULUS DR,,Major Arterial,Scarborough,43.747045,-79.26339,,No Control,Clear,Daylight,Dry,Fatal,SMV Other,Passenger,85 to 89,Fatal,,,Other,,,,,,,,,,,,Yes,,,,,Yes,,Yes,,,,157,Bendale South,127,Bendale (127),D41,639822.583008116,4845242.81175386
237,3427627,907646,6/10/2006 4:00:00 AM,934,MIDLAND AVE,ROMULUS DR,,Major Arterial,Scarborough,43.747045,-79.26339,,No Control,Clear,Daylight,Dry,Fatal,SMV Other,Driver,75 to 79,Minor,,South,"Automobile, Station Wagon",Going Ahead,Lost control,Normal,,,,,,,,,Yes,,,,,Yes,,Yes,,,,157,Bendale South,127,Bendale (127),D41,639822.583008116,4845242.81175386
238,3447391,914977,6/13/2006 4:00:00 AM,858,LAKE SHORE BLVD W,JAMESON AVE,,Major Arterial,Toronto and East York,43.633345,-79.43459,At Intersection,Traffic Signal,Clear,Daylight,Dry,Non-Fatal Injury,Angle,Driver,40 to 44,Major,,West,"Automobile, Station Wagon",Going Ahead,Failed to Yield Right of Way,Normal,,,,,,,,,Yes,,,,,Yes,,Yes,,,,85,South Parkdale,85,South Parkdale (85),D14,626276.718666706,4832340.1384739
239,3447392,914977,6/13/2006 4:00:00 AM,858,LAKE SHORE BLVD W,JAMESON AVE,,Major Arterial,Toronto and East York,43.633345,-79.43459,At Intersection,Traffic Signal,Clear,Daylight,Dry,Non-Fatal Injury,Angle,Passenger,40 to 44,None,,,Other,,,,,,,,,,,,Yes,,,,,Yes,,Yes,,,,85,South Parkdale,85,South Parkdale (85),D14,626276.718666706,4832340.1384739
240,3447393,914977,6/13/2006 4:00:00 AM,858,LAKE SHORE BLVD W,JAMESON AVE,,Major Arterial,Toronto and East York,43.633345,-79.43459,At Intersection,Traffic Signal,Clear,Daylight,Dry,Non-Fatal Injury,Angle,Passenger,35 to 39,None,,,Other,,,,,,,,,,,,Yes,,,,,Yes,,Yes,,,,85,South Parkdale,85,South Parkdale (85),D14,626276.718666706,4832340.1384739
241,3447394,914977,6/13/2006 4:00:00 AM,858,LAKE SHORE BLVD W,JAMESON AVE,,Major Arterial,Toronto and East York,43.633345,-79.43459,At Intersection,Traffic Signal,Clear,Daylight,Dry,Non-Fatal Injury,Angle,Passenger,unknown,None,,,Other,,,,,,,,,,,,Yes,,,,,Yes,,Yes,,,,85,South Parkdale,85,South Parkdale (85),D14,626276.718666706,4832340.1384739
242,3447395,914977,6/13/2006 4:00:00 AM,858,LAKE SHORE BLVD W,JAMESON AVE,,Major Arterial,Toronto and East York,43.633345,-79.43459,At Intersection,Traffic Signal,Clear,Daylight,Dry,Non-Fatal Injury,Angle,Vehicle Owner,unknown,None,,,Other,,,,,,,,,,,,Yes,,,,,Yes,,Yes,,,,85,South Parkdale,85,South Parkdale (85),D14,626276.718666706,4832340.1384739
243,3447396,914977,6/13/2006 4:00:00 AM,858,LAKE SHORE BLVD W,JAMESON AVE,,Major Arterial,Toronto and East York,43.633345,-79.43459,At Intersection,Traffic Signal,Clear,Daylight,Dry,Non-Fatal Injury,Angle,Driver,40 to 44,None,,South,Other,Going Ahead,Driving Properly,Normal,,,,,,,,,Yes,,,,,Yes,,Yes,,,,85,South Parkdale,85,South Parkdale (85),D14,626276.718666706,4832340.1384739
244,3447455,915000,6/17/2006 4:00:00 AM,133,BATHURST ST,RICHMOND ST W,,Major Arterial,Toronto and East York,43.646445,-79.40379,At Intersection,Traffic Signal,Clear,Dark,Dry,Non-Fatal Injury,Turning Movement,Driver,20 to 24,None,,North,"Automobile, Station Wagon",Going Ahead,Disobeyed Traffic Control,Normal,,,,,,,,,Yes,,,,,Yes,,Yes,Yes,,,162,West Queen West,82,Niagara (82),D14,628733.303634896,4833842.3763561
245,3447456,915000,6/17/2006 4:00:00 AM,133,BATHURST ST,RICHMOND ST W,,Major Arterial,Toronto and East York,43.646445,-79.40379,At Intersection,Traffic Signal,Clear,Dark,Dry,Non-Fatal Injury,Turning Movement,Passenger,20 to 24,Major,,,Other,,,,,,,,,,,,Yes,,,,,Yes,,Yes,Yes,,,162,West Queen West,82,Niagara (82),D14,628733.303634896,4833842.3763561
246,3447457,915000,6/17/2006 4:00:00 AM,133,BATHURST ST,RICHMOND ST W,,Major Arterial,Toronto and East York,43.646445,-79.40379,At Intersection,Traffic Signal,Clear,Dark,Dry,Non-Fatal Injury,Turning Movement,Driver,25 to 29,None,,West,"Automobile, Station Wagon",Turning Left,Driving Properly,Unknown,,,,,,,,,Yes,,,,,Yes,,Yes,Yes,,,162,West Queen West,82,Niagara (82),D14,628733.303634896,4833842.3763561
247,3603207,909409,6/20/2006 4:00:00 AM,2055,BARTLEY DR,TISDALE AVE,,Collector,North York,43.722245,-79.30709,At Intersection,Stop Sign,Clear,Dark,Dry,Fatal,SMV Unattended Vehicle,Vehicle Owner,unknown,,,,Other,,,,,,,,,,,,Yes,Yes,,,,Yes,Yes,Yes,,,,43,Victoria Village,43,Victoria Village (43),D55,636360.331309302,4842415.56776904
248,3603208,909409,6/20/2006 4:00:00 AM,2055,BARTLEY DR,TISDALE AVE,,Collector,North York,43.722245,-79.30709,At Intersection,Stop Sign,Clear,Dark,Dry,Fatal,SMV Unattended Vehicle,Motorcycle Driver,30 to 34,Fatal,,West,Motorcycle,Going Ahead,Exceeding Speed Limit,Normal,,,,,,,,,Yes,Yes,,,,Yes,Yes,Yes,,,,43,Victoria Village,43,Victoria Village (43),D55,636360.331309302,4842415.56776904
249,3603209,909409,6/20/2006 4:00:00 AM,2055,BARTLEY DR,TISDALE AVE,,Collector,North York,43.722245,-79.30709,At Intersection,Stop Sign,Clear,Dark,Dry,Fatal,SMV Unattended Vehicle,Other,unknown,None,,East,Other,Parked,,,,,,,,,,,Yes,Yes,,,,Yes,Yes,Yes,,,,43,Victoria Village,43,Victoria Village (43),D55,636360.331309302,4842415.56776904
250,3603210,909409,6/20/2006 4:00:00 AM,2055,BARTLEY DR,TISDALE AVE,,Collector,North York,43.722245,-79.30709,At Intersection,Stop Sign,Clear,Dark,Dry,Fatal,SMV Unattended Vehicle,Passenger,20 to 24,None,,,Other,,,,,,,,,,,,Yes,Yes,,,,Yes,Yes,Yes,,,,43,Victoria Village,43,Victoria Village (43),D55,636360.331309302,4842415.56776904
251,3603211,909409,6/20/2006 4:00:00 AM,2055,BARTLEY DR,TISDALE AVE,,Collector,North York,43.722245,-79.30709,At Intersection,Stop Sign,Clear,Dark,Dry,Fatal,SMV Unattended Vehicle,Vehicle Owner,unknown,,,,Other,,,,,,,,,,,,Yes,Yes,,,,Yes,Yes,Yes,,,,43,Victoria Village,43,Victoria Village (43),D55,636360.331309302,4842415.56776904
252,3603212,909409,6/20/2006 4:00:00 AM,2055,BARTLEY DR,TISDALE AVE,,Collector,North York,43.722245,-79.30709,At Intersection,Stop Sign,Clear,Dark,Dry,Fatal,SMV Unattended Vehicle,Driver - Not Hit,unknown,None,,,"Automobile, Station Wagon",,,,,,,,,,,,Yes,Yes,,,,Yes,Yes,Yes,,,,43,Victoria Village,43,Victoria Village (43),D55,636360.331309302,4842415.56776904
253,3437381,911228,6/25/2006 4:00:00 AM,1729,LAKE SHORE BLVD E,CHERRY ST,,Major Arterial,Toronto and East York,43.648146,-79.354793,At Intersection,Traffic Signal,Clear,Daylight,Dry,Non-Fatal Injury,SMV Other,Motorcycle Passenger,40 to 44,Major,,,Other,,,,,,,,,,,,,Yes,,,,Yes,Yes,Yes,,,,166,St Lawrence-East Bayfront-The Islands,77,Waterfront Communities-The Island (77),D51,632681.17773545,4834108.46541628
254,3437382,911228,6/25/2006 4:00:00 AM,1729,LAKE SHORE BLVD E,CHERRY ST,,Major Arterial,Toronto and East York,43.648146,-79.354793,At Intersection,Traffic Signal,Clear,Daylight,Dry,Non-Fatal Injury,SMV Other,Motorcycle Driver,40 to 44,Major,,East,Motorcycle,Going Ahead,Speed too Fast For Condition,Unknown,,,,,,,,,,Yes,,,,Yes,Yes,Yes,,,,166,St Lawrence-East Bayfront-The Islands,77,Waterfront Communities-The Island (77),D51,632681.17773545,4834108.46541628
255,3442992,913296,6/25/2006 4:00:00 AM,2040,29 BLAIR ATHOL Cres,,,Local,Etobicoke York,43.667245,-79.54469,,No Control,Clear,Dusk,Dry,Non-Fatal Injury,Other,Driver,15 to 19,None,,East,"Automobile, Station Wagon",Going Ahead,Other,Normal,,,,,,,,,Yes,,,,,Yes,,,,,,10,Princess-Rosethorn,10,Princess-Rosethorn (10),D22,617329.195919029,4835943.57216316
256,3442993,913296,6/25/2006 4:00:00 AM,2040,29 BLAIR ATHOL Cres,,,Local,Etobicoke York,43.667245,-79.54469,,No Control,Clear,Dusk,Dry,Non-Fatal Injury,Other,Passenger,15 to 19,Major,,,Other,,,,,,,,,,,,Yes,,,,,Yes,,,,,,10,Princess-Rosethorn,10,Princess-Rosethorn (10),D22,617329.195919029,4835943.57216316