OBJECTID,INDEX,ACCNUM,DATE,TIME,STREET1,STREET2,OFFSET,ROAD_CLASS,DISTRICT,LATITUDE,LONGITUDE,ACCLOC,TRAFFCTL,VISIBILITY,LIGHT,RDSFCOND,ACCLASS,IMPACTYPE,INVTYPE,INVAGE,INJURY,FATAL_NO,INITDIR,VEHTYPE,MANOEUVER,DRIVACT,DRIVCOND,PEDTYPE,PEDACT,PEDCOND,CYCLISTYPE,CYCACT,CYCCOND,PEDESTRIAN,CYCLIST,AUTOMOBILE,MOTORCYCLE,TRUCK,TRSN_CITY_VEH,EMERG_VEH,PASSENGER,SPEEDING,AG_DRIV,REDLIGHT,ALCOHOL,DISABILITY,HOOD_158,NEIGHBOURHOOD_158,HOOD_140,NEIGHBOURHOOD_140,DIVISION,x,y
381,3459030,919330,8/18/2006 4:00:00 AM,2100,BELLAMY RD N,PROGRESS AVE,,Minor Arterial,Scarborough,43.780145,-79.24379,At Intersection,Traffic Signal,Clear,Dark,Dry,Fatal,Turning Movement,Driver,20 to 24,Minor,,North,"Automobile, Station Wagon",Turning Left,Improper Turn,Normal,,,,,,,,,Yes,,,,,Yes,,,,,,142,Woburn North,137,Woburn (137),D43,641322.723406073,4848952.35121617
382,3618251,947697,8/20/2006 4:00:00 AM,209,DUFFERIN ST,GERRY FITZGERALD DR W,,Major Arterial,North York,43.783845,-79.47009,At Intersection,No Control,Clear,Dark,Dry,Non-Fatal Injury,SMV Other,Vehicle Owner,unknown,None,,,Other,,,,,,,,,,,,Yes,,,,,Yes,Yes,Yes,,,,34,Bathurst Manor,34,Bathurst Manor (34),D32,623104.536961728,4849001.8715695
383,3618252,947697,8/20/2006 4:00:00 AM,209,DUFFERIN ST,GERRY FITZGERALD DR W,,Major Arterial,North York,43.783845,-79.47009,At Intersection,No Control,Clear,Dark,Dry,Non-Fatal Injury,SMV Other,Passenger,20 to 24,Major,,,Other,,,,,,,,,,,,Yes,,,,,Yes,Yes,Yes,,,,34,Bathurst Manor,34,Bathurst Manor (34),D32,623104.536961728,4849001.8715695
384,3618253,947697,8/20/2006 4:00:00 AM,209,DUFFERIN ST,GERRY FITZGERALD DR W,,Major Arterial,North York,43.783845,-79.47009,At Intersection,No Control,Clear,Dark,Dry,Non-Fatal Injury,SMV Other,Driver,25 to 29,Major,,North,"Automobile, Station Wagon",Going Ahead,Exceeding Speed Limit,Unknown,,,,,,,,,Yes,,,,,Yes,Yes,Yes,,,,34,Bathurst Manor,34,Bathurst Manor (34),D32,623104.536961728,4849001.8715695
385,3618254,947697,8/20/2006 4:00:00 AM,209,DUFFERIN ST,GERRY FITZGERALD DR W,,Major Arterial,North York,43.783845,-79.47009,At Intersection,No Control,Clear,Dark,Dry,Non-Fatal Injury,SMV Other,Other Property Owner,unknown,None,,,Other,,,,,,,,,,,,Yes,,,,,Yes,Yes,Yes,,,,34,Bathurst Manor,34,Bathurst Manor (34),D32,623104.536961728,4849001.8715695
386,3618255,947697,8/20/2006 4:00:00 AM,209,DUFFERIN ST,GERRY FITZGERALD DR W,,Major Arterial,North York,43.783845,-79.47009,At Intersection,No Control,Clear,Dark,Dry,Non-Fatal Injury,SMV Other,Other Property Owner,unknown,None,,,Other,,,,,,,,,,,,Yes,,,,,Yes,Yes,Yes,,,,34,Bathurst Manor,34,Bathurst Manor (34),D32,623104.536961728,4849001.8715695
387,3495902,932873,8/20/2006 4:00:00 AM,1543,COLLEGE ST,CLINTON ST,,Major Arterial,Toronto and East York,43.655345,-79.41299,At Intersection,No Control,Clear,Daylight,Dry,Non-Fatal Injury,Cyclist Collisions,Passenger,35 to 39,Major,,,Other,,,,,,,,,,,Yes,Yes,,,,,Yes,,,,,,81,Trinity-Bellwoods,81,Trinity-Bellwoods (81),D14,627972.418542146,4834816.60766256
388,3495903,932873,8/20/2006 4:00:00 AM,1543,COLLEGE ST,CLINTON ST,,Major Arterial,Toronto and East York,43.655345,-79.41299,At Intersection,No Control,Clear,Daylight,Dry,Non-Fatal Injury,Cyclist Collisions,Driver,40 to 44,None,,West,"Automobile, Station Wagon",Parked,Other,Normal,,,,,,,,Yes,Yes,,,,,Yes,,,,,,81,Trinity-Bellwoods,81,Trinity-Bellwoods (81),D14,627972.418542146,4834816.60766256
389,3495904,932873,8/20/2006 4:00:00 AM,1543,COLLEGE ST,CLINTON ST,,Major Arterial,Toronto and East York,43.655345,-79.41299,At Intersection,No Control,Clear,Daylight,Dry,Non-Fatal Injury,Cyclist Collisions,Cyclist,20 to 24,Minimal,,West,Bicycle,Going Ahead,,,,,,Cyclist struck opened vehicle door,Driving Properly,Normal,,Yes,Yes,,,,,Yes,,,,,,81,Trinity-Bellwoods,81,Trinity-Bellwoods (81),D14,627972.418542146,4834816.60766256
390,3459527,919520,8/21/2006 4:00:00 AM,1142,MCCOWAN RD,SHEPPARD AVE E,,Major Arterial,Scarborough,43.789645,-79.25879,At Intersection,Traffic Signal,Clear,Daylight,Dry,Non-Fatal Injury,Pedestrian Collisions,Passenger,40 to 44,None,,,Other,,,,,,,,,,Yes,,Yes,,,,,Yes,,Yes,,,,128,Agincourt South-Malvern West,128,Agincourt South-Malvern West (128),D42,640093.46083111,4849981.97896815
391,3459528,919520,8/21/2006 4:00:00 AM,1142,MCCOWAN RD,SHEPPARD AVE E,,Major Arterial,Scarborough,43.789645,-79.25879,At Intersection,Traffic Signal,Clear,Daylight,Dry,Non-Fatal Injury,Pedestrian Collisions,Driver,75 to 79,None,,West,"Automobile, Station Wagon",Turning Right,Failed to Yield Right of Way,Normal,,,,,,,Yes,,Yes,,,,,Yes,,Yes,,,,128,Agincourt South-Malvern West,128,Agincourt South-Malvern West (128),D42,640093.46083111,4849981.97896815
392,3459529,919520,8/21/2006 4:00:00 AM,1142,MCCOWAN RD,SHEPPARD AVE E,,Major Arterial,Scarborough,43.789645,-79.25879,At Intersection,Traffic Signal,Clear,Daylight,Dry,Non-Fatal Injury,Pedestrian Collisions,Pedestrian,65 to 69,Major,,West,Other,,,,Vehicle turns right while ped crosses with ROW at inter.,Crossing with right of way,Normal,,,,Yes,,Yes,,,,,Yes,,Yes,,,,128,Agincourt South-Malvern West,128,Agincourt South-Malvern West (128),D42,640093.46083111,4849981.97896815
393,3474493,924979,8/22/2006 4:00:00 AM,1045,QUEEN ST W,JAMESON AVE,,Major Arterial,Toronto and East York,43.640445,-79.43729,At Intersection,Stop Sign,Clear,Daylight,Dry,Non-Fatal Injury,Pedestrian Collisions,Passenger,10 to 14,None,,,Other,,,,,,,,,,Yes,,Yes,,,,,Yes,,,,,,85,South Parkdale,86,Roncesvalles (86),D14,626044.070539667,4833124.58012223
394,3474494,924979,8/22/2006 4:00:00 AM,1045,QUEEN ST W,JAMESON AVE,,Major Arterial,Toronto and East York,43.640445,-79.43729,At Intersection,Stop Sign,Clear,Daylight,Dry,Non-Fatal Injury,Pedestrian Collisions,Passenger,10 to 14,None,,,Other,,,,,,,,,,Yes,,Yes,,,,,Yes,,,,,,85,South Parkdale,86,Roncesvalles (86),D14,626044.070539667,4833124.58012223
395,3474495,924979,8/22/2006 4:00:00 AM,1045,QUEEN ST W,JAMESON AVE,,Major Arterial,Toronto and East York,43.640445,-79.43729,At Intersection,Stop Sign,Clear,Daylight,Dry,Non-Fatal Injury,Pedestrian Collisions,Passenger,5 to 9,None,,,Other,,,,,,,,,,Yes,,Yes,,,,,Yes,,,,,,85,South Parkdale,86,Roncesvalles (86),D14,626044.070539667,4833124.58012223
396,3474496,924979,8/22/2006 4:00:00 AM,1045,QUEEN ST W,JAMESON AVE,,Major Arterial,Toronto and East York,43.640445,-79.43729,At Intersection,Stop Sign,Clear,Daylight,Dry,Non-Fatal Injury,Pedestrian Collisions,Driver,60 to 64,None,,North,"Automobile, Station Wagon",Turning Right,Driving Properly,Normal,,,,,,,Yes,,Yes,,,,,Yes,,,,,,85,South Parkdale,86,Roncesvalles (86),D14,626044.070539667,4833124.58012223
397,3474497,924979,8/22/2006 4:00:00 AM,1045,QUEEN ST W,JAMESON AVE,,Major Arterial,Toronto and East York,43.640445,-79.43729,At Intersection,Stop Sign,Clear,Daylight,Dry,Non-Fatal Injury,Pedestrian Collisions,Passenger,5 to 9,None,,,Other,,,,,,,,,,Yes,,Yes,,,,,Yes,,,,,,85,South Parkdale,86,Roncesvalles (86),D14,626044.070539667,4833124.58012223
398,3474498,924979,8/22/2006 4:00:00 AM,1045,QUEEN ST W,JAMESON AVE,,Major Arterial,Toronto and East York,43.640445,-79.43729,At Intersection,Stop Sign,Clear,Daylight,Dry,Non-Fatal Injury,Pedestrian Collisions,Pedestrian,65 to 69,Major,,West,Other,,,,Vehicle turns right while ped crosses without ROW at inter.,"Crossing, no Traffic Control",Inattentive,,,,Yes,,Yes,,,,,Yes,,,,,,85,South Parkdale,86,Roncesvalles (86),D14,626044.070539667,4833124.58012223
399,3459970,919684,8/22/2006 4:00:00 AM,2046,EGLINTON AVE E,BELLAMY RD N,,Major Arterial,Scarborough,43.740245,-79.23209,At Intersection,Traffic Signal,Clear,Dark,Dry,Non-Fatal Injury,Pedestrian Collisions,Vehicle Owner,unknown,None,,,Other,,,,,,,,,,Yes,,Yes,,,,,Yes,,Yes,,,,138,Eglinton East,138,Eglinton East (138),D43,642358.840706395,4844540.87909327
400,3459971,919684,8/22/2006 4:00:00 AM,2046,EGLINTON AVE E,BELLAMY RD N,,Major Arterial,Scarborough,43.740245,-79.23209,At Intersection,Traffic Signal,Clear,Dark,Dry,Non-Fatal Injury,Pedestrian Collisions,Driver,45 to 49,None,,West,"Automobile, Station Wagon",Turning Left,Improper Turn,Normal,,,,,,,Yes,,Yes,,,,,Yes,,Yes,,,,138,Eglinton East,138,Eglinton East (138),D43,642358.840706395,4844540.87909327
401,3459972,919684,8/22/2006 4:00:00 AM,2046,EGLINTON AVE E,BELLAMY RD N,,Major Arterial,Scarborough,43.740245,-79.23209,At Intersection,Traffic Signal,Clear,Dark,Dry,Non-Fatal Injury,Pedestrian Collisions,Passenger,40 to 44,Minimal,,,Other,,,,,,,,,,Yes,,Yes,,,,,Yes,,Yes,,,,138,Eglinton East,138,Eglinton East (138),D43,642358.840706395,4844540.87909327
402,3459973,919684,8/22/2006 4:00:00 AM,2046,EGLINTON AVE E,BELLAMY RD N,,Major Arterial,Scarborough,43.740245,-79.23209,At Intersection,Traffic Signal,Clear,Dark,Dry,Non-Fatal Injury,Pedestrian Collisions,Driver,40 to 44,Minimal,,North,"Automobile, Station Wagon",Stopped,Driving Properly,Normal,,,,,,,Yes,,Yes,,,,,Yes,,Yes,,,,138,Eglinton East,138,Eglinton East (138),D43,642358.840706395,4844540.87909327
403,3459974,919684,8/22/2006 4:00:00 AM,2046,EGLINTON AVE E,BELLAMY RD N,,Major Arterial,Scarborough,43.740245,-79.23209,At Intersection,Traffic Signal,Clear,Dark,Dry,Non-Fatal Injury,Pedestrian Collisions,Vehicle Owner,unknown,None,,,Other,,,,,,,,,,Yes,,Yes,,,,,Yes,,Yes,,,,138,Eglinton East,138,Eglinton East (138),D43,642358.840706395,4844540.87909327
404,3459975,919684,8/22/2006 4:00:00 AM,2046,EGLINTON AVE E,BELLAMY RD N,,Major Arterial,Scarborough,43.740245,-79.23209,At Intersection,Traffic Signal,Clear,Dark,Dry,Non-Fatal Injury,Pedestrian Collisions,Driver,20 to 24,Minor,,East,"Automobile, Station Wagon",Going Ahead,Driving Properly,Normal,,,,,,,Yes,,Yes,,,,,Yes,,Yes,,,,138,Eglinton East,138,Eglinton East (138),D43,642358.840706395,4844540.87909327
405,3459976,919684,8/22/2006 4:00:00 AM,2046,EGLINTON AVE E,BELLAMY RD N,,Major Arterial,Scarborough,43.740245,-79.23209,At Intersection,Traffic Signal,Clear,Dark,Dry,Non-Fatal Injury,Pedestrian Collisions,Vehicle Owner,unknown,None,,,Other,,,,,,,,,,Yes,,Yes,,,,,Yes,,Yes,,,,138,Eglinton East,138,Eglinton East (138),D43,642358.840706395,4844540.87909327
406,3459977,919684,8/22/2006 4:00:00 AM,2046,EGLINTON AVE E,BELLAMY RD N,,Major Arterial,Scarborough,43.740245,-79.23209,At Intersection,Traffic Signal,Clear,Dark,Dry,Non-Fatal Injury,Pedestrian Collisions,Driver,35 to 39,None,,East,"Automobile, Station Wagon",Going Ahead,Driving Properly,Normal,,,,,,,Yes,,Yes,,,,,Yes,,Yes,,,,138,Eglinton East,138,Eglinton East (138),D43,642358.840706395,4844540.87909327
407,3459978,919684,8/22/2006 4:00:00 AM,2046,EGLINTON AVE E,BELLAMY RD N,,Major Arterial,Scarborough,43.740245,-79.23209,At Intersection,Traffic Signal,Clear,Dark,Dry,Non-Fatal Injury,Pedestrian Collisions,Pedestrian,70 to 74,Major,,,Other,,,,Pedestrian hit on sidewalk or shoulder,On Sidewalk or Shoulder,Normal,,,,Yes,,Yes,,,,,Yes,,Yes,,,,138,Eglinton East,138,Eglinton East (138),D43,642358.840706395,4844540.87909327
408,3461591,920271,8/23/2006 4:00:00 AM,954,F G GARDINER XY W  W,GARDINER LAKESHORE W RAMP,,,Toronto and East York,43.633245,-79.42779,,No Control,Clear,Daylight,Dry,Non-Fatal Injury,SMV Other,Driver,unknown,None,,West,"Automobile, Station Wagon",Changing Lanes,Failed to Yield Right of Way,Unknown,,,,,,,,,Yes,,,,,Yes,,Yes,,,,163,Fort York-Liberty Village,82,Niagara (82),D14,626825.469165755,4832339.39888144
409,3461592,920271,8/23/2006 4:00:00 AM,954,F G GARDINER XY W  W,GARDINER LAKESHORE W RAMP,,,Toronto and East York,43.633245,-79.42779,,No Control,Clear,Daylight,Dry,Non-Fatal Injury,SMV Other,Passenger,40 to 44,Major,,,Other,,,,,,,,,,,,Yes,,,,,Yes,,Yes,,,,163,Fort York-Liberty Village,82,Niagara (82),D14,626825.469165755,4832339.39888144
410,3461593,920271,8/23/2006 4:00:00 AM,954,F G GARDINER XY W  W,GARDINER LAKESHORE W RAMP,,,Toronto and East York,43.633245,-79.42779,,No Control,Clear,Daylight,Dry,Non-Fatal Injury,SMV Other,Vehicle Owner,unknown,None,,,Other,,,,,,,,,,,,Yes,,,,,Yes,,Yes,,,,163,Fort York-Liberty Village,82,Niagara (82),D14,626825.469165755,4832339.39888144
411,3461594,920271,8/23/2006 4:00:00 AM,954,F G GARDINER XY W  W,GARDINER LAKESHORE W RAMP,,,Toronto and East York,43.633245,-79.42779,,No Control,Clear,Daylight,Dry,Non-Fatal Injury,SMV Other,Driver,50 to 54,Minimal,,West,"Automobile, Station Wagon",Going Ahead,Driving Properly,Normal,,,,,,,,,Yes,,,,,Yes,,Yes,,,,163,Fort York-Liberty Village,82,Niagara (82),D14,626825.469165755,4832339.39888144
412,3466048,921907,9/2/2006 4:00:00 AM,315,CHURCH ST,COLBORNE ST,,Minor Arterial,Toronto and East York,43.649245,-79.37409,At Intersection,Stop Sign,Clear,Dark,Dry,Non-Fatal Injury,SMV Other,Passenger,unknown,Minimal,,,Other,,,,,,,,,,,,Yes,,,,,Yes,Yes,Yes,,,,168,Downtown Yonge East,75,Church-Yonge Corridor (75),D51,631122.522230058,4834199.85210829
413,3466049,921907,9/2/2006 4:00:00 AM,315,CHURCH ST,COLBORNE ST,,Minor Arterial,Toronto and East York,43.649245,-79.37409,At Intersection,Stop Sign,Clear,Dark,Dry,Non-Fatal Injury,SMV Other,Passenger,unknown,Minimal,,,Other,,,,,,,,,,,,Yes,,,,,Yes,Yes,Yes,,,,168,Downtown Yonge East,75,Church-Yonge Corridor (75),D51,631122.522230058,4834199.85210829
414,3466050,921907,9/2/2006 4:00:00 AM,315,CHURCH ST,COLBORNE ST,,Minor Arterial,Toronto and East York,43.649245,-79.37409,At Intersection,Stop Sign,Clear,Dark,Dry,Non-Fatal Injury,SMV Other,Vehicle Owner,unknown,None,,,Other,,,,,,,,,,,,Yes,,,,,Yes,Yes,Yes,,,,168,Downtown Yonge East,75,Church-Yonge Corridor (75),D51,631122.522230058,4834199.85210829
415,3466051,921907,9/2/2006 4:00:00 AM,315,CHURCH ST,COLBORNE ST,,Minor Arterial,Toronto and East York,43.649245,-79.37409,At Intersection,Stop Sign,Clear,Dark,Dry,Non-Fatal Injury,SMV Other,Driver,30 to 34,Major,,East,"Automobile, Station Wagon",Going Ahead,Exceeding Speed Limit,Had Been Drinking,,,,,,,,,Yes,,,,,Yes,Yes,Yes,,,,168,Downtown Yonge East,75,Church-Yonge Corridor (75),D51,631122.522230058,4834199.85210829
416,3481362,927513,9/4/2006 4:00:00 AM,1210,70 HUMBERLINE DR,,,Collector,Etobicoke York,43.731845,-79.61649,,No Control,Clear,Daylight,Dry,Non-Fatal Injury,Pedestrian Collisions,Passenger,10 to 14,Major,,,Other,,,,,,,,,,Yes,,Yes,,,,,Yes,,,,,,1,West Humber-Clairville,1,West Humber-Clairville (1),D23,611420.820588626,4843019.23361989
417,3481363,927513,9/4/2006 4:00:00 AM,1210,70 HUMBERLINE DR,,,Collector,Etobicoke York,43.731845,-79.61649,,No Control,Clear,Daylight,Dry,Non-Fatal Injury,Pedestrian Collisions,Driver,15 to 19,None,,East,"Automobile, Station Wagon",Going Ahead,Driving Properly,Normal,,,,,,,Yes,,Yes,,,,,Yes,,,,,,1,West Humber-Clairville,1,West Humber-Clairville (1),D23,611420.820588626,4843019.23361989
418,3481364,927513,9/4/2006 4:00:00 AM,1210,70 HUMBERLINE DR,,,Collector,Etobicoke York,43.731845,-79.61649,,No Control,Clear,Daylight,Dry,Non-Fatal Injury,Pedestrian Collisions,Pedestrian,15 to 19,Major,,North,Other,,,,Pedestrian hit at mid-block,Running onto Roadway,Inattentive,,,,Yes,,Yes,,,,,Yes,,,,,,1,West Humber-Clairville,1,West Humber-Clairville (1),D23,611420.820588626,4843019.23361989
419,3481365,927513,9/4/2006 4:00:00 AM,1210,70 HUMBERLINE DR,,,Collector,Etobicoke York,43.731845,-79.61649,,No Control,Clear,Daylight,Dry,Non-Fatal Injury,Pedestrian Collisions,Pedestrian,15 to 19,Major,,North,Other,,,,Pedestrian hit at mid-block,Running onto Roadway,Inattentive,,,,Yes,,Yes,,,,,Yes,,,,,,1,West Humber-Clairville,1,West Humber-Clairville (1),D23,611420.820588626,4843019.23361989
420,3467336,922379,9/5/2006 4:00:00 AM,1115,ST CLAIR AVE W,LANSDOWNE AVE,,Major Arterial,Toronto and East York,43.676345,-79.45059,At Intersection,Traffic Signal,Clear,Daylight,Dry,Non-Fatal Injury,Approaching,Passenger,30 to 34,Major,,,Other,,,,,,,,,,,,Yes,,,,,Yes,,Yes,,,,92,Corso Italia-Davenport,92,Corso Italia-Davenport (92),D13,624896.863338967,4837091.63336546
421,3467337,922379,9/5/2006 4:00:00 AM,1115,ST CLAIR AVE W,LANSDOWNE AVE,,Major Arterial,Toronto and East York,43.676345,-79.45059,At Intersection,Traffic Signal,Clear,Daylight,Dry,Non-Fatal Injury,Approaching,Driver,50 to 54,Minor,,West,"Automobile, Station Wagon",Going Ahead,Driving Properly,Normal,,,,,,,,,Yes,,,,,Yes,,Yes,,,,92,Corso Italia-Davenport,92,Corso Italia-Davenport (92),D13,624896.863338967,4837091.63336546
422,3467338,922379,9/5/2006 4:00:00 AM,1115,ST CLAIR AVE W,LANSDOWNE AVE,,Major Arterial,Toronto and East York,43.676345,-79.45059,At Intersection,Traffic Signal,Clear,Daylight,Dry,Non-Fatal Injury,Approaching,Driver,unknown,None,,East,"Automobile, Station Wagon",Going Ahead,Lost control,Unknown,,,,,,,,,Yes,,,,,Yes,,Yes,,,,92,Corso Italia-Davenport,92,Corso Italia-Davenport (92),D13,624896.863338967,4837091.63336546
423,3467339,922379,9/5/2006 4:00:00 AM,1115,ST CLAIR AVE W,LANSDOWNE AVE,,Major Arterial,Toronto and East York,43.676345,-79.45059,At Intersection,Traffic Signal,Clear,Daylight,Dry,Non-Fatal Injury,Approaching,Vehicle Owner,unknown,None,,,Other,,,,,,,,,,,,Yes,,,,,Yes,,Yes,,,,92,Corso Italia-Davenport,92,Corso Italia-Davenport (92),D13,624896.863338967,4837091.63336546
424,3467340,922379,9/5/2006 4:00:00 AM,1115,ST CLAIR AVE W,LANSDOWNE AVE,,Major Arterial,Toronto and East York,43.676345,-79.45059,At Intersection,Traffic Signal,Clear,Daylight,Dry,Non-Fatal Injury,Approaching,Driver,40 to 44,None,,West,"Automobile, Station Wagon",Going Ahead,Driving Properly,Normal,,,,,,,,,Yes,,,,,Yes,,Yes,,,,92,Corso Italia-Davenport,92,Corso Italia-Davenport (92),D13,624896.863338967,4837091.63336546
425,3603599,922913,9/8/2006 4:00:00 AM,1025,NEILSON RD,ELLESMERE RD,,Major Arterial,Scarborough,43.782545,-79.20499,At Intersection,Traffic Signal,Clear,Daylight,Dry,Non-Fatal Injury,Pedestrian Collisions,Passenger,35 to 39,Minimal,,,Other,,,,,,,,,,Yes,,,,,Yes,,Yes,,,,,,135,Morningside,135,Morningside (135),D43,644439.228457777,4849285.87871347
426,3603600,922913,9/8/2006 4:00:00 AM,1025,NEILSON RD,ELLESMERE RD,,Major Arterial,Scarborough,43.782545,-79.20499,At Intersection,Traffic Signal,Clear,Daylight,Dry,Non-Fatal Injury,Pedestrian Collisions,Vehicle Owner,unknown,,,,Other,,,,,,,,,,Yes,,,,,Yes,,Yes,,,,,,135,Morningside,135,Morningside (135),D43,644439.228457777,4849285.87871347
427,3603601,922913,9/8/2006 4:00:00 AM,1025,NEILSON RD,ELLESMERE RD,,Major Arterial,Scarborough,43.782545,-79.20499,At Intersection,Traffic Signal,Clear,Daylight,Dry,Non-Fatal Injury,Pedestrian Collisions,Driver,45 to 49,None,,North,Municipal Transit Bus (TTC),Turning Left,Other,Normal,,,,,,,Yes,,,,,Yes,,Yes,,,,,,135,Morningside,135,Morningside (135),D43,644439.228457777,4849285.87871347
428,3603602,922913,9/8/2006 4:00:00 AM,1025,NEILSON RD,ELLESMERE RD,,Major Arterial,Scarborough,43.782545,-79.20499,At Intersection,Traffic Signal,Clear,Daylight,Dry,Non-Fatal Injury,Pedestrian Collisions,Pedestrian,75 to 79,Major,,South,Other,,,,Pedestrian involved in a collision with transit vehicle anywhere along roadway,Crossing without right of way,Normal,,,,Yes,,,,,Yes,,Yes,,,,,,135,Morningside,135,Morningside (135),D43,644439.228457777,4849285.87871347
429,3533121,922947,9/9/2006 4:00:00 AM,19,DANFORTH AVE,GILLARD AVE,,Major Arterial,Toronto and East York,43.682345,-79.32829,At Intersection,No Control,Rain,Dark,Wet,Non-Fatal Injury,Pedestrian Collisions,Passenger,20 to 24,None,,,Other,,,,,,,,,,Yes,,Yes,,,,,Yes,,,,,,65,Greenwood-Coxwell,65,Greenwood-Coxwell (65),D55,634742.054769458,4837949.44232801
430,3533122,922947,9/9/2006 4:00:00 AM,19,DANFORTH AVE,GILLARD AVE,,Major Arterial,Toronto and East York,43.682345,-79.32829,At Intersection,No Control,Rain,Dark,Wet,Non-Fatal Injury,Pedestrian Collisions,Passenger,20 to 24,None,,,Other,,,,,,,,,,Yes,,Yes,,,,,Yes,,,,,,65,Greenwood-Coxwell,65,Greenwood-Coxwell (65),D55,634742.054769458,4837949.44232801
431,3533123,922947,9/9/2006 4:00:00 AM,19,DANFORTH AVE,GILLARD AVE,,Major Arterial,Toronto and East York,43.682345,-79.32829,At Intersection,No Control,Rain,Dark,Wet,Non-Fatal Injury,Pedestrian Collisions,Passenger,20 to 24,None,,,Other,,,,,,,,,,Yes,,Yes,,,,,Yes,,,,,,65,Greenwood-Coxwell,65,Greenwood-Coxwell (65),D55,634742.054769458,4837949.44232801
432,3533124,922947,9/9/2006 4:00:00 AM,19,DANFORTH AVE,GILLARD AVE,,Major Arterial,Toronto and East York,43.682345,-79.32829,At Intersection,No Control,Rain,Dark,Wet,Non-Fatal Injury,Pedestrian Collisions,Driver,20 to 24,None,,West,"Automobile, Station Wagon",Going Ahead,Driving Properly,Normal,,,,,,,Yes,,Yes,,,,,Yes,,,,,,65,Greenwood-Coxwell,65,Greenwood-Coxwell (65),D55,634742.054769458,4837949.44232801
433,3533125,922947,9/9/2006 4:00:00 AM,19,DANFORTH AVE,GILLARD AVE,,Major Arterial,Toronto and East York,43.682345,-79.32829,At Intersection,No Control,Rain,Dark,Wet,Non-Fatal Injury,Pedestrian Collisions,Pedestrian,50 to 54,Major,,South,Other,,,,Vehicle is going straight thru inter.while ped cross without ROW,"Crossing, no Traffic Control",Unknown,,,,Yes,,Yes,,,,,Yes,,,,,,65,Greenwood-Coxwell,65,Greenwood-Coxwell (65),D55,634742.054769458,4837949.44232801
434,3468888,922948,9/9/2006 4:00:00 AM,308,MORNINGSIDE AVE,SHEPPARD AVE E,,Major Arterial,Scarborough,43.801945,-79.19979,,Traffic Signal,Clear,Dark,Wet,Fatal,Angle,Vehicle Owner,unknown,,,,Other,,,,,,,,,,,,Yes,,Yes,,,Yes,,Yes,Yes,,,146,Malvern East,132,Malvern (132),D42,644810.796081712,4851449.64804357
435,3468889,922948,9/9/2006 4:00:00 AM,308,MORNINGSIDE AVE,SHEPPARD AVE E,,Major Arterial,Scarborough,43.801945,-79.19979,,Traffic Signal,Clear,Dark,Wet,Fatal,Angle,Passenger,25 to 29,None,,,Other,,,,,,,,,,,,Yes,,Yes,,,Yes,,Yes,Yes,,,146,Malvern East,132,Malvern (132),D42,644810.796081712,4851449.64804357
436,3468890,922948,9/9/2006 4:00:00 AM,308,MORNINGSIDE AVE,SHEPPARD AVE E,,Major Arterial,Scarborough,43.801945,-79.19979,,Traffic Signal,Clear,Dark,Wet,Fatal,Angle,Truck Driver,55 to 59,None,,North,Truck - Open,Going Ahead,Driving Properly,Unknown,,,,,,,,,Yes,,Yes,,,Yes,,Yes,Yes,,,146,Malvern East,132,Malvern (132),D42,644810.796081712,4851449.64804357
437,3468891,922948,9/9/2006 4:00:00 AM,308,MORNINGSIDE AVE,SHEPPARD AVE E,,Major Arterial,Scarborough,43.801945,-79.19979,,Traffic Signal,Clear,Dark,Wet,Fatal,Angle,Passenger,25 to 29,Fatal,,,Other,,,,,,,,,,,,Yes,,Yes,,,Yes,,Yes,Yes,,,146,Malvern East,132,Malvern (132),D42,644810.796081712,4851449.64804357
438,3468892,922948,9/9/2006 4:00:00 AM,308,MORNINGSIDE AVE,SHEPPARD AVE E,,Major Arterial,Scarborough,43.801945,-79.19979,,Traffic Signal,Clear,Dark,Wet,Fatal,Angle,Driver,25 to 29,Major,,East,"Automobile, Station Wagon",Going Ahead,Disobeyed Traffic Control,Unknown,,,,,,,,,Yes,,Yes,,,Yes,,Yes,Yes,,,146,Malvern East,132,Malvern (132),D42,644810.796081712,4851449.64804357
439,3603832,928049,9/9/2006 4:00:00 AM,2017,1132 LESLIE ST,,,Major Arterial,North York,43.718645,-79.35039,,Stop Sign,Clear,Dark,Dry,Non-Fatal Injury,Turning Movement,Vehicle Owner,unknown,,,,Other,,,,,,,,,,,,Yes,,,,,Yes,,Yes,,,,42,Banbury-Don Mills,42,Banbury-Don Mills (42),D33,632880.528595922,4841945.4006602
440,3603833,928049,9/9/2006 4:00:00 AM,2017,1132 LESLIE ST,,,Major Arterial,North York,43.718645,-79.35039,,Stop Sign,Clear,Dark,Dry,Non-Fatal Injury,Turning Movement,Driver,50 to 54,Major,,South,"Automobile, Station Wagon",Going Ahead,Driving Properly,Normal,,,,,,,,,Yes,,,,,Yes,,Yes,,,,42,Banbury-Don Mills,42,Banbury-Don Mills (42),D33,632880.528595922,4841945.4006602
441,3603834,928049,9/9/2006 4:00:00 AM,2017,1132 LESLIE ST,,,Major Arterial,North York,43.718645,-79.35039,,Stop Sign,Clear,Dark,Dry,Non-Fatal Injury,Turning Movement,Passenger,0 to 4,Minor,,,Other,,,,,,,,,,,,Yes,,,,,Yes,,Yes,,,,42,Banbury-Don Mills,42,Banbury-Don Mills (42),D33,632880.528595922,4841945.4006602