OBJECTID,INDEX,ACCNUM,DATE,TIME,STREET1,STREET2,OFFSET,ROAD_CLASS,DISTRICT,LATITUDE,LONGITUDE,ACCLOC,TRAFFCTL,VISIBILITY,LIGHT,RDSFCOND,ACCLASS,IMPACTYPE,INVTYPE,INVAGE,INJURY,FATAL_NO,INITDIR,VEHTYPE,MANOEUVER,DRIVACT,DRIVCOND,PEDTYPE,PEDACT,PEDCOND,CYCLISTYPE,CYCACT,CYCCOND,PEDESTRIAN,CYCLIST,AUTOMOBILE,MOTORCYCLE,TRUCK,TRSN_CITY_VEH,EMERG_VEH,PASSENGER,SPEEDING,AG_DRIV,REDLIGHT,ALCOHOL,DISABILITY,HOOD_158,NEIGHBOURHOOD_158,HOOD_140,NEIGHBOURHOOD_140,DIVISION,x,y
569,3521273,942452,12/17/2006 5:00:00 AM,1922,LAKE SHORE BLVD E,LOWER JARVIS ST,,Major Arterial,Toronto and East York,43.645645,-79.36989,At Intersection,Traffic Signal,Clear,Dark,Dry,Non-Fatal Injury,Pedestrian Collisions,Passenger,25 to 29,None,,,Other,,,,,,,,,,Yes,,Yes,,,,,Yes,,,,,,166,St Lawrence-East Bayfront-The Islands,77,Waterfront Communities-The Island (77),D51,631469.091142988,4833806.66985281
570,3521274,942452,12/17/2006 5:00:00 AM,1922,LAKE SHORE BLVD E,LOWER JARVIS ST,,Major Arterial,Toronto and East York,43.645645,-79.36989,At Intersection,Traffic Signal,Clear,Dark,Dry,Non-Fatal Injury,Pedestrian Collisions,Driver,45 to 49,None,,East,"Automobile, Station Wagon",Going Ahead,Driving Properly,Normal,,,,,,,Yes,,Yes,,,,,Yes,,,,,,166,St Lawrence-East Bayfront-The Islands,77,Waterfront Communities-The Island (77),D51,631469.091142988,4833806.66985281
571,3521275,942452,12/17/2006 5:00:00 AM,1922,LAKE SHORE BLVD E,LOWER JARVIS ST,,Major Arterial,Toronto and East York,43.645645,-79.36989,At Intersection,Traffic Signal,Clear,Dark,Dry,Non-Fatal Injury,Pedestrian Collisions,Pedestrian,15 to 19,Major,,South,Other,,,,Vehicle is going straight thru inter.while ped cross without ROW,Crossing without right of way,Normal,,,,Yes,,Yes,,,,,Yes,,,,,,166,St Lawrence-East Bayfront-The Islands,77,Waterfront Communities-The Island (77),D51,631469.091142988,4833806.66985281
572,3615350,946585,12/19/2006 5:00:00 AM,1200,WARDEN AVE,BAMBURGH CRCL,,Major Arterial,Scarborough,43.816145,-79.32459,At Intersection,Traffic Signal,Clear,Daylight,Dry,Non-Fatal Injury,Angle,Driver,35 to 39,Major,,West,"Automobile, Station Wagon",Slowing or Stopping,Driving Properly,Normal,,,,,,,,,Yes,,,,,Yes,,Yes,Yes,,,116,Steeles,116,Steeles (116),D42,634739.709920412,4852815.96194855
573,3615351,946585,12/19/2006 5:00:00 AM,1200,WARDEN AVE,BAMBURGH CRCL,,Major Arterial,Scarborough,43.816145,-79.32459,At Intersection,Traffic Signal,Clear,Daylight,Dry,Non-Fatal Injury,Angle,Passenger,60 to 64,Major,,,Other,,,,,,,,,,,,Yes,,,,,Yes,,Yes,Yes,,,116,Steeles,116,Steeles (116),D42,634739.709920412,4852815.96194855
574,3615352,946585,12/19/2006 5:00:00 AM,1200,WARDEN AVE,BAMBURGH CRCL,,Major Arterial,Scarborough,43.816145,-79.32459,At Intersection,Traffic Signal,Clear,Daylight,Dry,Non-Fatal Injury,Angle,Passenger,80 to 84,Major,,,Other,,,,,,,,,,,,Yes,,,,,Yes,,Yes,Yes,,,116,Steeles,116,Steeles (116),D42,634739.709920412,4852815.96194855
575,3615353,946585,12/19/2006 5:00:00 AM,1200,WARDEN AVE,BAMBURGH CRCL,,Major Arterial,Scarborough,43.816145,-79.32459,At Intersection,Traffic Signal,Clear,Daylight,Dry,Non-Fatal Injury,Angle,Vehicle Owner,unknown,None,,,Other,,,,,,,,,,,,Yes,,,,,Yes,,Yes,Yes,,,116,Steeles,116,Steeles (116),D42,634739.709920412,4852815.96194855
576,3615354,946585,12/19/2006 5:00:00 AM,1200,WARDEN AVE,BAMBURGH CRCL,,Major Arterial,Scarborough,43.816145,-79.32459,At Intersection,Traffic Signal,Clear,Daylight,Dry,Non-Fatal Injury,Angle,Driver,50 to 54,Major,,South,"Automobile, Station Wagon",Going Ahead,Disobeyed Traffic Control,Normal,,,,,,,,,Yes,,,,,Yes,,Yes,Yes,,,116,Steeles,116,Steeles (116),D42,634739.709920412,4852815.96194855
577,3615355,946585,12/19/2006 5:00:00 AM,1200,WARDEN AVE,BAMBURGH CRCL,,Major Arterial,Scarborough,43.816145,-79.32459,At Intersection,Traffic Signal,Clear,Daylight,Dry,Non-Fatal Injury,Angle,Driver,40 to 44,Major,,East,"Automobile, Station Wagon",Going Ahead,Driving Properly,Normal,,,,,,,,,Yes,,,,,Yes,,Yes,Yes,,,116,Steeles,116,Steeles (116),D42,634739.709920412,4852815.96194855
578,3612914,945654,12/19/2006 5:00:00 AM,2000,39 WESTHAMPTON DR,,,Local,Etobicoke York,43.702945,-79.55629,,No Control,Clear,Dark,Dry,Non-Fatal Injury,SMV Unattended Vehicle,Vehicle Owner,unknown,None,,,Other,Parked,,,,,,,,,,,Yes,,,,,Yes,,,,,,6,Kingsview Village-The Westway,6,Kingsview Village-The Westway (6),D23,616324.96016533,4839892.19252482
579,3612915,945654,12/19/2006 5:00:00 AM,2000,39 WESTHAMPTON DR,,,Local,Etobicoke York,43.702945,-79.55629,,No Control,Clear,Dark,Dry,Non-Fatal Injury,SMV Unattended Vehicle,Passenger,15 to 19,Major,,,Other,,,,,,,,,,,,Yes,,,,,Yes,,,,,,6,Kingsview Village-The Westway,6,Kingsview Village-The Westway (6),D23,616324.96016533,4839892.19252482
580,3612916,945654,12/19/2006 5:00:00 AM,2000,39 WESTHAMPTON DR,,,Local,Etobicoke York,43.702945,-79.55629,,No Control,Clear,Dark,Dry,Non-Fatal Injury,SMV Unattended Vehicle,Vehicle Owner,unknown,None,,,Other,,,,,,,,,,,,Yes,,,,,Yes,,,,,,6,Kingsview Village-The Westway,6,Kingsview Village-The Westway (6),D23,616324.96016533,4839892.19252482
581,3612917,945654,12/19/2006 5:00:00 AM,2000,39 WESTHAMPTON DR,,,Local,Etobicoke York,43.702945,-79.55629,,No Control,Clear,Dark,Dry,Non-Fatal Injury,SMV Unattended Vehicle,Driver,20 to 24,Minor,,East,"Automobile, Station Wagon",Slowing or Stopping,Lost control,Normal,,,,,,,,,Yes,,,,,Yes,,,,,,6,Kingsview Village-The Westway,6,Kingsview Village-The Westway (6),D23,616324.96016533,4839892.19252482
582,3615444,946614,12/20/2006 5:00:00 AM,1043,MCCOWAN RD,SANDHURST CRCL,,Major Arterial,Scarborough,43.811645,-79.26919,,Traffic Signal,Clear,Daylight,Dry,Non-Fatal Injury,Angle,Driver,35 to 39,Major,,North,"Automobile, Station Wagon",Going Ahead,Disobeyed Traffic Control,Normal,,,,,,,,,Yes,,,,,Yes,,Yes,Yes,,,129,Agincourt North,129,Agincourt North (129),D42,639205.58801159,4852407.88275526
583,3615445,946614,12/20/2006 5:00:00 AM,1043,MCCOWAN RD,SANDHURST CRCL,,Major Arterial,Scarborough,43.811645,-79.26919,,Traffic Signal,Clear,Daylight,Dry,Non-Fatal Injury,Angle,Driver,40 to 44,Major,,West,"Automobile, Station Wagon",Going Ahead,Driving Properly,Normal,,,,,,,,,Yes,,,,,Yes,,Yes,Yes,,,129,Agincourt North,129,Agincourt North (129),D42,639205.58801159,4852407.88275526
584,3615446,946614,12/20/2006 5:00:00 AM,1043,MCCOWAN RD,SANDHURST CRCL,,Major Arterial,Scarborough,43.811645,-79.26919,,Traffic Signal,Clear,Daylight,Dry,Non-Fatal Injury,Angle,Passenger,5 to 9,Major,,,Other,,,,,,,,,,,,Yes,,,,,Yes,,Yes,Yes,,,129,Agincourt North,129,Agincourt North (129),D42,639205.58801159,4852407.88275526
585,3615447,946614,12/20/2006 5:00:00 AM,1043,MCCOWAN RD,SANDHURST CRCL,,Major Arterial,Scarborough,43.811645,-79.26919,,Traffic Signal,Clear,Daylight,Dry,Non-Fatal Injury,Angle,Driver,60 to 64,Major,,South,"Automobile, Station Wagon",Going Ahead,Driving Properly,Normal,,,,,,,,,Yes,,,,,Yes,,Yes,Yes,,,129,Agincourt North,129,Agincourt North (129),D42,639205.58801159,4852407.88275526
586,3613893,946028,12/23/2006 5:00:00 AM,425,BIRCHMOUNT RD,ELLESMERE RD,,Major Arterial,Scarborough,43.763445,-79.29139,,Traffic Signal,Clear,Dark,Wet,Non-Fatal Injury,Rear End,Driver,45 to 49,None,,East,"Automobile, Station Wagon",Going Ahead,Disobeyed Traffic Control,Normal,,,,,,,,,Yes,,,,,Yes,,Yes,Yes,,,119,Wexford/Maryvale,119,Wexford/Maryvale (119),D41,637530.570358809,4847017.39900947
587,3613894,946028,12/23/2006 5:00:00 AM,425,BIRCHMOUNT RD,ELLESMERE RD,,Major Arterial,Scarborough,43.763445,-79.29139,,Traffic Signal,Clear,Dark,Wet,Non-Fatal Injury,Rear End,Passenger,40 to 44,Major,,,Other,,,,,,,,,,,,Yes,,,,,Yes,,Yes,Yes,,,119,Wexford/Maryvale,119,Wexford/Maryvale (119),D41,637530.570358809,4847017.39900947
588,3613895,946028,12/23/2006 5:00:00 AM,425,BIRCHMOUNT RD,ELLESMERE RD,,Major Arterial,Scarborough,43.763445,-79.29139,,Traffic Signal,Clear,Dark,Wet,Non-Fatal Injury,Rear End,Driver,30 to 34,Minor,,North,"Automobile, Station Wagon",Going Ahead,Driving Properly,Normal,,,,,,,,,Yes,,,,,Yes,,Yes,Yes,,,119,Wexford/Maryvale,119,Wexford/Maryvale (119),D41,637530.570358809,4847017.39900947
589,3614089,946102,12/24/2006 5:00:00 AM,30,YONGE ST,MC NAIRN AVE,,Major Arterial,North York,43.735745,-79.40489,,No Control,Clear,Dark,Dry,Non-Fatal Injury,Approaching,Driver,40 to 44,None,,South,"Automobile, Station Wagon",Going Ahead,Lost control,Medical or Physical Disability,,,,,,,,,Yes,,,,,Yes,,,,,Yes,105,Lawrence Park North,105,Lawrence Park North (105),D32,628453.806319307,4843758.66682807
590,3614090,946102,12/24/2006 5:00:00 AM,30,YONGE ST,MC NAIRN AVE,,Major Arterial,North York,43.735745,-79.40489,,No Control,Clear,Dark,Dry,Non-Fatal Injury,Approaching,Driver,30 to 34,None,,North,"Automobile, Station Wagon",Going Ahead,Driving Properly,Normal,,,,,,,,,Yes,,,,,Yes,,,,,Yes,105,Lawrence Park North,105,Lawrence Park North (105),D32,628453.806319307,4843758.66682807
591,3614091,946102,12/24/2006 5:00:00 AM,30,YONGE ST,MC NAIRN AVE,,Major Arterial,North York,43.735745,-79.40489,,No Control,Clear,Dark,Dry,Non-Fatal Injury,Approaching,Passenger,35 to 39,Minor,,,Other,,,,,,,,,,,,Yes,,,,,Yes,,,,,Yes,105,Lawrence Park North,105,Lawrence Park North (105),D32,628453.806319307,4843758.66682807
592,3614092,946102,12/24/2006 5:00:00 AM,30,YONGE ST,MC NAIRN AVE,,Major Arterial,North York,43.735745,-79.40489,,No Control,Clear,Dark,Dry,Non-Fatal Injury,Approaching,Passenger,10 to 14,Minor,,,Other,,,,,,,,,,,,Yes,,,,,Yes,,,,,Yes,105,Lawrence Park North,105,Lawrence Park North (105),D32,628453.806319307,4843758.66682807
593,3614093,946102,12/24/2006 5:00:00 AM,30,YONGE ST,MC NAIRN AVE,,Major Arterial,North York,43.735745,-79.40489,,No Control,Clear,Dark,Dry,Non-Fatal Injury,Approaching,Passenger,15 to 19,Minor,,,Other,,,,,,,,,,,,Yes,,,,,Yes,,,,,Yes,105,Lawrence Park North,105,Lawrence Park North (105),D32,628453.806319307,4843758.66682807
594,3614094,946102,12/24/2006 5:00:00 AM,30,YONGE ST,MC NAIRN AVE,,Major Arterial,North York,43.735745,-79.40489,,No Control,Clear,Dark,Dry,Non-Fatal Injury,Approaching,Driver,40 to 44,Major,,North,"Automobile, Station Wagon",Going Ahead,Driving Properly,Normal,,,,,,,,,Yes,,,,,Yes,,,,,Yes,105,Lawrence Park North,105,Lawrence Park North (105),D32,628453.806319307,4843758.66682807
595,3609269,944001,12/24/2006 5:00:00 AM,2259,ROSEDALE VALLEY RD,BAYVIEW AVE,,Minor Arterial,Toronto and East York,43.671545,-79.36549,,No Control,Rain,Dark,Wet,Non-Fatal Injury,SMV Other,Passenger,20 to 24,Minor,,,Other,,,,,,,,,,,,Yes,,,,,Yes,Yes,Yes,,,,71,Cabbagetown-South St.James Town,71,Cabbagetown-South St.James Town (71),D51,631767.290164203,4836690.18913936
596,3609270,944001,12/24/2006 5:00:00 AM,2259,ROSEDALE VALLEY RD,BAYVIEW AVE,,Minor Arterial,Toronto and East York,43.671545,-79.36549,,No Control,Rain,Dark,Wet,Non-Fatal Injury,SMV Other,Vehicle Owner,unknown,None,,,Other,,,,,,,,,,,,Yes,,,,,Yes,Yes,Yes,,,,71,Cabbagetown-South St.James Town,71,Cabbagetown-South St.James Town (71),D51,631767.290164203,4836690.18913936
597,3609271,944001,12/24/2006 5:00:00 AM,2259,ROSEDALE VALLEY RD,BAYVIEW AVE,,Minor Arterial,Toronto and East York,43.671545,-79.36549,,No Control,Rain,Dark,Wet,Non-Fatal Injury,SMV Other,Driver,25 to 29,Major,,West,"Automobile, Station Wagon",Going Ahead,Speed too Fast For Condition,Normal,,,,,,,,,Yes,,,,,Yes,Yes,Yes,,,,71,Cabbagetown-South St.James Town,71,Cabbagetown-South St.James Town (71),D51,631767.290164203,4836690.18913936
598,3609272,944001,12/24/2006 5:00:00 AM,2259,ROSEDALE VALLEY RD,BAYVIEW AVE,,Minor Arterial,Toronto and East York,43.671545,-79.36549,,No Control,Rain,Dark,Wet,Non-Fatal Injury,SMV Other,Vehicle Owner,unknown,None,,,Other,,,,,,,,,,,,Yes,,,,,Yes,Yes,Yes,,,,71,Cabbagetown-South St.James Town,71,Cabbagetown-South St.James Town (71),D51,631767.290164203,4836690.18913936
599,3614443,946244,12/25/2006 5:00:00 AM,114,123 REXDALE BLVD,,,Major Arterial,Etobicoke York,43.712045,-79.56509,,Stop Sign,Clear,Dark,Dry,Non-Fatal Injury,Turning Movement,Vehicle Owner,unknown,None,,,Other,,,,,,,,,,,,Yes,,,,,Yes,,,,,,1,West Humber-Clairville,1,West Humber-Clairville (1),D23,615598.413837029,4840890.5630094
600,3614444,946244,12/25/2006 5:00:00 AM,114,123 REXDALE BLVD,,,Major Arterial,Etobicoke York,43.712045,-79.56509,,Stop Sign,Clear,Dark,Dry,Non-Fatal Injury,Turning Movement,Driver,20 to 24,None,,North,"Automobile, Station Wagon",Turning Left,Improper Turn,Normal,,,,,,,,,Yes,,,,,Yes,,,,,,1,West Humber-Clairville,1,West Humber-Clairville (1),D23,615598.413837029,4840890.5630094
601,3614445,946244,12/25/2006 5:00:00 AM,114,123 REXDALE BLVD,,,Major Arterial,Etobicoke York,43.712045,-79.56509,,Stop Sign,Clear,Dark,Dry,Non-Fatal Injury,Turning Movement,Passenger,65 to 69,Major,,,Other,,,,,,,,,,,,Yes,,,,,Yes,,,,,,1,West Humber-Clairville,1,West Humber-Clairville (1),D23,615598.413837029,4840890.5630094
602,3614446,946244,12/25/2006 5:00:00 AM,114,123 REXDALE BLVD,,,Major Arterial,Etobicoke York,43.712045,-79.56509,,Stop Sign,Clear,Dark,Dry,Non-Fatal Injury,Turning Movement,Driver,55 to 59,Major,,East,"Automobile, Station Wagon",Going Ahead,Driving Properly,Normal,,,,,,,,,Yes,,,,,Yes,,,,,,1,West Humber-Clairville,1,West Humber-Clairville (1),D23,615598.413837029,4840890.5630094
603,3552215,944492,12/28/2006 5:00:00 AM,645,LAKE SHORE BLVD W,AQUATIC DR,,Major Arterial,Toronto and East York,43.630045,-79.42419,,No Control,Clear,Daylight,Dry,Non-Fatal Injury,SMV Other,Passenger,20 to 24,Major,,,Other,,,,,,,,,,,,Yes,,,,,Yes,,,,Yes,,163,Fort York-Liberty Village,82,Niagara (82),D14,627122.619662175,4831989.50479076
604,3552216,944492,12/28/2006 5:00:00 AM,645,LAKE SHORE BLVD W,AQUATIC DR,,Major Arterial,Toronto and East York,43.630045,-79.42419,,No Control,Clear,Daylight,Dry,Non-Fatal Injury,SMV Other,Driver,20 to 24,Major,,West,"Automobile, Station Wagon",Going Ahead,Lost control,"Ability Impaired, Alcohol",,,,,,,,,Yes,,,,,Yes,,,,Yes,,163,Fort York-Liberty Village,82,Niagara (82),D14,627122.619662175,4831989.50479076
605,3610658,944792,12/31/2006 5:00:00 AM,1958,F G GARDINER XY  E,GRAND AVE,,,Etobicoke York,43.625745,-79.48839,,No Control,Rain,Dark,Wet,Non-Fatal Injury,SMV Other,Driver,50 to 54,Minimal,,East,"Automobile, Station Wagon",Going Ahead,Driving Properly,Normal,,,,,,,,,Yes,,,,,Yes,Yes,Yes,,,,161,Humber Bay Shores,17,Mimico (includes Humber Bay Shores) (17),D22,621952.170037762,4831415.62998866
606,3610659,944792,12/31/2006 5:00:00 AM,1958,F G GARDINER XY  E,GRAND AVE,,,Etobicoke York,43.625745,-79.48839,,No Control,Rain,Dark,Wet,Non-Fatal Injury,SMV Other,Passenger,15 to 19,Major,,,Other,,,,,,,,,,,,Yes,,,,,Yes,Yes,Yes,,,,161,Humber Bay Shores,17,Mimico (includes Humber Bay Shores) (17),D22,621952.170037762,4831415.62998866
607,3610660,944792,12/31/2006 5:00:00 AM,1958,F G GARDINER XY  E,GRAND AVE,,,Etobicoke York,43.625745,-79.48839,,No Control,Rain,Dark,Wet,Non-Fatal Injury,SMV Other,Passenger,15 to 19,Minor,,,Other,,,,,,,,,,,,Yes,,,,,Yes,Yes,Yes,,,,161,Humber Bay Shores,17,Mimico (includes Humber Bay Shores) (17),D22,621952.170037762,4831415.62998866
608,3610661,944792,12/31/2006 5:00:00 AM,1958,F G GARDINER XY  E,GRAND AVE,,,Etobicoke York,43.625745,-79.48839,,No Control,Rain,Dark,Wet,Non-Fatal Injury,SMV Other,Driver,15 to 19,Minimal,,East,"Automobile, Station Wagon",Changing Lanes,Lost control,Normal,,,,,,,,,Yes,,,,,Yes,Yes,Yes,,,,161,Humber Bay Shores,17,Mimico (includes Humber Bay Shores) (17),D22,621952.170037762,4831415.62998866
609,4119011,944879,1/1/2007 5:00:00 AM,1645,SENLAC RD,ELLERSLIE AVE,,Minor Arterial,North York,43.768645,-79.42669,At Intersection,Stop Sign,Clear,Dusk,Wet,Non-Fatal Injury,Pedestrian Collisions,Passenger,15 to 19,None,,,Other,,,,,,,,,,Yes,,Yes,,,,,Yes,,Yes,,,,37,Willowdale West,37,Willowdale West (37),D32,626628.836576833,4847379.13345018
610,4119012,944879,1/1/2007 5:00:00 AM,1645,SENLAC RD,ELLERSLIE AVE,,Minor Arterial,North York,43.768645,-79.42669,At Intersection,Stop Sign,Clear,Dusk,Wet,Non-Fatal Injury,Pedestrian Collisions,Driver,15 to 19,None,,South,"Automobile, Station Wagon",Going Ahead,Disobeyed Traffic Control,Normal,,,,,,,Yes,,Yes,,,,,Yes,,Yes,,,,37,Willowdale West,37,Willowdale West (37),D32,626628.836576833,4847379.13345018
611,4119013,944879,1/1/2007 5:00:00 AM,1645,SENLAC RD,ELLERSLIE AVE,,Minor Arterial,North York,43.768645,-79.42669,At Intersection,Stop Sign,Clear,Dusk,Wet,Non-Fatal Injury,Pedestrian Collisions,Pedestrian,65 to 69,Major,,West,Other,,,,Vehicle is going straight thru inter.while ped cross with ROW,Crossing with right of way,Normal,,,,Yes,,Yes,,,,,Yes,,Yes,,,,37,Willowdale West,37,Willowdale West (37),D32,626628.836576833,4847379.13345018
612,4123365,948356,1/6/2007 5:00:00 AM,1140,LAWRENCE AVE E,ORTON PARK RD,,Major Arterial,Scarborough,43.764045,-79.20559,,Traffic Signal,Rain,Daylight,Wet,Non-Fatal Injury,Turning Movement,Vehicle Owner,unknown,None,,,Other,,,,,,,,,,,,Yes,,,,,Yes,,,,,,141,Golfdale-Cedarbrae-Woburn,137,Woburn (137),D43,644435.480211129,4847230.11517079
613,4123366,948356,1/6/2007 5:00:00 AM,1140,LAWRENCE AVE E,ORTON PARK RD,,Major Arterial,Scarborough,43.764045,-79.20559,,Traffic Signal,Rain,Daylight,Wet,Non-Fatal Injury,Turning Movement,Driver,40 to 44,Minor,,West,"Automobile, Station Wagon",Going Ahead,Driving Properly,Normal,,,,,,,,,Yes,,,,,Yes,,,,,,141,Golfdale-Cedarbrae-Woburn,137,Woburn (137),D43,644435.480211129,4847230.11517079
614,4123367,948356,1/6/2007 5:00:00 AM,1140,LAWRENCE AVE E,ORTON PARK RD,,Major Arterial,Scarborough,43.764045,-79.20559,,Traffic Signal,Rain,Daylight,Wet,Non-Fatal Injury,Turning Movement,Passenger,35 to 39,Major,,,Other,,,,,,,,,,,,Yes,,,,,Yes,,,,,,141,Golfdale-Cedarbrae-Woburn,137,Woburn (137),D43,644435.480211129,4847230.11517079
615,4123368,948356,1/6/2007 5:00:00 AM,1140,LAWRENCE AVE E,ORTON PARK RD,,Major Arterial,Scarborough,43.764045,-79.20559,,Traffic Signal,Rain,Daylight,Wet,Non-Fatal Injury,Turning Movement,Driver,55 to 59,Minimal,,East,"Automobile, Station Wagon",Turning Left,Improper Turn,Normal,,,,,,,,,Yes,,,,,Yes,,,,,,141,Golfdale-Cedarbrae-Woburn,137,Woburn (137),D43,644435.480211129,4847230.11517079
616,4123369,948356,1/6/2007 5:00:00 AM,1140,LAWRENCE AVE E,ORTON PARK RD,,Major Arterial,Scarborough,43.764045,-79.20559,,Traffic Signal,Rain,Daylight,Wet,Non-Fatal Injury,Turning Movement,Other Property Owner,unknown,None,,,Other,,,,,,,,,,,,Yes,,,,,Yes,,,,,,141,Golfdale-Cedarbrae-Woburn,137,Woburn (137),D43,644435.480211129,4847230.11517079
617,4120429,946528,1/9/2007 5:00:00 AM,2125,DON VALLEY PARKWAY  N,LEASIDE BDGE Road,,Major Arterial,Toronto and East York,43.697845,-79.34959,,No Control,Clear,Dark,Dry,Non-Fatal Injury,Pedestrian Collisions,Passenger,unknown,None,,,Other,Other,,,,,,,,,Yes,,Yes,,,,,Yes,,,,,,58,Old East York,58,Old East York (58),D55,632990.964939138,4839636.54748215
618,4120430,946528,1/9/2007 5:00:00 AM,2125,DON VALLEY PARKWAY  N,LEASIDE BDGE Road,,Major Arterial,Toronto and East York,43.697845,-79.34959,,No Control,Clear,Dark,Dry,Non-Fatal Injury,Pedestrian Collisions,Driver,40 to 44,None,,,"Automobile, Station Wagon",Going Ahead,,,,,,,,,Yes,,Yes,,,,,Yes,,,,,,58,Old East York,58,Old East York (58),D55,632990.964939138,4839636.54748215
619,4120431,946528,1/9/2007 5:00:00 AM,2125,DON VALLEY PARKWAY  N,LEASIDE BDGE Road,,Major Arterial,Toronto and East York,43.697845,-79.34959,,No Control,Clear,Dark,Dry,Non-Fatal Injury,Pedestrian Collisions,Pedestrian,unknown,Major,,,Other,Other,,,,,,,,,Yes,,Yes,,,,,Yes,,,,,,58,Old East York,58,Old East York (58),D55,632990.964939138,4839636.54748215
620,4121322,947071,1/14/2007 5:00:00 AM,336,DON VALLEY PARKWAY  N,BAYVIEW BLOOR DVP RAMP,,,Toronto and East York,43.683245,-79.36189,,No Control,Clear,Dark,Dry,Non-Fatal Injury,SMV Other,Passenger,25 to 29,Major,,,Other,,,,,,,,,,,,Yes,,,,,Yes,Yes,Yes,,,,57,Broadview North,57,Broadview North (57),D55,632031.846246809,4837995.35875668
621,4121323,947071,1/14/2007 5:00:00 AM,336,DON VALLEY PARKWAY  N,BAYVIEW BLOOR DVP RAMP,,,Toronto and East York,43.683245,-79.36189,,No Control,Clear,Dark,Dry,Non-Fatal Injury,SMV Other,Vehicle Owner,unknown,None,,,Other,,,,,,,,,,,,Yes,,,,,Yes,Yes,Yes,,,,57,Broadview North,57,Broadview North (57),D55,632031.846246809,4837995.35875668
622,4121324,947071,1/14/2007 5:00:00 AM,336,DON VALLEY PARKWAY  N,BAYVIEW BLOOR DVP RAMP,,,Toronto and East York,43.683245,-79.36189,,No Control,Clear,Dark,Dry,Non-Fatal Injury,SMV Other,Driver,25 to 29,Major,,North,"Automobile, Station Wagon",Going Ahead,Lost control,Normal,,,,,,,,,Yes,,,,,Yes,Yes,Yes,,,,57,Broadview North,57,Broadview North (57),D55,632031.846246809,4837995.35875668
623,4121325,947071,1/14/2007 5:00:00 AM,336,DON VALLEY PARKWAY  N,BAYVIEW BLOOR DVP RAMP,,,Toronto and East York,43.683245,-79.36189,,No Control,Clear,Dark,Dry,Non-Fatal Injury,SMV Other,Other Property Owner,unknown,None,,,Other,,,,,,,,,,,,Yes,,,,,Yes,Yes,Yes,,,,57,Broadview North,57,Broadview North (57),D55,632031.846246809,4837995.35875668
624,4127645,950308,1/16/2007 5:00:00 AM,1513,HUMBERWOOD BLVD,HULLRICK DR,,Collector,Etobicoke York,43.723945,-79.61529,,No Control,Clear,Daylight,Slush,Non-Fatal Injury,Approaching,Vehicle Owner,unknown,None,,,Other,,,,,,,,,,,,Yes,,,,,Yes,,,,,,1,West Humber-Clairville,1,West Humber-Clairville (1),D23,611532.123463945,4842143.44251175
625,4127646,950308,1/16/2007 5:00:00 AM,1513,HUMBERWOOD BLVD,HULLRICK DR,,Collector,Etobicoke York,43.723945,-79.61529,,No Control,Clear,Daylight,Slush,Non-Fatal Injury,Approaching,Passenger,40 to 44,Major,,,Other,,,,,,,,,,,,Yes,,,,,Yes,,,,,,1,West Humber-Clairville,1,West Humber-Clairville (1),D23,611532.123463945,4842143.44251175
626,4127647,950308,1/16/2007 5:00:00 AM,1513,HUMBERWOOD BLVD,HULLRICK DR,,Collector,Etobicoke York,43.723945,-79.61529,,No Control,Clear,Daylight,Slush,Non-Fatal Injury,Approaching,Driver,40 to 44,None,,North,"Automobile, Station Wagon",Slowing or Stopping,Driving Properly,Normal,,,,,,,,,Yes,,,,,Yes,,,,,,1,West Humber-Clairville,1,West Humber-Clairville (1),D23,611532.123463945,4842143.44251175
627,4127648,950308,1/16/2007 5:00:00 AM,1513,HUMBERWOOD BLVD,HULLRICK DR,,Collector,Etobicoke York,43.723945,-79.61529,,No Control,Clear,Daylight,Slush,Non-Fatal Injury,Approaching,Vehicle Owner,unknown,None,,,Other,,,,,,,,,,,,Yes,,,,,Yes,,,,,,1,West Humber-Clairville,1,West Humber-Clairville (1),D23,611532.123463945,4842143.44251175
628,4127649,950308,1/16/2007 5:00:00 AM,1513,HUMBERWOOD BLVD,HULLRICK DR,,Collector,Etobicoke York,43.723945,-79.61529,,No Control,Clear,Daylight,Slush,Non-Fatal Injury,Approaching,Driver,45 to 49,None,,South,"Automobile, Station Wagon",Going Ahead,Lost control,Normal,,,,,,,,,Yes,,,,,Yes,,,,,,1,West Humber-Clairville,1,West Humber-Clairville (1),D23,611532.123463945,4842143.44251175
629,4128784,950835,1/18/2007 5:00:00 AM,852,BLYTHWOOD RD,MOUNT PLEASANT RD,,Collector,North York,43.717945,-79.39369,,No Control,Clear,Daylight,Dry,Non-Fatal Injury,SMV Other,Passenger,30 to 34,Major,,,Other,,,,,,,,,,,,Yes,,,,,Yes,Yes,Yes,,,,99,Mount Pleasant East,99,Mount Pleasant East (99),D53,629394.068771551,4841799.14431892
630,4128785,950835,1/18/2007 5:00:00 AM,852,BLYTHWOOD RD,MOUNT PLEASANT RD,,Collector,North York,43.717945,-79.39369,,No Control,Clear,Daylight,Dry,Non-Fatal Injury,SMV Other,Vehicle Owner,unknown,None,,,Other,,,,,,,,,,,,Yes,,,,,Yes,Yes,Yes,,,,99,Mount Pleasant East,99,Mount Pleasant East (99),D53,629394.068771551,4841799.14431892
631,4128786,950835,1/18/2007 5:00:00 AM,852,BLYTHWOOD RD,MOUNT PLEASANT RD,,Collector,North York,43.717945,-79.39369,,No Control,Clear,Daylight,Dry,Non-Fatal Injury,SMV Other,Driver,25 to 29,Minor,,West,"Automobile, Station Wagon",Going Ahead,Speed too Fast For Condition,Normal,,,,,,,,,Yes,,,,,Yes,Yes,Yes,,,,99,Mount Pleasant East,99,Mount Pleasant East (99),D53,629394.068771551,4841799.14431892