OBJECTID,INDEX,ACCNUM,DATE,TIME,STREET1,STREET2,OFFSET,ROAD_CLASS,DISTRICT,LATITUDE,LONGITUDE,ACCLOC,TRAFFCTL,VISIBILITY,LIGHT,RDSFCOND,ACCLASS,IMPACTYPE,INVTYPE,INVAGE,INJURY,FATAL_NO,INITDIR,VEHTYPE,MANOEUVER,DRIVACT,DRIVCOND,PEDTYPE,PEDACT,PEDCOND,CYCLISTYPE,CYCACT,CYCCOND,PEDESTRIAN,CYCLIST,AUTOMOBILE,MOTORCYCLE,TRUCK,TRSN_CITY_VEH,EMERG_VEH,PASSENGER,SPEEDING,AG_DRIV,REDLIGHT,ALCOHOL,DISABILITY,HOOD_158,NEIGHBOURHOOD_158,HOOD_140,NEIGHBOURHOOD_140,DIVISION,x,y
1194,4266100,1011551,12/17/2007 5:00:00 AM,1232,MARTIN GROVE RD,401 X W MARTIN GROVE RAMP,,Major Arterial,Etobicoke York,43.692845,-79.57149,,Traffic Signal,Clear,Daylight,Wet,Non-Fatal Injury,Angle,Passenger,5 to 9,Minimal,,,Other,,,,,,,,,,,,Yes,,,,,Yes,,Yes,Yes,,,1,West Humber-Clairville,1,West Humber-Clairville (1),D23,615119.557653579,4838749.23705378
1195,4266101,1011551,12/17/2007 5:00:00 AM,1232,MARTIN GROVE RD,401 X W MARTIN GROVE RAMP,,Major Arterial,Etobicoke York,43.692845,-79.57149,,Traffic Signal,Clear,Daylight,Wet,Non-Fatal Injury,Angle,Driver,35 to 39,Major,,North,"Automobile, Station Wagon",Going Ahead,Disobeyed Traffic Control,Normal,,,,,,,,,Yes,,,,,Yes,,Yes,Yes,,,1,West Humber-Clairville,1,West Humber-Clairville (1),D23,615119.557653579,4838749.23705378
1196,4266102,1011551,12/17/2007 5:00:00 AM,1232,MARTIN GROVE RD,401 X W MARTIN GROVE RAMP,,Major Arterial,Etobicoke York,43.692845,-79.57149,,Traffic Signal,Clear,Daylight,Wet,Non-Fatal Injury,Angle,Driver,45 to 49,Minimal,,West,"Automobile, Station Wagon",Going Ahead,Driving Properly,Normal,,,,,,,,,Yes,,,,,Yes,,Yes,Yes,,,1,West Humber-Clairville,1,West Humber-Clairville (1),D23,615119.557653579,4838749.23705378
1197,4406751,1013134,12/21/2007 5:00:00 AM,525,WILSON AVE,DUFFERIN ST,,Major Arterial,North York,43.732445,-79.45729,,No Control,Clear,Dark,Dry,Non-Fatal Injury,Turning Movement,Passenger,20 to 24,Minimal,,,Other,,,,,,,,,,,,Yes,,Yes,,,Yes,,,,,,155,Downsview,26,Downsview-Roding-CFB (26),D32,624240.833893403,4843312.251214
1198,4406752,1013134,12/21/2007 5:00:00 AM,525,WILSON AVE,DUFFERIN ST,,Major Arterial,North York,43.732445,-79.45729,,No Control,Clear,Dark,Dry,Non-Fatal Injury,Turning Movement,Driver,20 to 24,Major,,East,"Automobile, Station Wagon",Going Ahead,Driving Properly,Normal,,,,,,,,,Yes,,Yes,,,Yes,,,,,,155,Downsview,26,Downsview-Roding-CFB (26),D32,624240.833893403,4843312.251214
1199,4406753,1013134,12/21/2007 5:00:00 AM,525,WILSON AVE,DUFFERIN ST,,Major Arterial,North York,43.732445,-79.45729,,No Control,Clear,Dark,Dry,Non-Fatal Injury,Turning Movement,Other,unknown,None,,,Other,,,,,,,,,,,,Yes,,Yes,,,Yes,,,,,,155,Downsview,26,Downsview-Roding-CFB (26),D32,624240.833893403,4843312.251214
1200,4406754,1013134,12/21/2007 5:00:00 AM,525,WILSON AVE,DUFFERIN ST,,Major Arterial,North York,43.732445,-79.45729,,No Control,Clear,Dark,Dry,Non-Fatal Injury,Turning Movement,Other Property Owner,unknown,,,,Other,,,,,,,,,,,,Yes,,Yes,,,Yes,,,,,,155,Downsview,26,Downsview-Roding-CFB (26),D32,624240.833893403,4843312.251214
1201,4406755,1013134,12/21/2007 5:00:00 AM,525,WILSON AVE,DUFFERIN ST,,Major Arterial,North York,43.732445,-79.45729,,No Control,Clear,Dark,Dry,Non-Fatal Injury,Turning Movement,Vehicle Owner,unknown,,,,Other,,,,,,,,,,,,Yes,,Yes,,,Yes,,,,,,155,Downsview,26,Downsview-Roding-CFB (26),D32,624240.833893403,4843312.251214
1202,4406756,1013134,12/21/2007 5:00:00 AM,525,WILSON AVE,DUFFERIN ST,,Major Arterial,North York,43.732445,-79.45729,,No Control,Clear,Dark,Dry,Non-Fatal Injury,Turning Movement,Truck Driver,60 to 64,None,,East,Truck - Open,Turning Right,Improper Turn,Normal,,,,,,,,,Yes,,Yes,,,Yes,,,,,,155,Downsview,26,Downsview-Roding-CFB (26),D32,624240.833893403,4843312.251214
1203,4270315,1014428,12/27/2007 5:00:00 AM,3,VICTORIA PARK AVE,BIGGIN CRT,,Major Arterial,North York,43.728845,-79.30439,,No Control,Clear,Dark,Dry,Non-Fatal Injury,Turning Movement,Vehicle Owner,unknown,,,,Other,,,,,,,,,,,,Yes,,,,,Yes,,,,,,43,Victoria Village,43,Victoria Village (43),D33,636562.814253075,4843153.04073687
1204,4270316,1014428,12/27/2007 5:00:00 AM,3,VICTORIA PARK AVE,BIGGIN CRT,,Major Arterial,North York,43.728845,-79.30439,,No Control,Clear,Dark,Dry,Non-Fatal Injury,Turning Movement,Driver,25 to 29,None,,North,"Automobile, Station Wagon",Making U Turn,Improper Turn,Inattentive,,,,,,,,,Yes,,,,,Yes,,,,,,43,Victoria Village,43,Victoria Village (43),D33,636562.814253075,4843153.04073687
1205,4270317,1014428,12/27/2007 5:00:00 AM,3,VICTORIA PARK AVE,BIGGIN CRT,,Major Arterial,North York,43.728845,-79.30439,,No Control,Clear,Dark,Dry,Non-Fatal Injury,Turning Movement,Passenger,20 to 24,Minor,,,Other,,,,,,,,,,,,Yes,,,,,Yes,,,,,,43,Victoria Village,43,Victoria Village (43),D33,636562.814253075,4843153.04073687
1206,4270318,1014428,12/27/2007 5:00:00 AM,3,VICTORIA PARK AVE,BIGGIN CRT,,Major Arterial,North York,43.728845,-79.30439,,No Control,Clear,Dark,Dry,Non-Fatal Injury,Turning Movement,Driver,20 to 24,Major,,South,"Automobile, Station Wagon",Going Ahead,Driving Properly,Normal,,,,,,,,,Yes,,,,,Yes,,,,,,43,Victoria Village,43,Victoria Village (43),D33,636562.814253075,4843153.04073687
1207,4266412,1011703,12/28/2007 5:00:00 AM,1455,WESTON RD,GUNNS RD,,Major Arterial,Etobicoke York,43.675945,-79.47039,,Traffic Signal,Clear,Daylight,Dry,Non-Fatal Injury,SMV Other,Other Property Owner,unknown,,,,Other,,,,,,,,,,,,Yes,,,,,Yes,Yes,Yes,,,,90,Junction Area,90,Junction Area (90),D12,623301.603945585,4837017.58460939
1208,4266413,1011703,12/28/2007 5:00:00 AM,1455,WESTON RD,GUNNS RD,,Major Arterial,Etobicoke York,43.675945,-79.47039,,Traffic Signal,Clear,Daylight,Dry,Non-Fatal Injury,SMV Other,Passenger,35 to 39,Major,,,Other,,,,,,,,,,,,Yes,,,,,Yes,Yes,Yes,,,,90,Junction Area,90,Junction Area (90),D12,623301.603945585,4837017.58460939
1209,4266414,1011703,12/28/2007 5:00:00 AM,1455,WESTON RD,GUNNS RD,,Major Arterial,Etobicoke York,43.675945,-79.47039,,Traffic Signal,Clear,Daylight,Dry,Non-Fatal Injury,SMV Other,Driver,25 to 29,Major,,North,"Automobile, Station Wagon",Going Ahead,Exceeding Speed Limit,Unknown,,,,,,,,,Yes,,,,,Yes,Yes,Yes,,,,90,Junction Area,90,Junction Area (90),D12,623301.603945585,4837017.58460939
1210,4294388,1014978,12/29/2007 5:00:00 AM,1303,ARAGON AVE,BIRCHARD ST,,Local,Scarborough,43.775645,-79.30289,,No Control,Clear,Daylight,Dry,Non-Fatal Injury,Approaching,Driver,70 to 74,Minimal,,South,"Automobile, Station Wagon",Other,Failed to Yield Right of Way,Inattentive,,,,,,,,,Yes,,,,,Yes,,Yes,,,,118,Tam O'Shanter-Sullivan,118,Tam O'Shanter-Sullivan (118),D42,636577.122530165,4848353.36263973
1211,4294389,1014978,12/29/2007 5:00:00 AM,1303,ARAGON AVE,BIRCHARD ST,,Local,Scarborough,43.775645,-79.30289,,No Control,Clear,Daylight,Dry,Non-Fatal Injury,Approaching,Passenger,25 to 29,Minimal,,,Other,,,,,,,,,,,,Yes,,,,,Yes,,Yes,,,,118,Tam O'Shanter-Sullivan,118,Tam O'Shanter-Sullivan (118),D42,636577.122530165,4848353.36263973
1212,4294390,1014978,12/29/2007 5:00:00 AM,1303,ARAGON AVE,BIRCHARD ST,,Local,Scarborough,43.775645,-79.30289,,No Control,Clear,Daylight,Dry,Non-Fatal Injury,Approaching,Passenger,25 to 29,Minimal,,,Other,,,,,,,,,,,,Yes,,,,,Yes,,Yes,,,,118,Tam O'Shanter-Sullivan,118,Tam O'Shanter-Sullivan (118),D42,636577.122530165,4848353.36263973
1213,4294391,1014978,12/29/2007 5:00:00 AM,1303,ARAGON AVE,BIRCHARD ST,,Local,Scarborough,43.775645,-79.30289,,No Control,Clear,Daylight,Dry,Non-Fatal Injury,Approaching,Driver,30 to 34,Major,,North,"Automobile, Station Wagon",Going Ahead,Driving Properly,Normal,,,,,,,,,Yes,,,,,Yes,,Yes,,,,118,Tam O'Shanter-Sullivan,118,Tam O'Shanter-Sullivan (118),D42,636577.122530165,4848353.36263973
1214,5307617,1013495,1/8/2008 5:00:00 AM,550,REXDALE BLVD,TIDEMORE AVE,,Major Arterial,Etobicoke York,43.714745,-79.58519,,No Control,Clear,Dark,Dry,Fatal,SMV Other,Passenger,25 to 29,Fatal,4,,Other,,,,,,,,,,,,Yes,,,,,Yes,,,,,,1,West Humber-Clairville,1,West Humber-Clairville (1),D23,613973.999596229,4841162.60185517
1215,5307618,1013495,1/8/2008 5:00:00 AM,550,REXDALE BLVD,TIDEMORE AVE,,Major Arterial,Etobicoke York,43.714745,-79.58519,,No Control,Clear,Dark,Dry,Fatal,SMV Other,Vehicle Owner,unknown,,,,Other,,,,,,,,,,,,Yes,,,,,Yes,,,,,,1,West Humber-Clairville,1,West Humber-Clairville (1),D23,613973.999596229,4841162.60185517
1216,5307619,1013495,1/8/2008 5:00:00 AM,550,REXDALE BLVD,TIDEMORE AVE,,Major Arterial,Etobicoke York,43.714745,-79.58519,,No Control,Clear,Dark,Dry,Fatal,SMV Other,Driver,25 to 29,Minimal,,West,"Automobile, Station Wagon",Going Ahead,Lost control,"Ability Impaired, Drugs",,,,,,,,,Yes,,,,,Yes,,,,,,1,West Humber-Clairville,1,West Humber-Clairville (1),D23,613973.999596229,4841162.60185517
1217,5319794,1019958,1/11/2008 5:00:00 AM,328,VAUGHAN RD,KENWOOD AVE,,Minor Arterial,Toronto and East York,43.687645,-79.42369,At Intersection,Traffic Signal,Rain,Dark,Wet,Non-Fatal Injury,Angle,Passenger,15 to 19,Minor,,,Other,,,,,,,,,,,,Yes,,,,,Yes,Yes,Yes,Yes,,,106,Humewood-Cedarvale,106,Humewood-Cedarvale (106),D13,627041.421495281,4838387.50846213
1218,5319795,1019958,1/11/2008 5:00:00 AM,328,VAUGHAN RD,KENWOOD AVE,,Minor Arterial,Toronto and East York,43.687645,-79.42369,At Intersection,Traffic Signal,Rain,Dark,Wet,Non-Fatal Injury,Angle,Passenger,20 to 24,Major,,,Other,,,,,,,,,,,,Yes,,,,,Yes,Yes,Yes,Yes,,,106,Humewood-Cedarvale,106,Humewood-Cedarvale (106),D13,627041.421495281,4838387.50846213
1219,5319796,1019958,1/11/2008 5:00:00 AM,328,VAUGHAN RD,KENWOOD AVE,,Minor Arterial,Toronto and East York,43.687645,-79.42369,At Intersection,Traffic Signal,Rain,Dark,Wet,Non-Fatal Injury,Angle,Driver,20 to 24,Minor,,West,"Automobile, Station Wagon",Going Ahead,Exceeding Speed Limit,Normal,,,,,,,,,Yes,,,,,Yes,Yes,Yes,Yes,,,106,Humewood-Cedarvale,106,Humewood-Cedarvale (106),D13,627041.421495281,4838387.50846213
1220,5319797,1019958,1/11/2008 5:00:00 AM,328,VAUGHAN RD,KENWOOD AVE,,Minor Arterial,Toronto and East York,43.687645,-79.42369,At Intersection,Traffic Signal,Rain,Dark,Wet,Non-Fatal Injury,Angle,Other Property Owner,unknown,,,,Other,,,,,,,,,,,,Yes,,,,,Yes,Yes,Yes,Yes,,,106,Humewood-Cedarvale,106,Humewood-Cedarvale (106),D13,627041.421495281,4838387.50846213
1221,5319798,1019958,1/11/2008 5:00:00 AM,328,VAUGHAN RD,KENWOOD AVE,,Minor Arterial,Toronto and East York,43.687645,-79.42369,At Intersection,Traffic Signal,Rain,Dark,Wet,Non-Fatal Injury,Angle,Other Property Owner,unknown,,,,Other,,,,,,,,,,,,Yes,,,,,Yes,Yes,Yes,Yes,,,106,Humewood-Cedarvale,106,Humewood-Cedarvale (106),D13,627041.421495281,4838387.50846213
1222,5319799,1019958,1/11/2008 5:00:00 AM,328,VAUGHAN RD,KENWOOD AVE,,Minor Arterial,Toronto and East York,43.687645,-79.42369,At Intersection,Traffic Signal,Rain,Dark,Wet,Non-Fatal Injury,Angle,Driver,unknown,None,,North,"Automobile, Station Wagon",Going Ahead,Disobeyed Traffic Control,Unknown,,,,,,,,,Yes,,,,,Yes,Yes,Yes,Yes,,,106,Humewood-Cedarvale,106,Humewood-Cedarvale (106),D13,627041.421495281,4838387.50846213
1223,5308776,1014650,1/14/2008 5:00:00 AM,2232,35 BENDALE BLVD,,,Local,Scarborough,43.749845,-79.23979,,No Control,Snow,Dark,Wet,Non-Fatal Injury,SMV Other,Passenger,20 to 24,Major,,,Other,,,,,,,,,,,,Yes,,,,,Yes,,,,Yes,,157,Bendale South,127,Bendale (127),D43,641716.143521814,4845593.901869
1224,5308777,1014650,1/14/2008 5:00:00 AM,2232,35 BENDALE BLVD,,,Local,Scarborough,43.749845,-79.23979,,No Control,Snow,Dark,Wet,Non-Fatal Injury,SMV Other,Passenger,20 to 24,Major,,,Other,,,,,,,,,,,,Yes,,,,,Yes,,,,Yes,,157,Bendale South,127,Bendale (127),D43,641716.143521814,4845593.901869
1225,5308778,1014650,1/14/2008 5:00:00 AM,2232,35 BENDALE BLVD,,,Local,Scarborough,43.749845,-79.23979,,No Control,Snow,Dark,Wet,Non-Fatal Injury,SMV Other,Vehicle Owner,unknown,,,,Other,,,,,,,,,,,,Yes,,,,,Yes,,,,Yes,,157,Bendale South,127,Bendale (127),D43,641716.143521814,4845593.901869
1226,5308779,1014650,1/14/2008 5:00:00 AM,2232,35 BENDALE BLVD,,,Local,Scarborough,43.749845,-79.23979,,No Control,Snow,Dark,Wet,Non-Fatal Injury,SMV Other,Driver,20 to 24,Major,,North,"Automobile, Station Wagon",Going Ahead,Lost control,"Ability Impaired, Alcohol Over .08",,,,,,,,,Yes,,,,,Yes,,,,Yes,,157,Bendale South,127,Bendale (127),D43,641716.143521814,4845593.901869
1227,5313832,1017137,1/25/2008 5:00:00 AM,1823,ROGERS RD,KANE AVE,,Minor Arterial,Etobicoke York,43.682045,-79.46649,,Stop Sign,Clear,Dark,Dry,Fatal,Angle,Passenger,55 to 59,Minor,,,Other,,,,,,,,,,,,Yes,,,,,Yes,Yes,Yes,,,,110,Keelesdale-Eglinton West,110,Keelesdale-Eglinton West (110),D12,623603.459287468,4837700.87620022
1228,5313833,1017137,1/25/2008 5:00:00 AM,1823,ROGERS RD,KANE AVE,,Minor Arterial,Etobicoke York,43.682045,-79.46649,,Stop Sign,Clear,Dark,Dry,Fatal,Angle,Driver,75 to 79,Fatal,5,South,"Automobile, Station Wagon",Going Ahead,Failed to Yield Right of Way,Normal,,,,,,,,,Yes,,,,,Yes,Yes,Yes,,,,110,Keelesdale-Eglinton West,110,Keelesdale-Eglinton West (110),D12,623603.459287468,4837700.87620022
1229,5313834,1017137,1/25/2008 5:00:00 AM,1823,ROGERS RD,KANE AVE,,Minor Arterial,Etobicoke York,43.682045,-79.46649,,Stop Sign,Clear,Dark,Dry,Fatal,Angle,Vehicle Owner,unknown,,,,Other,,,,,,,,,,,,Yes,,,,,Yes,Yes,Yes,,,,110,Keelesdale-Eglinton West,110,Keelesdale-Eglinton West (110),D12,623603.459287468,4837700.87620022
1230,5313835,1017137,1/25/2008 5:00:00 AM,1823,ROGERS RD,KANE AVE,,Minor Arterial,Etobicoke York,43.682045,-79.46649,,Stop Sign,Clear,Dark,Dry,Fatal,Angle,Driver,25 to 29,None,,East,"Automobile, Station Wagon",Going Ahead,Driving Properly,Normal,,,,,,,,,Yes,,,,,Yes,Yes,Yes,,,,110,Keelesdale-Eglinton West,110,Keelesdale-Eglinton West (110),D12,623603.459287468,4837700.87620022
1231,5316444,1018347,1/31/2008 5:00:00 AM,1440,DON MILLS RD E,GODSTONE RD,,Major Arterial,North York,43.782745,-79.34909,At Intersection,Traffic Signal,Clear,Daylight,Dry,Fatal,SMV Other,Passenger,80 to 84,Fatal,6,,Other,,,,,,,,,,,,Yes,,,,,Yes,,,,,,47,Don Valley Village,47,Don Valley Village (47),D33,632843.354802492,4849066.7521479
1232,5316445,1018347,1/31/2008 5:00:00 AM,1440,DON MILLS RD E,GODSTONE RD,,Major Arterial,North York,43.782745,-79.34909,At Intersection,Traffic Signal,Clear,Daylight,Dry,Fatal,SMV Other,Driver,85 to 89,Minor,,West,"Automobile, Station Wagon",Turning Left,Lost control,Inattentive,,,,,,,,,Yes,,,,,Yes,,,,,,47,Don Valley Village,47,Don Valley Village (47),D33,632843.354802492,4849066.7521479
1233,5322753,1021293,2/2/2008 5:00:00 AM,2307,BRIMLEY RD,CHARTLAND BLVD S,,Major Arterial,Scarborough,43.804445,-79.27619,,No Control,Snow,Dark,Slush,Non-Fatal Injury,Approaching,Passenger,20 to 24,Major,,,Other,,,,,,,,,,,,Yes,,,,,Yes,Yes,Yes,,,,129,Agincourt North,129,Agincourt North (129),D42,638659.245789371,4851596.452315
1234,5322754,1021293,2/2/2008 5:00:00 AM,2307,BRIMLEY RD,CHARTLAND BLVD S,,Major Arterial,Scarborough,43.804445,-79.27619,,No Control,Snow,Dark,Slush,Non-Fatal Injury,Approaching,Vehicle Owner,unknown,,,,Other,,,,,,,,,,,,Yes,,,,,Yes,Yes,Yes,,,,129,Agincourt North,129,Agincourt North (129),D42,638659.245789371,4851596.452315
1235,5322755,1021293,2/2/2008 5:00:00 AM,2307,BRIMLEY RD,CHARTLAND BLVD S,,Major Arterial,Scarborough,43.804445,-79.27619,,No Control,Snow,Dark,Slush,Non-Fatal Injury,Approaching,Driver,20 to 24,Minor,,North,"Automobile, Station Wagon",Going Ahead,Speed too Fast For Condition,Normal,,,,,,,,,Yes,,,,,Yes,Yes,Yes,,,,129,Agincourt North,129,Agincourt North (129),D42,638659.245789371,4851596.452315
1236,5322756,1021293,2/2/2008 5:00:00 AM,2307,BRIMLEY RD,CHARTLAND BLVD S,,Major Arterial,Scarborough,43.804445,-79.27619,,No Control,Snow,Dark,Slush,Non-Fatal Injury,Approaching,Vehicle Owner,unknown,,,,Other,,,,,,,,,,,,Yes,,,,,Yes,Yes,Yes,,,,129,Agincourt North,129,Agincourt North (129),D42,638659.245789371,4851596.452315
1237,5322757,1021293,2/2/2008 5:00:00 AM,2307,BRIMLEY RD,CHARTLAND BLVD S,,Major Arterial,Scarborough,43.804445,-79.27619,,No Control,Snow,Dark,Slush,Non-Fatal Injury,Approaching,Driver,15 to 19,None,,South,"Automobile, Station Wagon",Going Ahead,Driving Properly,Normal,,,,,,,,,Yes,,,,,Yes,Yes,Yes,,,,129,Agincourt North,129,Agincourt North (129),D42,638659.245789371,4851596.452315
1238,5326661,1023204,2/3/2008 5:00:00 AM,343,STEELES AVE E,MARKHAM RD,,Major Arterial,Scarborough,43.836545,-79.25119,At Intersection,Traffic Signal,Clear,Dark,Dry,Non-Fatal Injury,Angle,Passenger,30 to 34,Major,,,Other,,,,,,,,,,,,Yes,,,,,Yes,,Yes,Yes,Yes,,130,Milliken,130,Milliken (130),D42,640594.83934028,4855203.88272512
1239,5326662,1023204,2/3/2008 5:00:00 AM,343,STEELES AVE E,MARKHAM RD,,Major Arterial,Scarborough,43.836545,-79.25119,At Intersection,Traffic Signal,Clear,Dark,Dry,Non-Fatal Injury,Angle,Passenger,35 to 39,Minor,,,Other,,,,,,,,,,,,Yes,,,,,Yes,,Yes,Yes,Yes,,130,Milliken,130,Milliken (130),D42,640594.83934028,4855203.88272512
1240,5326663,1023204,2/3/2008 5:00:00 AM,343,STEELES AVE E,MARKHAM RD,,Major Arterial,Scarborough,43.836545,-79.25119,At Intersection,Traffic Signal,Clear,Dark,Dry,Non-Fatal Injury,Angle,Driver,35 to 39,Minor,,West,"Automobile, Station Wagon",Going Ahead,Driving Properly,Normal,,,,,,,,,Yes,,,,,Yes,,Yes,Yes,Yes,,130,Milliken,130,Milliken (130),D42,640594.83934028,4855203.88272512
1241,5326664,1023204,2/3/2008 5:00:00 AM,343,STEELES AVE E,MARKHAM RD,,Major Arterial,Scarborough,43.836545,-79.25119,At Intersection,Traffic Signal,Clear,Dark,Dry,Non-Fatal Injury,Angle,Driver,15 to 19,None,,South,"Automobile, Station Wagon",Going Ahead,Disobeyed Traffic Control,"Ability Impaired, Alcohol Over .08",,,,,,,,,Yes,,,,,Yes,,Yes,Yes,Yes,,130,Milliken,130,Milliken (130),D42,640594.83934028,4855203.88272512
1242,5321604,1020755,2/3/2008 5:00:00 AM,1520,KENNEDY RD,BRIGSTOCK RD,,Major Arterial,Scarborough,43.762345,-79.27989,,No Control,Clear,Daylight,Wet,Non-Fatal Injury,Approaching,Vehicle Owner,unknown,,,,Other,,,,,,,,,,,,Yes,,,,,Yes,Yes,Yes,,,,126,Dorset Park,126,Dorset Park (126),D41,638458.784039057,4846914.39058609
1243,5321605,1020755,2/3/2008 5:00:00 AM,1520,KENNEDY RD,BRIGSTOCK RD,,Major Arterial,Scarborough,43.762345,-79.27989,,No Control,Clear,Daylight,Wet,Non-Fatal Injury,Approaching,Driver,50 to 54,Major,,South,"Automobile, Station Wagon",Going Ahead,Driving Properly,Normal,,,,,,,,,Yes,,,,,Yes,Yes,Yes,,,,126,Dorset Park,126,Dorset Park (126),D41,638458.784039057,4846914.39058609
1244,5321606,1020755,2/3/2008 5:00:00 AM,1520,KENNEDY RD,BRIGSTOCK RD,,Major Arterial,Scarborough,43.762345,-79.27989,,No Control,Clear,Daylight,Wet,Non-Fatal Injury,Approaching,Passenger,20 to 24,Minimal,,,Other,,,,,,,,,,,,Yes,,,,,Yes,Yes,Yes,,,,126,Dorset Park,126,Dorset Park (126),D41,638458.784039057,4846914.39058609
1245,5321607,1020755,2/3/2008 5:00:00 AM,1520,KENNEDY RD,BRIGSTOCK RD,,Major Arterial,Scarborough,43.762345,-79.27989,,No Control,Clear,Daylight,Wet,Non-Fatal Injury,Approaching,Passenger,20 to 24,Minimal,,,Other,,,,,,,,,,,,Yes,,,,,Yes,Yes,Yes,,,,126,Dorset Park,126,Dorset Park (126),D41,638458.784039057,4846914.39058609
1246,5321608,1020755,2/3/2008 5:00:00 AM,1520,KENNEDY RD,BRIGSTOCK RD,,Major Arterial,Scarborough,43.762345,-79.27989,,No Control,Clear,Daylight,Wet,Non-Fatal Injury,Approaching,Vehicle Owner,unknown,,,,Other,,,,,,,,,,,,Yes,,,,,Yes,Yes,Yes,,,,126,Dorset Park,126,Dorset Park (126),D41,638458.784039057,4846914.39058609
1247,5321609,1020755,2/3/2008 5:00:00 AM,1520,KENNEDY RD,BRIGSTOCK RD,,Major Arterial,Scarborough,43.762345,-79.27989,,No Control,Clear,Daylight,Wet,Non-Fatal Injury,Approaching,Driver,20 to 24,None,,North,"Automobile, Station Wagon",Going Ahead,Speed too Fast For Condition,Normal,,,,,,,,,Yes,,,,,Yes,Yes,Yes,,,,126,Dorset Park,126,Dorset Park (126),D41,638458.784039057,4846914.39058609
1248,5318177,1019180,2/4/2008 5:00:00 AM,1245,O CONNOR DR,WOODBINE AVE,,Major Arterial,Toronto and East York,43.700148,-79.319026,At Intersection,Traffic Signal,Clear,Daylight,Dry,Non-Fatal Injury,Other,Passenger,55 to 59,None,,,Other,,,,,,,,,,,,Yes,,,,,Yes,,,,,,60,Woodbine-Lumsden,60,Woodbine-Lumsden (60),D55,635448.670623506,4839941.80790891
1249,5318178,1019180,2/4/2008 5:00:00 AM,1245,O CONNOR DR,WOODBINE AVE,,Major Arterial,Toronto and East York,43.700148,-79.319026,At Intersection,Traffic Signal,Clear,Daylight,Dry,Non-Fatal Injury,Other,Passenger,85 to 89,Major,,,Other,,,,,,,,,,,,Yes,,,,,Yes,,,,,,60,Woodbine-Lumsden,60,Woodbine-Lumsden (60),D55,635448.670623506,4839941.80790891
1250,5318179,1019180,2/4/2008 5:00:00 AM,1245,O CONNOR DR,WOODBINE AVE,,Major Arterial,Toronto and East York,43.700148,-79.319026,At Intersection,Traffic Signal,Clear,Daylight,Dry,Non-Fatal Injury,Other,Vehicle Owner,unknown,,,,Other,,,,,,,,,,,,Yes,,,,,Yes,,,,,,60,Woodbine-Lumsden,60,Woodbine-Lumsden (60),D55,635448.670623506,4839941.80790891
1251,5318180,1019180,2/4/2008 5:00:00 AM,1245,O CONNOR DR,WOODBINE AVE,,Major Arterial,Toronto and East York,43.700148,-79.319026,At Intersection,Traffic Signal,Clear,Daylight,Dry,Non-Fatal Injury,Other,Driver,45 to 49,None,,West,"Automobile, Station Wagon",Slowing or Stopping,Driving Properly,Normal,,,,,,,,,Yes,,,,,Yes,,,,,,60,Woodbine-Lumsden,60,Woodbine-Lumsden (60),D55,635448.670623506,4839941.80790891
1252,5333499,1026352,2/4/2008 5:00:00 AM,2250,KIPLING AVE,NEW TORONTO ST,,Major Arterial,Etobicoke York,43.604445,-79.51949,,No Control,Clear,Dark,Loose Snow,Non-Fatal Injury,Angle,Passenger,35 to 39,Minor,,,Other,,,,,,,,,,,,Yes,,,,,Yes,,Yes,,,,18,New Toronto,18,New Toronto (18),D22,619485.268891224,4829004.79482421
1253,5333500,1026352,2/4/2008 5:00:00 AM,2250,KIPLING AVE,NEW TORONTO ST,,Major Arterial,Etobicoke York,43.604445,-79.51949,,No Control,Clear,Dark,Loose Snow,Non-Fatal Injury,Angle,Driver,40 to 44,None,,North,"Automobile, Station Wagon",Going Ahead,Lost control,Inattentive,,,,,,,,,Yes,,,,,Yes,,Yes,,,,18,New Toronto,18,New Toronto (18),D22,619485.268891224,4829004.79482421
1254,5333501,1026352,2/4/2008 5:00:00 AM,2250,KIPLING AVE,NEW TORONTO ST,,Major Arterial,Etobicoke York,43.604445,-79.51949,,No Control,Clear,Dark,Loose Snow,Non-Fatal Injury,Angle,Driver,15 to 19,None,,North,"Automobile, Station Wagon",Going Ahead,Following too Close,Normal,,,,,,,,,Yes,,,,,Yes,,Yes,,,,18,New Toronto,18,New Toronto (18),D22,619485.268891224,4829004.79482421
1255,5333502,1026352,2/4/2008 5:00:00 AM,2250,KIPLING AVE,NEW TORONTO ST,,Major Arterial,Etobicoke York,43.604445,-79.51949,,No Control,Clear,Dark,Loose Snow,Non-Fatal Injury,Angle,Passenger,15 to 19,Major,,,Other,,,,,,,,,,,,Yes,,,,,Yes,,Yes,,,,18,New Toronto,18,New Toronto (18),D22,619485.268891224,4829004.79482421
1256,5333503,1026352,2/4/2008 5:00:00 AM,2250,KIPLING AVE,NEW TORONTO ST,,Major Arterial,Etobicoke York,43.604445,-79.51949,,No Control,Clear,Dark,Loose Snow,Non-Fatal Injury,Angle,Driver,20 to 24,Major,,North,"Automobile, Station Wagon",Going Ahead,Lost control,Normal,,,,,,,,,Yes,,,,,Yes,,Yes,,,,18,New Toronto,18,New Toronto (18),D22,619485.268891224,4829004.79482421
1257,5321732,1020812,2/5/2008 5:00:00 AM,1651,KIPLING AVE,EGLINTON AVE W,,Major Arterial,Etobicoke York,43.678645,-79.55159,,No Control,Clear,Dusk,Dry,Non-Fatal Injury,Rear End,Driver,70 to 74,Major,,South,"Automobile, Station Wagon",Slowing or Stopping,Driving Properly,Normal,,,,,,,,,Yes,,,,,Yes,,Yes,,,,7,Willowridge-Martingrove-Richview,7,Willowridge-Martingrove-Richview (7),D23,616750.796883223,4837199.95635634
1258,5321733,1020812,2/5/2008 5:00:00 AM,1651,KIPLING AVE,EGLINTON AVE W,,Major Arterial,Etobicoke York,43.678645,-79.55159,,No Control,Clear,Dusk,Dry,Non-Fatal Injury,Rear End,Passenger,50 to 54,Minimal,,,Other,,,,,,,,,,,,Yes,,,,,Yes,,Yes,,,,7,Willowridge-Martingrove-Richview,7,Willowridge-Martingrove-Richview (7),D23,616750.796883223,4837199.95635634