OBJECTID,INDEX,ACCNUM,DATE,TIME,STREET1,STREET2,OFFSET,ROAD_CLASS,DISTRICT,LATITUDE,LONGITUDE,ACCLOC,TRAFFCTL,VISIBILITY,LIGHT,RDSFCOND,ACCLASS,IMPACTYPE,INVTYPE,INVAGE,INJURY,FATAL_NO,INITDIR,VEHTYPE,MANOEUVER,DRIVACT,DRIVCOND,PEDTYPE,PEDACT,PEDCOND,CYCLISTYPE,CYCACT,CYCCOND,PEDESTRIAN,CYCLIST,AUTOMOBILE,MOTORCYCLE,TRUCK,TRSN_CITY_VEH,EMERG_VEH,PASSENGER,SPEEDING,AG_DRIV,REDLIGHT,ALCOHOL,DISABILITY,HOOD_158,NEIGHBOURHOOD_158,HOOD_140,NEIGHBOURHOOD_140,DIVISION,x,y
1321,5351645,1034751,4/13/2008 4:00:00 AM,1430,KENNEDY RD,401 C E KENNEDY N RAMP RD E,,Major Arterial,Scarborough,43.773145,-79.28389,,Traffic Signal,Clear,Daylight,Dry,Non-Fatal Injury,Angle,Passenger,60 to 64,Minor,,,Other,,,,,,,,,,,,Yes,,,,,Yes,,Yes,Yes,,,126,Dorset Park,126,Dorset Park (126),D41,638111.94412891,4848107.21749483
1322,5351646,1034751,4/13/2008 4:00:00 AM,1430,KENNEDY RD,401 C E KENNEDY N RAMP RD E,,Major Arterial,Scarborough,43.773145,-79.28389,,Traffic Signal,Clear,Daylight,Dry,Non-Fatal Injury,Angle,Driver,60 to 64,Major,,East,"Automobile, Station Wagon",Going Ahead,Driving Properly,Normal,,,,,,,,,Yes,,,,,Yes,,Yes,Yes,,,126,Dorset Park,126,Dorset Park (126),D41,638111.94412891,4848107.21749483
1323,5351200,1034552,4/14/2008 4:00:00 AM,2321,FINCH AVE W,WESTMORE DR,,Major Arterial,Etobicoke York,43.734645,-79.60099,,Traffic Signal,Clear,Dark,Dry,Non-Fatal Injury,Rear End,Passenger,40 to 44,Major,,,Other,,,,,,,,,,,,Yes,,,,,Yes,,Yes,,,,1,West Humber-Clairville,1,West Humber-Clairville (1),D23,612663.868970111,4843351.17089053
1324,5351201,1034552,4/14/2008 4:00:00 AM,2321,FINCH AVE W,WESTMORE DR,,Major Arterial,Etobicoke York,43.734645,-79.60099,,Traffic Signal,Clear,Dark,Dry,Non-Fatal Injury,Rear End,Passenger,25 to 29,Major,,,Other,,,,,,,,,,,,Yes,,,,,Yes,,Yes,,,,1,West Humber-Clairville,1,West Humber-Clairville (1),D23,612663.868970111,4843351.17089053
1325,5351202,1034552,4/14/2008 4:00:00 AM,2321,FINCH AVE W,WESTMORE DR,,Major Arterial,Etobicoke York,43.734645,-79.60099,,Traffic Signal,Clear,Dark,Dry,Non-Fatal Injury,Rear End,Passenger,30 to 34,Minimal,,,Other,,,,,,,,,,,,Yes,,,,,Yes,,Yes,,,,1,West Humber-Clairville,1,West Humber-Clairville (1),D23,612663.868970111,4843351.17089053
1326,5351203,1034552,4/14/2008 4:00:00 AM,2321,FINCH AVE W,WESTMORE DR,,Major Arterial,Etobicoke York,43.734645,-79.60099,,Traffic Signal,Clear,Dark,Dry,Non-Fatal Injury,Rear End,Driver,25 to 29,None,,West,"Automobile, Station Wagon",Stopped,Driving Properly,Normal,,,,,,,,,Yes,,,,,Yes,,Yes,,,,1,West Humber-Clairville,1,West Humber-Clairville (1),D23,612663.868970111,4843351.17089053
1327,5351204,1034552,4/14/2008 4:00:00 AM,2321,FINCH AVE W,WESTMORE DR,,Major Arterial,Etobicoke York,43.734645,-79.60099,,Traffic Signal,Clear,Dark,Dry,Non-Fatal Injury,Rear End,Passenger,25 to 29,Major,,,Other,,,,,,,,,,,,Yes,,,,,Yes,,Yes,,,,1,West Humber-Clairville,1,West Humber-Clairville (1),D23,612663.868970111,4843351.17089053
1328,5351205,1034552,4/14/2008 4:00:00 AM,2321,FINCH AVE W,WESTMORE DR,,Major Arterial,Etobicoke York,43.734645,-79.60099,,Traffic Signal,Clear,Dark,Dry,Non-Fatal Injury,Rear End,Passenger,50 to 54,Major,,,Other,,,,,,,,,,,,Yes,,,,,Yes,,Yes,,,,1,West Humber-Clairville,1,West Humber-Clairville (1),D23,612663.868970111,4843351.17089053
1329,5351206,1034552,4/14/2008 4:00:00 AM,2321,FINCH AVE W,WESTMORE DR,,Major Arterial,Etobicoke York,43.734645,-79.60099,,Traffic Signal,Clear,Dark,Dry,Non-Fatal Injury,Rear End,Vehicle Owner,unknown,,,,Other,,,,,,,,,,,,Yes,,,,,Yes,,Yes,,,,1,West Humber-Clairville,1,West Humber-Clairville (1),D23,612663.868970111,4843351.17089053
1330,5351207,1034552,4/14/2008 4:00:00 AM,2321,FINCH AVE W,WESTMORE DR,,Major Arterial,Etobicoke York,43.734645,-79.60099,,Traffic Signal,Clear,Dark,Dry,Non-Fatal Injury,Rear End,Driver,35 to 39,None,,West,"Automobile, Station Wagon",Going Ahead,Following too Close,Normal,,,,,,,,,Yes,,,,,Yes,,Yes,,,,1,West Humber-Clairville,1,West Humber-Clairville (1),D23,612663.868970111,4843351.17089053
1331,5358713,1037905,4/26/2008 4:00:00 AM,712,KIPLING Aven,EGLINTON Aven W,,Major Arterial,Etobicoke York,43.677145,-79.55089,At Intersection,Traffic Signal,Clear,Daylight,Dry,Non-Fatal Injury,Angle,Driver,65 to 69,None,,North,"Automobile, Station Wagon",Stopped,Driving Properly,Normal,,,,,,,,,Yes,,,,,Yes,,Yes,Yes,,,10,Princess-Rosethorn,10,Princess-Rosethorn (10),D22,616810.13209569,4837034.34710106
1332,5358714,1037905,4/26/2008 4:00:00 AM,712,KIPLING Aven,EGLINTON Aven W,,Major Arterial,Etobicoke York,43.677145,-79.55089,At Intersection,Traffic Signal,Clear,Daylight,Dry,Non-Fatal Injury,Angle,Driver,45 to 49,None,,South,"Automobile, Station Wagon",Going Ahead,Disobeyed Traffic Control,Normal,,,,,,,,,Yes,,,,,Yes,,Yes,Yes,,,10,Princess-Rosethorn,10,Princess-Rosethorn (10),D22,616810.13209569,4837034.34710106
1333,5358715,1037905,4/26/2008 4:00:00 AM,712,KIPLING Aven,EGLINTON Aven W,,Major Arterial,Etobicoke York,43.677145,-79.55089,At Intersection,Traffic Signal,Clear,Daylight,Dry,Non-Fatal Injury,Angle,Passenger,40 to 44,Minimal,,,Other,,,,,,,,,,,,Yes,,,,,Yes,,Yes,Yes,,,10,Princess-Rosethorn,10,Princess-Rosethorn (10),D22,616810.13209569,4837034.34710106
1334,5358716,1037905,4/26/2008 4:00:00 AM,712,KIPLING Aven,EGLINTON Aven W,,Major Arterial,Etobicoke York,43.677145,-79.55089,At Intersection,Traffic Signal,Clear,Daylight,Dry,Non-Fatal Injury,Angle,Driver,30 to 34,Major,,East,"Automobile, Station Wagon",Going Ahead,Driving Properly,Normal,,,,,,,,,Yes,,,,,Yes,,Yes,Yes,,,10,Princess-Rosethorn,10,Princess-Rosethorn (10),D22,616810.13209569,4837034.34710106
1335,5353049,1035403,4/28/2008 4:00:00 AM,1438,FINCH AVE E,SKYMARK DR,,Major Arterial,North York,43.793145,-79.35229,At Intersection,Traffic Signal,Clear,Daylight,Dry,Non-Fatal Injury,Turning Movement,Driver,85 to 89,Minimal,,South,"Automobile, Station Wagon",Turning Right,Improper Turn,Inattentive,,,,,,,,,Yes,,,,,Yes,,,,,,47,Don Valley Village,47,Don Valley Village (47),D33,632562.865878395,4850216.7048304
1336,5353050,1035403,4/28/2008 4:00:00 AM,1438,FINCH AVE E,SKYMARK DR,,Major Arterial,North York,43.793145,-79.35229,At Intersection,Traffic Signal,Clear,Daylight,Dry,Non-Fatal Injury,Turning Movement,Vehicle Owner,unknown,,,,Other,,,,,,,,,,,,Yes,,,,,Yes,,,,,,47,Don Valley Village,47,Don Valley Village (47),D33,632562.865878395,4850216.7048304
1337,5353051,1035403,4/28/2008 4:00:00 AM,1438,FINCH AVE E,SKYMARK DR,,Major Arterial,North York,43.793145,-79.35229,At Intersection,Traffic Signal,Clear,Daylight,Dry,Non-Fatal Injury,Turning Movement,Driver,60 to 64,None,,West,"Automobile, Station Wagon",Going Ahead,Driving Properly,Normal,,,,,,,,,Yes,,,,,Yes,,,,,,47,Don Valley Village,47,Don Valley Village (47),D33,632562.865878395,4850216.7048304
1338,5353052,1035403,4/28/2008 4:00:00 AM,1438,FINCH AVE E,SKYMARK DR,,Major Arterial,North York,43.793145,-79.35229,At Intersection,Traffic Signal,Clear,Daylight,Dry,Non-Fatal Injury,Turning Movement,Passenger,85 to 89,Major,,,Other,,,,,,,,,,,,Yes,,,,,Yes,,,,,,47,Don Valley Village,47,Don Valley Village (47),D33,632562.865878395,4850216.7048304
1339,5359679,1038340,5/13/2008 4:00:00 AM,2030,EGLINTON AVE E,CREDIT UNION DR,,Major Arterial,North York,43.725945,-79.31939,,No Control,Clear,Dark,Dry,Fatal,Approaching,Vehicle Owner,unknown,,,,Other,,,,,,,,,,,,Yes,,,,,Yes,Yes,Yes,,,,43,Victoria Village,43,Victoria Village (43),D33,635361.247501426,4842806.34166052
1340,5359680,1038340,5/13/2008 4:00:00 AM,2030,EGLINTON AVE E,CREDIT UNION DR,,Major Arterial,North York,43.725945,-79.31939,,No Control,Clear,Dark,Dry,Fatal,Approaching,Driver,25 to 29,Minor,,East,"Automobile, Station Wagon",Going Ahead,Driving Properly,Normal,,,,,,,,,Yes,,,,,Yes,Yes,Yes,,,,43,Victoria Village,43,Victoria Village (43),D33,635361.247501426,4842806.34166052
1341,5359681,1038340,5/13/2008 4:00:00 AM,2030,EGLINTON AVE E,CREDIT UNION DR,,Major Arterial,North York,43.725945,-79.31939,,No Control,Clear,Dark,Dry,Fatal,Approaching,Driver,55 to 59,Minor,,East,"Automobile, Station Wagon",Going Ahead,Driving Properly,Normal,,,,,,,,,Yes,,,,,Yes,Yes,Yes,,,,43,Victoria Village,43,Victoria Village (43),D33,635361.247501426,4842806.34166052
1342,5359682,1038340,5/13/2008 4:00:00 AM,2030,EGLINTON AVE E,CREDIT UNION DR,,Major Arterial,North York,43.725945,-79.31939,,No Control,Clear,Dark,Dry,Fatal,Approaching,Vehicle Owner,unknown,,,,Other,,,,,,,,,,,,Yes,,,,,Yes,Yes,Yes,,,,43,Victoria Village,43,Victoria Village (43),D33,635361.247501426,4842806.34166052
1343,5359683,1038340,5/13/2008 4:00:00 AM,2030,EGLINTON AVE E,CREDIT UNION DR,,Major Arterial,North York,43.725945,-79.31939,,No Control,Clear,Dark,Dry,Fatal,Approaching,Driver,25 to 29,Minor,,East,"Automobile, Station Wagon",Going Ahead,Driving Properly,Normal,,,,,,,,,Yes,,,,,Yes,Yes,Yes,,,,43,Victoria Village,43,Victoria Village (43),D33,635361.247501426,4842806.34166052
1344,5359684,1038340,5/13/2008 4:00:00 AM,2030,EGLINTON AVE E,CREDIT UNION DR,,Major Arterial,North York,43.725945,-79.31939,,No Control,Clear,Dark,Dry,Fatal,Approaching,Driver,30 to 34,Minor,,East,"Automobile, Station Wagon",Going Ahead,Driving Properly,Unknown,,,,,,,,,Yes,,,,,Yes,Yes,Yes,,,,43,Victoria Village,43,Victoria Village (43),D33,635361.247501426,4842806.34166052
1345,5359685,1038340,5/13/2008 4:00:00 AM,2030,EGLINTON AVE E,CREDIT UNION DR,,Major Arterial,North York,43.725945,-79.31939,,No Control,Clear,Dark,Dry,Fatal,Approaching,Passenger,30 to 34,None,,,Other,,,,,,,,,,,,Yes,,,,,Yes,Yes,Yes,,,,43,Victoria Village,43,Victoria Village (43),D33,635361.247501426,4842806.34166052
1346,5359686,1038340,5/13/2008 4:00:00 AM,2030,EGLINTON AVE E,CREDIT UNION DR,,Major Arterial,North York,43.725945,-79.31939,,No Control,Clear,Dark,Dry,Fatal,Approaching,Passenger,25 to 29,Minor,,,Other,,,,,,,,,,,,Yes,,,,,Yes,Yes,Yes,,,,43,Victoria Village,43,Victoria Village (43),D33,635361.247501426,4842806.34166052
1347,5359687,1038340,5/13/2008 4:00:00 AM,2030,EGLINTON AVE E,CREDIT UNION DR,,Major Arterial,North York,43.725945,-79.31939,,No Control,Clear,Dark,Dry,Fatal,Approaching,Passenger,20 to 24,Major,,,Other,,,,,,,,,,,,Yes,,,,,Yes,Yes,Yes,,,,43,Victoria Village,43,Victoria Village (43),D33,635361.247501426,4842806.34166052
1348,5359688,1038340,5/13/2008 4:00:00 AM,2030,EGLINTON AVE E,CREDIT UNION DR,,Major Arterial,North York,43.725945,-79.31939,,No Control,Clear,Dark,Dry,Fatal,Approaching,Passenger,15 to 19,Major,,,Other,,,,,,,,,,,,Yes,,,,,Yes,Yes,Yes,,,,43,Victoria Village,43,Victoria Village (43),D33,635361.247501426,4842806.34166052
1349,5359689,1038340,5/13/2008 4:00:00 AM,2030,EGLINTON AVE E,CREDIT UNION DR,,Major Arterial,North York,43.725945,-79.31939,,No Control,Clear,Dark,Dry,Fatal,Approaching,Passenger,20 to 24,Fatal,18,,Other,,,,,,,,,,,,Yes,,,,,Yes,Yes,Yes,,,,43,Victoria Village,43,Victoria Village (43),D33,635361.247501426,4842806.34166052
1350,5359690,1038340,5/13/2008 4:00:00 AM,2030,EGLINTON AVE E,CREDIT UNION DR,,Major Arterial,North York,43.725945,-79.31939,,No Control,Clear,Dark,Dry,Fatal,Approaching,Passenger,15 to 19,Fatal,19,,Other,,,,,,,,,,,,Yes,,,,,Yes,Yes,Yes,,,,43,Victoria Village,43,Victoria Village (43),D33,635361.247501426,4842806.34166052
1351,5359691,1038340,5/13/2008 4:00:00 AM,2030,EGLINTON AVE E,CREDIT UNION DR,,Major Arterial,North York,43.725945,-79.31939,,No Control,Clear,Dark,Dry,Fatal,Approaching,Driver,20 to 24,Minor,,West,"Automobile, Station Wagon",Going Ahead,Exceeding Speed Limit,Had Been Drinking,,,,,,,,,Yes,,,,,Yes,Yes,Yes,,,,43,Victoria Village,43,Victoria Village (43),D33,635361.247501426,4842806.34166052
1352,5359692,1038340,5/13/2008 4:00:00 AM,2030,EGLINTON AVE E,CREDIT UNION DR,,Major Arterial,North York,43.725945,-79.31939,,No Control,Clear,Dark,Dry,Fatal,Approaching,Vehicle Owner,unknown,,,,Other,,,,,,,,,,,,Yes,,,,,Yes,Yes,Yes,,,,43,Victoria Village,43,Victoria Village (43),D33,635361.247501426,4842806.34166052
1353,5359693,1038340,5/13/2008 4:00:00 AM,2030,EGLINTON AVE E,CREDIT UNION DR,,Major Arterial,North York,43.725945,-79.31939,,No Control,Clear,Dark,Dry,Fatal,Approaching,Driver,30 to 34,Minor,,East,"Automobile, Station Wagon",Going Ahead,Driving Properly,Normal,,,,,,,,,Yes,,,,,Yes,Yes,Yes,,,,43,Victoria Village,43,Victoria Village (43),D33,635361.247501426,4842806.34166052
1354,5359694,1038340,5/13/2008 4:00:00 AM,2030,EGLINTON AVE E,CREDIT UNION DR,,Major Arterial,North York,43.725945,-79.31939,,No Control,Clear,Dark,Dry,Fatal,Approaching,Vehicle Owner,unknown,,,,Other,,,,,,,,,,,,Yes,,,,,Yes,Yes,Yes,,,,43,Victoria Village,43,Victoria Village (43),D33,635361.247501426,4842806.34166052
1355,5360102,1038516,5/15/2008 4:00:00 AM,1428,FINCH AVE W,SENLAC RD,,Major Arterial,North York,43.776445,-79.43029,At Intersection,Traffic Signal,Clear,"Daylight, artificial",Dry,Non-Fatal Injury,Turning Movement,Passenger,80 to 84,Major,,,Other,,,,,,,,,,,,Yes,,,,,Yes,,Yes,,,,37,Willowdale West,37,Willowdale West (37),D32,626322.662622328,4848239.943054
1356,5360103,1038516,5/15/2008 4:00:00 AM,1428,FINCH AVE W,SENLAC RD,,Major Arterial,North York,43.776445,-79.43029,At Intersection,Traffic Signal,Clear,"Daylight, artificial",Dry,Non-Fatal Injury,Turning Movement,Driver,90 to 94,Minimal,,West,"Automobile, Station Wagon",Turning Left,Failed to Yield Right of Way,Normal,,,,,,,,,Yes,,,,,Yes,,Yes,,,,37,Willowdale West,37,Willowdale West (37),D32,626322.662622328,4848239.943054
1357,5360104,1038516,5/15/2008 4:00:00 AM,1428,FINCH AVE W,SENLAC RD,,Major Arterial,North York,43.776445,-79.43029,At Intersection,Traffic Signal,Clear,"Daylight, artificial",Dry,Non-Fatal Injury,Turning Movement,Passenger,20 to 24,None,,,Other,,,,,,,,,,,,Yes,,,,,Yes,,Yes,,,,37,Willowdale West,37,Willowdale West (37),D32,626322.662622328,4848239.943054
1358,5360105,1038516,5/15/2008 4:00:00 AM,1428,FINCH AVE W,SENLAC RD,,Major Arterial,North York,43.776445,-79.43029,At Intersection,Traffic Signal,Clear,"Daylight, artificial",Dry,Non-Fatal Injury,Turning Movement,Vehicle Owner,unknown,,,,Other,,,,,,,,,,,,Yes,,,,,Yes,,Yes,,,,37,Willowdale West,37,Willowdale West (37),D32,626322.662622328,4848239.943054
1359,5360106,1038516,5/15/2008 4:00:00 AM,1428,FINCH AVE W,SENLAC RD,,Major Arterial,North York,43.776445,-79.43029,At Intersection,Traffic Signal,Clear,"Daylight, artificial",Dry,Non-Fatal Injury,Turning Movement,Driver,25 to 29,None,,East,"Automobile, Station Wagon",Going Ahead,Driving Properly,Normal,,,,,,,,,Yes,,,,,Yes,,Yes,,,,37,Willowdale West,37,Willowdale West (37),D32,626322.662622328,4848239.943054
1360,5360107,1038516,5/15/2008 4:00:00 AM,1428,FINCH AVE W,SENLAC RD,,Major Arterial,North York,43.776445,-79.43029,At Intersection,Traffic Signal,Clear,"Daylight, artificial",Dry,Non-Fatal Injury,Turning Movement,Other Property Owner,unknown,,,,Other,,,,,,,,,,,,Yes,,,,,Yes,,Yes,,,,37,Willowdale West,37,Willowdale West (37),D32,626322.662622328,4848239.943054
1361,5367083,1041602,5/18/2008 4:00:00 AM,840,LAWSON Rd,MEADOWVALE Rd,,Collector,Scarborough,43.784845,-79.16249,,No Control,Clear,Daylight,Dry,Non-Fatal Injury,Approaching,Vehicle Owner,unknown,,,,Other,,,,,,,,,,,,Yes,,,,,Yes,,,,,,133,Centennial Scarborough,133,Centennial Scarborough (133),D43,647853.452919412,4849616.36706277
1362,5367084,1041602,5/18/2008 4:00:00 AM,840,LAWSON Rd,MEADOWVALE Rd,,Collector,Scarborough,43.784845,-79.16249,,No Control,Clear,Daylight,Dry,Non-Fatal Injury,Approaching,Driver,40 to 44,Major,,West,"Automobile, Station Wagon",Going Ahead,Driving Properly,Normal,,,,,,,,,Yes,,,,,Yes,,,,,,133,Centennial Scarborough,133,Centennial Scarborough (133),D43,647853.452919412,4849616.36706277
1363,5367085,1041602,5/18/2008 4:00:00 AM,840,LAWSON Rd,MEADOWVALE Rd,,Collector,Scarborough,43.784845,-79.16249,,No Control,Clear,Daylight,Dry,Non-Fatal Injury,Approaching,Passenger,65 to 69,Major,,,Other,,,,,,,,,,,,Yes,,,,,Yes,,,,,,133,Centennial Scarborough,133,Centennial Scarborough (133),D43,647853.452919412,4849616.36706277
1364,5367086,1041602,5/18/2008 4:00:00 AM,840,LAWSON Rd,MEADOWVALE Rd,,Collector,Scarborough,43.784845,-79.16249,,No Control,Clear,Daylight,Dry,Non-Fatal Injury,Approaching,Driver,35 to 39,Minor,,East,"Automobile, Station Wagon",Going Ahead,Lost control,Normal,,,,,,,,,Yes,,,,,Yes,,,,,,133,Centennial Scarborough,133,Centennial Scarborough (133),D43,647853.452919412,4849616.36706277
1365,5368873,1042389,5/23/2008 4:00:00 AM,2135,CENTENNIAL PARK Rd,RATHBURN Rd,,Minor Arterial,Etobicoke York,43.650745,-79.58149,,No Control,Clear,Dark,Dry,Non-Fatal Injury,Turning Movement,Passenger,25 to 29,Major,,,Other,,,,,,,,,,,,Yes,Yes,,,,Yes,,Yes,,,,11,Eringate-Centennial-West Deane,11,Eringate-Centennial-West Deane (11),D22,614393.632564532,4834059.65051793
1366,5368874,1042389,5/23/2008 4:00:00 AM,2135,CENTENNIAL PARK Rd,RATHBURN Rd,,Minor Arterial,Etobicoke York,43.650745,-79.58149,,No Control,Clear,Dark,Dry,Non-Fatal Injury,Turning Movement,Motorcycle Driver,20 to 24,Minor,,North,Motorcycle,Going Ahead,Lost control,Normal,,,,,,,,,Yes,Yes,,,,Yes,,Yes,,,,11,Eringate-Centennial-West Deane,11,Eringate-Centennial-West Deane (11),D22,614393.632564532,4834059.65051793
1367,5368875,1042389,5/23/2008 4:00:00 AM,2135,CENTENNIAL PARK Rd,RATHBURN Rd,,Minor Arterial,Etobicoke York,43.650745,-79.58149,,No Control,Clear,Dark,Dry,Non-Fatal Injury,Turning Movement,Driver,20 to 24,None,,West,"Automobile, Station Wagon",Turning Left,Failed to Yield Right of Way,Normal,,,,,,,,,Yes,Yes,,,,Yes,,Yes,,,,11,Eringate-Centennial-West Deane,11,Eringate-Centennial-West Deane (11),D22,614393.632564532,4834059.65051793
1368,5368533,1042256,5/24/2008 4:00:00 AM,200,SPADINA AVE,CLARENCE SQ W,,Major Arterial,Toronto and East York,43.644845,-79.39479,,No Control,Clear,Dark,Dry,Non-Fatal Injury,SMV Other,Motorcycle Passenger,20 to 24,Minimal,,,Other,,,,,,,,,,,,,Yes,,,,Yes,,,,,,164,Wellington Place,77,Waterfront Communities-The Island (77),D52,629462.59239971,4833678.67562488
1369,5368534,1042256,5/24/2008 4:00:00 AM,200,SPADINA AVE,CLARENCE SQ W,,Major Arterial,Toronto and East York,43.644845,-79.39479,,No Control,Clear,Dark,Dry,Non-Fatal Injury,SMV Other,Motorcycle Driver,20 to 24,Major,,South,Motorcycle,Turning Left,Lost control,Normal,,,,,,,,,,Yes,,,,Yes,,,,,,164,Wellington Place,77,Waterfront Communities-The Island (77),D52,629462.59239971,4833678.67562488
1370,5376332,1045778,5/26/2008 4:00:00 AM,1410,KING ST W,YORK ST,,Major Arterial,Toronto and East York,43.648345,-79.38179,At Intersection,No Control,Clear,Daylight,Dry,Non-Fatal Injury,Cyclist Collisions,Passenger,40 to 44,None,,,Other,,,,,,,,,,,Yes,Yes,,,,,Yes,,,,,,170,Yonge-Bay Corridor,76,Bay Street Corridor (76),D52,630503.493425965,4834087.75759212
1371,5376333,1045778,5/26/2008 4:00:00 AM,1410,KING ST W,YORK ST,,Major Arterial,Toronto and East York,43.648345,-79.38179,At Intersection,No Control,Clear,Daylight,Dry,Non-Fatal Injury,Cyclist Collisions,Vehicle Owner,unknown,,,,Other,,,,,,,,,,,Yes,Yes,,,,,Yes,,,,,,170,Yonge-Bay Corridor,76,Bay Street Corridor (76),D52,630503.493425965,4834087.75759212
1372,5376334,1045778,5/26/2008 4:00:00 AM,1410,KING ST W,YORK ST,,Major Arterial,Toronto and East York,43.648345,-79.38179,At Intersection,No Control,Clear,Daylight,Dry,Non-Fatal Injury,Cyclist Collisions,Driver,50 to 54,None,,West,"Automobile, Station Wagon",Turning Left,Other,Normal,,,,,,,,Yes,Yes,,,,,Yes,,,,,,170,Yonge-Bay Corridor,76,Bay Street Corridor (76),D52,630503.493425965,4834087.75759212
1373,5376335,1045778,5/26/2008 4:00:00 AM,1410,KING ST W,YORK ST,,Major Arterial,Toronto and East York,43.648345,-79.38179,At Intersection,No Control,Clear,Daylight,Dry,Non-Fatal Injury,Cyclist Collisions,Cyclist,20 to 24,Major,,,Bicycle,Unknown,,,,,,Cyclist struck opened vehicle door,Driving Properly,Normal,,Yes,Yes,,,,,Yes,,,,,,170,Yonge-Bay Corridor,76,Bay Street Corridor (76),D52,630503.493425965,4834087.75759212
1374,5372742,1044158,6/1/2008 4:00:00 AM,1031,EGLINTON AVE E,BELLAMY RD N,,Major Arterial,Scarborough,43.740245,-79.23209,At Intersection,Traffic Signal,Clear,Daylight,Dry,Non-Fatal Injury,Pedestrian Collisions,Passenger,20 to 24,Minimal,,,Other,,,,,,,,,,Yes,,Yes,,,,,Yes,Yes,Yes,Yes,,,138,Eglinton East,138,Eglinton East (138),D43,642358.840706395,4844540.87909327
1375,5372743,1044158,6/1/2008 4:00:00 AM,1031,EGLINTON AVE E,BELLAMY RD N,,Major Arterial,Scarborough,43.740245,-79.23209,At Intersection,Traffic Signal,Clear,Daylight,Dry,Non-Fatal Injury,Pedestrian Collisions,Passenger,20 to 24,Minimal,,,Other,,,,,,,,,,Yes,,Yes,,,,,Yes,Yes,Yes,Yes,,,138,Eglinton East,138,Eglinton East (138),D43,642358.840706395,4844540.87909327
1376,5372744,1044158,6/1/2008 4:00:00 AM,1031,EGLINTON AVE E,BELLAMY RD N,,Major Arterial,Scarborough,43.740245,-79.23209,At Intersection,Traffic Signal,Clear,Daylight,Dry,Non-Fatal Injury,Pedestrian Collisions,Driver,25 to 29,Minimal,,South,"Automobile, Station Wagon",Going Ahead,Driving Properly,Normal,,,,,,,Yes,,Yes,,,,,Yes,Yes,Yes,Yes,,,138,Eglinton East,138,Eglinton East (138),D43,642358.840706395,4844540.87909327
1377,5372745,1044158,6/1/2008 4:00:00 AM,1031,EGLINTON AVE E,BELLAMY RD N,,Major Arterial,Scarborough,43.740245,-79.23209,At Intersection,Traffic Signal,Clear,Daylight,Dry,Non-Fatal Injury,Pedestrian Collisions,Driver,60 to 64,Minimal,,West,"Automobile, Station Wagon",Going Ahead,Disobeyed Traffic Control,Unknown,,,,,,,Yes,,Yes,,,,,Yes,Yes,Yes,Yes,,,138,Eglinton East,138,Eglinton East (138),D43,642358.840706395,4844540.87909327
1378,5372746,1044158,6/1/2008 4:00:00 AM,1031,EGLINTON AVE E,BELLAMY RD N,,Major Arterial,Scarborough,43.740245,-79.23209,At Intersection,Traffic Signal,Clear,Daylight,Dry,Non-Fatal Injury,Pedestrian Collisions,Pedestrian,35 to 39,Minor,,South,Other,,,,Vehicle is going straight thru inter.while ped cross with ROW,Crossing with right of way,Normal,,,,Yes,,Yes,,,,,Yes,Yes,Yes,Yes,,,138,Eglinton East,138,Eglinton East (138),D43,642358.840706395,4844540.87909327
1379,5372747,1044158,6/1/2008 4:00:00 AM,1031,EGLINTON AVE E,BELLAMY RD N,,Major Arterial,Scarborough,43.740245,-79.23209,At Intersection,Traffic Signal,Clear,Daylight,Dry,Non-Fatal Injury,Pedestrian Collisions,Pedestrian,25 to 29,Major,,South,Other,,,,Vehicle is going straight thru inter.while ped cross with ROW,Crossing with right of way,Normal,,,,Yes,,Yes,,,,,Yes,Yes,Yes,Yes,,,138,Eglinton East,138,Eglinton East (138),D43,642358.840706395,4844540.87909327
1380,5373823,1044659,6/2/2008 4:00:00 AM,1455,FINCH AVE E,BAYVIEW AVE,,Major Arterial,North York,43.785045,-79.39209,At Intersection,Traffic Signal,Clear,Daylight,Dry,Non-Fatal Injury,Sideswipe,Driver,70 to 74,None,,East,"Automobile, Station Wagon",Stopped,Driving Properly,Normal,,,,,,,,,Yes,,,,,Yes,,,,,,49,Bayview Woods-Steeles,49,Bayview Woods-Steeles (49),D33,629378.290383381,4849254.09864026
1381,5373824,1044659,6/2/2008 4:00:00 AM,1455,FINCH AVE E,BAYVIEW AVE,,Major Arterial,North York,43.785045,-79.39209,At Intersection,Traffic Signal,Clear,Daylight,Dry,Non-Fatal Injury,Sideswipe,Vehicle Owner,unknown,,,,Other,,,,,,,,,,,,Yes,,,,,Yes,,,,,,49,Bayview Woods-Steeles,49,Bayview Woods-Steeles (49),D33,629378.290383381,4849254.09864026
1382,5373825,1044659,6/2/2008 4:00:00 AM,1455,FINCH AVE E,BAYVIEW AVE,,Major Arterial,North York,43.785045,-79.39209,At Intersection,Traffic Signal,Clear,Daylight,Dry,Non-Fatal Injury,Sideswipe,Driver,60 to 64,Major,,East,"Automobile, Station Wagon",Pulling Onto Shoulder or towardCurb,Lost control,Unknown,,,,,,,,,Yes,,,,,Yes,,,,,,49,Bayview Woods-Steeles,49,Bayview Woods-Steeles (49),D33,629378.290383381,4849254.09864026