OBJECTID,INDEX,ACCNUM,DATE,TIME,STREET1,STREET2,OFFSET,ROAD_CLASS,DISTRICT,LATITUDE,LONGITUDE,ACCLOC,TRAFFCTL,VISIBILITY,LIGHT,RDSFCOND,ACCLASS,IMPACTYPE,INVTYPE,INVAGE,INJURY,FATAL_NO,INITDIR,VEHTYPE,MANOEUVER,DRIVACT,DRIVCOND,PEDTYPE,PEDACT,PEDCOND,CYCLISTYPE,CYCACT,CYCCOND,PEDESTRIAN,CYCLIST,AUTOMOBILE,MOTORCYCLE,TRUCK,TRSN_CITY_VEH,EMERG_VEH,PASSENGER,SPEEDING,AG_DRIV,REDLIGHT,ALCOHOL,DISABILITY,HOOD_158,NEIGHBOURHOOD_158,HOOD_140,NEIGHBOURHOOD_140,DIVISION,x,y
1445,5381212,1047910,7/14/2008 4:00:00 AM,1337,DANFORTH AVE,COXWELL AVE,,Major Arterial,Toronto and East York,43.683345,-79.32359,At Intersection,Traffic Signal,Clear,Daylight,Dry,Fatal,Pedestrian Collisions,Driver,60 to 64,Major,,West,"Automobile, Station Wagon",Going Ahead,Exceeding Speed Limit,Medical or Physical Disability,,,,,,,Yes,,Yes,,,,,Yes,Yes,Yes,,,Yes,64,Woodbine Corridor,64,Woodbine Corridor (64),D55,635118.640289123,4838068.15300537
1446,5381213,1047910,7/14/2008 4:00:00 AM,1337,DANFORTH AVE,COXWELL AVE,,Major Arterial,Toronto and East York,43.683345,-79.32359,At Intersection,Traffic Signal,Clear,Daylight,Dry,Fatal,Pedestrian Collisions,Passenger,0 to 4,None,,,Other,,,,,,,,,,Yes,,Yes,,,,,Yes,Yes,Yes,,,Yes,64,Woodbine Corridor,64,Woodbine Corridor (64),D55,635118.640289123,4838068.15300537
1447,5381214,1047910,7/14/2008 4:00:00 AM,1337,DANFORTH AVE,COXWELL AVE,,Major Arterial,Toronto and East York,43.683345,-79.32359,At Intersection,Traffic Signal,Clear,Daylight,Dry,Fatal,Pedestrian Collisions,Passenger,10 to 14,None,,,Other,,,,,,,,,,Yes,,Yes,,,,,Yes,Yes,Yes,,,Yes,64,Woodbine Corridor,64,Woodbine Corridor (64),D55,635118.640289123,4838068.15300537
1448,5381215,1047910,7/14/2008 4:00:00 AM,1337,DANFORTH AVE,COXWELL AVE,,Major Arterial,Toronto and East York,43.683345,-79.32359,At Intersection,Traffic Signal,Clear,Daylight,Dry,Fatal,Pedestrian Collisions,Passenger,0 to 4,None,,,Other,,,,,,,,,,Yes,,Yes,,,,,Yes,Yes,Yes,,,Yes,64,Woodbine Corridor,64,Woodbine Corridor (64),D55,635118.640289123,4838068.15300537
1449,5381216,1047910,7/14/2008 4:00:00 AM,1337,DANFORTH AVE,COXWELL AVE,,Major Arterial,Toronto and East York,43.683345,-79.32359,At Intersection,Traffic Signal,Clear,Daylight,Dry,Fatal,Pedestrian Collisions,Passenger,15 to 19,None,,,Other,,,,,,,,,,Yes,,Yes,,,,,Yes,Yes,Yes,,,Yes,64,Woodbine Corridor,64,Woodbine Corridor (64),D55,635118.640289123,4838068.15300537
1450,5381217,1047910,7/14/2008 4:00:00 AM,1337,DANFORTH AVE,COXWELL AVE,,Major Arterial,Toronto and East York,43.683345,-79.32359,At Intersection,Traffic Signal,Clear,Daylight,Dry,Fatal,Pedestrian Collisions,Vehicle Owner,unknown,,,,Other,,,,,,,,,,Yes,,Yes,,,,,Yes,Yes,Yes,,,Yes,64,Woodbine Corridor,64,Woodbine Corridor (64),D55,635118.640289123,4838068.15300537
1451,5381218,1047910,7/14/2008 4:00:00 AM,1337,DANFORTH AVE,COXWELL AVE,,Major Arterial,Toronto and East York,43.683345,-79.32359,At Intersection,Traffic Signal,Clear,Daylight,Dry,Fatal,Pedestrian Collisions,Driver,50 to 54,None,,West,"Automobile, Station Wagon",Stopped,Driving Properly,Normal,,,,,,,Yes,,Yes,,,,,Yes,Yes,Yes,,,Yes,64,Woodbine Corridor,64,Woodbine Corridor (64),D55,635118.640289123,4838068.15300537
1452,5381219,1047910,7/14/2008 4:00:00 AM,1337,DANFORTH AVE,COXWELL AVE,,Major Arterial,Toronto and East York,43.683345,-79.32359,At Intersection,Traffic Signal,Clear,Daylight,Dry,Fatal,Pedestrian Collisions,Pedestrian,50 to 54,Fatal,33,North,Other,,,,Vehicle is going straight thru inter.while ped cross with ROW,Crossing with right of way,Normal,,,,Yes,,Yes,,,,,Yes,Yes,Yes,,,Yes,64,Woodbine Corridor,64,Woodbine Corridor (64),D55,635118.640289123,4838068.15300537
1453,5384019,1049080,7/20/2008 4:00:00 AM,300,WESTON RD,ROGERS RD,,Major Arterial,Etobicoke York,43.681645,-79.47679,At Intersection,Traffic Signal,Rain,Dark,Wet,Non-Fatal Injury,Turning Movement,Passenger,25 to 29,None,,,Other,,,,,,,,,,,,Yes,,,,,Yes,,,,,,111,Rockcliffe-Smythe,111,Rockcliffe-Smythe (111),D12,622774.07071151,4837641.15218585
1454,5384020,1049080,7/20/2008 4:00:00 AM,300,WESTON RD,ROGERS RD,,Major Arterial,Etobicoke York,43.681645,-79.47679,At Intersection,Traffic Signal,Rain,Dark,Wet,Non-Fatal Injury,Turning Movement,Passenger,35 to 39,Minor,,,Other,,,,,,,,,,,,Yes,,,,,Yes,,,,,,111,Rockcliffe-Smythe,111,Rockcliffe-Smythe (111),D12,622774.07071151,4837641.15218585
1455,5384021,1049080,7/20/2008 4:00:00 AM,300,WESTON RD,ROGERS RD,,Major Arterial,Etobicoke York,43.681645,-79.47679,At Intersection,Traffic Signal,Rain,Dark,Wet,Non-Fatal Injury,Turning Movement,Passenger,70 to 74,Major,,,Other,,,,,,,,,,,,Yes,,,,,Yes,,,,,,111,Rockcliffe-Smythe,111,Rockcliffe-Smythe (111),D12,622774.07071151,4837641.15218585
1456,5384022,1049080,7/20/2008 4:00:00 AM,300,WESTON RD,ROGERS RD,,Major Arterial,Etobicoke York,43.681645,-79.47679,At Intersection,Traffic Signal,Rain,Dark,Wet,Non-Fatal Injury,Turning Movement,Vehicle Owner,unknown,,,,Other,,,,,,,,,,,,Yes,,,,,Yes,,,,,,111,Rockcliffe-Smythe,111,Rockcliffe-Smythe (111),D12,622774.07071151,4837641.15218585
1457,5384023,1049080,7/20/2008 4:00:00 AM,300,WESTON RD,ROGERS RD,,Major Arterial,Etobicoke York,43.681645,-79.47679,At Intersection,Traffic Signal,Rain,Dark,Wet,Non-Fatal Injury,Turning Movement,Driver,30 to 34,Minimal,,North,"Automobile, Station Wagon",Going Ahead,Driving Properly,Normal,,,,,,,,,Yes,,,,,Yes,,,,,,111,Rockcliffe-Smythe,111,Rockcliffe-Smythe (111),D12,622774.07071151,4837641.15218585
1458,5384024,1049080,7/20/2008 4:00:00 AM,300,WESTON RD,ROGERS RD,,Major Arterial,Etobicoke York,43.681645,-79.47679,At Intersection,Traffic Signal,Rain,Dark,Wet,Non-Fatal Injury,Turning Movement,Driver,15 to 19,Minimal,,South,"Automobile, Station Wagon",Turning Left,Improper Turn,Normal,,,,,,,,,Yes,,,,,Yes,,,,,,111,Rockcliffe-Smythe,111,Rockcliffe-Smythe (111),D12,622774.07071151,4837641.15218585
1459,5384102,1049124,7/21/2008 4:00:00 AM,305,STEELES AVE E,YONGE ST,,Major Arterial,North York,43.797945,-79.42009,At Intersection,Traffic Signal,Clear,Dark,Dry,Fatal,Pedestrian Collisions,Passenger,20 to 24,Minor,,,Other,,,,,,,,,,Yes,,Yes,,,,,Yes,,,,,,36,Newtonbrook West,36,Newtonbrook West (36),D32,627097.940901819,4850643.46405188
1460,5384103,1049124,7/21/2008 4:00:00 AM,305,STEELES AVE E,YONGE ST,,Major Arterial,North York,43.797945,-79.42009,At Intersection,Traffic Signal,Clear,Dark,Dry,Fatal,Pedestrian Collisions,Driver,30 to 34,Minor,,West,"Automobile, Station Wagon",Going Ahead,Driving Properly,Normal,,,,,,,Yes,,Yes,,,,,Yes,,,,,,36,Newtonbrook West,36,Newtonbrook West (36),D32,627097.940901819,4850643.46405188
1461,5384104,1049124,7/21/2008 4:00:00 AM,305,STEELES AVE E,YONGE ST,,Major Arterial,North York,43.797945,-79.42009,At Intersection,Traffic Signal,Clear,Dark,Dry,Fatal,Pedestrian Collisions,Pedestrian,35 to 39,Fatal,34,North,Other,,,,Vehicle is going straight thru inter.while ped cross without ROW,Crossing without right of way,Unknown,,,,Yes,,Yes,,,,,Yes,,,,,,36,Newtonbrook West,36,Newtonbrook West (36),D32,627097.940901819,4850643.46405188
1462,5389224,1051391,8/1/2008 4:00:00 AM,2110,KINGSTON RD,ORCHARD PARK DR,,Major Arterial,Scarborough,43.774645,-79.17929,,Stop Sign,Clear,Dark,Dry,Non-Fatal Injury,Pedestrian Collisions,Driver,15 to 19,None,,West,"Automobile, Station Wagon",Going Ahead,Speed too Fast For Condition,"Ability Impaired, Alcohol",,,,,,,Yes,,Yes,,,,,Yes,Yes,Yes,,Yes,,136,West Hill,136,West Hill (136),D43,646526.556147881,4848453.62275696
1463,5389225,1051391,8/1/2008 4:00:00 AM,2110,KINGSTON RD,ORCHARD PARK DR,,Major Arterial,Scarborough,43.774645,-79.17929,,Stop Sign,Clear,Dark,Dry,Non-Fatal Injury,Pedestrian Collisions,Pedestrian,15 to 19,None,,North,Other,,,,Vehicle is going straight thru inter.while ped cross without ROW,"Crossing, no Traffic Control",Normal,,,,Yes,,Yes,,,,,Yes,Yes,Yes,,Yes,,136,West Hill,136,West Hill (136),D43,646526.556147881,4848453.62275696
1464,5389226,1051391,8/1/2008 4:00:00 AM,2110,KINGSTON RD,ORCHARD PARK DR,,Major Arterial,Scarborough,43.774645,-79.17929,,Stop Sign,Clear,Dark,Dry,Non-Fatal Injury,Pedestrian Collisions,Passenger,15 to 19,None,,,Other,,,,,,,,,,Yes,,Yes,,,,,Yes,Yes,Yes,,Yes,,136,West Hill,136,West Hill (136),D43,646526.556147881,4848453.62275696
1465,5389227,1051391,8/1/2008 4:00:00 AM,2110,KINGSTON RD,ORCHARD PARK DR,,Major Arterial,Scarborough,43.774645,-79.17929,,Stop Sign,Clear,Dark,Dry,Non-Fatal Injury,Pedestrian Collisions,Pedestrian,40 to 44,Major,,North,Other,,,,Vehicle is going straight thru inter.while ped cross without ROW,"Crossing, no Traffic Control",Normal,,,,Yes,,Yes,,,,,Yes,Yes,Yes,,Yes,,136,West Hill,136,West Hill (136),D43,646526.556147881,4848453.62275696
1466,5399133,1055774,8/1/2008 4:00:00 AM,2307,LAKE SHORE W BLVD E,YONGE ST,,Major Arterial,Toronto and East York,43.644045,-79.37579,At Intersection,Traffic Signal,Clear,Dark,Dry,Non-Fatal Injury,Pedestrian Collisions,Passenger,15 to 19,Minor,,,Other,,,,,,,,,,Yes,,Yes,,,,,Yes,,Yes,,Yes,,166,St Lawrence-East Bayfront-The Islands,77,Waterfront Communities-The Island (77),D52,630996.726089192,4833619.63945532
1467,5399134,1055774,8/1/2008 4:00:00 AM,2307,LAKE SHORE W BLVD E,YONGE ST,,Major Arterial,Toronto and East York,43.644045,-79.37579,At Intersection,Traffic Signal,Clear,Dark,Dry,Non-Fatal Injury,Pedestrian Collisions,Driver,20 to 24,Minor,,West,"Automobile, Station Wagon",Turning Left,Driving Properly,Normal,,,,,,,Yes,,Yes,,,,,Yes,,Yes,,Yes,,166,St Lawrence-East Bayfront-The Islands,77,Waterfront Communities-The Island (77),D52,630996.726089192,4833619.63945532
1468,5399135,1055774,8/1/2008 4:00:00 AM,2307,LAKE SHORE W BLVD E,YONGE ST,,Major Arterial,Toronto and East York,43.644045,-79.37579,At Intersection,Traffic Signal,Clear,Dark,Dry,Non-Fatal Injury,Pedestrian Collisions,Vehicle Owner,unknown,,,,Other,,,,,,,,,,Yes,,Yes,,,,,Yes,,Yes,,Yes,,166,St Lawrence-East Bayfront-The Islands,77,Waterfront Communities-The Island (77),D52,630996.726089192,4833619.63945532
1469,5399136,1055774,8/1/2008 4:00:00 AM,2307,LAKE SHORE W BLVD E,YONGE ST,,Major Arterial,Toronto and East York,43.644045,-79.37579,At Intersection,Traffic Signal,Clear,Dark,Dry,Non-Fatal Injury,Pedestrian Collisions,Driver,15 to 19,None,,West,"Automobile, Station Wagon",Going Ahead,Following too Close,"Ability Impaired, Alcohol Over .08",,,,,,,Yes,,Yes,,,,,Yes,,Yes,,Yes,,166,St Lawrence-East Bayfront-The Islands,77,Waterfront Communities-The Island (77),D52,630996.726089192,4833619.63945532
1470,5399137,1055774,8/1/2008 4:00:00 AM,2307,LAKE SHORE W BLVD E,YONGE ST,,Major Arterial,Toronto and East York,43.644045,-79.37579,At Intersection,Traffic Signal,Clear,Dark,Dry,Non-Fatal Injury,Pedestrian Collisions,Pedestrian,25 to 29,Major,,Unknown,Other,,,,Pedestrian hit on sidewalk or shoulder,On Sidewalk or Shoulder,Normal,,,,Yes,,Yes,,,,,Yes,,Yes,,Yes,,166,St Lawrence-East Bayfront-The Islands,77,Waterfront Communities-The Island (77),D52,630996.726089192,4833619.63945532
1471,5402356,1057170,8/4/2008 4:00:00 AM,1737,DANFORTH Road,DANFORTH Aven,,Major Arterial,Scarborough,43.693645,-79.27729,At Intersection,Traffic Signal,Clear,Daylight,Dry,Non-Fatal Injury,Rear End,Passenger,35 to 39,Minor,,,Other,,,,,,,,,,,,Yes,,,,,Yes,,Yes,,,Yes,121,Oakridge,121,Oakridge (121),D41,638826.699152022,4839288.59067806
1472,5402357,1057170,8/4/2008 4:00:00 AM,1737,DANFORTH Road,DANFORTH Aven,,Major Arterial,Scarborough,43.693645,-79.27729,At Intersection,Traffic Signal,Clear,Daylight,Dry,Non-Fatal Injury,Rear End,Driver,50 to 54,Minor,,South,"Automobile, Station Wagon",Stopped,Driving Properly,Normal,,,,,,,,,Yes,,,,,Yes,,Yes,,,Yes,121,Oakridge,121,Oakridge (121),D41,638826.699152022,4839288.59067806
1473,5402358,1057170,8/4/2008 4:00:00 AM,1737,DANFORTH Road,DANFORTH Aven,,Major Arterial,Scarborough,43.693645,-79.27729,At Intersection,Traffic Signal,Clear,Daylight,Dry,Non-Fatal Injury,Rear End,Passenger,15 to 19,Minor,,,Other,Other,,,,,,,,,,,Yes,,,,,Yes,,Yes,,,Yes,121,Oakridge,121,Oakridge (121),D41,638826.699152022,4839288.59067806
1474,5402359,1057170,8/4/2008 4:00:00 AM,1737,DANFORTH Road,DANFORTH Aven,,Major Arterial,Scarborough,43.693645,-79.27729,At Intersection,Traffic Signal,Clear,Daylight,Dry,Non-Fatal Injury,Rear End,Passenger,10 to 14,Minor,,,Other,,,,,,,,,,,,Yes,,,,,Yes,,Yes,,,Yes,121,Oakridge,121,Oakridge (121),D41,638826.699152022,4839288.59067806
1475,5402360,1057170,8/4/2008 4:00:00 AM,1737,DANFORTH Road,DANFORTH Aven,,Major Arterial,Scarborough,43.693645,-79.27729,At Intersection,Traffic Signal,Clear,Daylight,Dry,Non-Fatal Injury,Rear End,Vehicle Owner,unknown,,,,Other,,,,,,,,,,,,Yes,,,,,Yes,,Yes,,,Yes,121,Oakridge,121,Oakridge (121),D41,638826.699152022,4839288.59067806
1476,5402361,1057170,8/4/2008 4:00:00 AM,1737,DANFORTH Road,DANFORTH Aven,,Major Arterial,Scarborough,43.693645,-79.27729,At Intersection,Traffic Signal,Clear,Daylight,Dry,Non-Fatal Injury,Rear End,Driver,30 to 34,Major,,South,"Automobile, Station Wagon",Going Ahead,Following too Close,Medical or Physical Disability,,,,,,,,,Yes,,,,,Yes,,Yes,,,Yes,121,Oakridge,121,Oakridge (121),D41,638826.699152022,4839288.59067806
1477,5392032,1052679,8/7/2008 4:00:00 AM,316,ST CLARENS Aven,BLOOR Stre W,,Major Arterial,Toronto and East York,43.658545,-79.44169,,Stop Sign,Clear,Dark,Dry,Non-Fatal Injury,SMV Other,Vehicle Owner,unknown,None,,,Other,Parked,,,,,,,,,,,Yes,,,,,Yes,,,,,,83,Dufferin Grove,83,Dufferin Grove (83),D11,625651.42709207,4835128.14696609
1478,5392033,1052679,8/7/2008 4:00:00 AM,316,ST CLARENS Aven,BLOOR Stre W,,Major Arterial,Toronto and East York,43.658545,-79.44169,,Stop Sign,Clear,Dark,Dry,Non-Fatal Injury,SMV Other,Passenger,unknown,Minor,,,Other,Other,,,,,,,,,,,Yes,,,,,Yes,,,,,,83,Dufferin Grove,83,Dufferin Grove (83),D11,625651.42709207,4835128.14696609
1479,5392034,1052679,8/7/2008 4:00:00 AM,316,ST CLARENS Aven,BLOOR Stre W,,Major Arterial,Toronto and East York,43.658545,-79.44169,,Stop Sign,Clear,Dark,Dry,Non-Fatal Injury,SMV Other,Vehicle Owner,unknown,None,,,Other,Unknown,,,,,,,,,,,Yes,,,,,Yes,,,,,,83,Dufferin Grove,83,Dufferin Grove (83),D11,625651.42709207,4835128.14696609
1480,5392035,1052679,8/7/2008 4:00:00 AM,316,ST CLARENS Aven,BLOOR Stre W,,Major Arterial,Toronto and East York,43.658545,-79.44169,,Stop Sign,Clear,Dark,Dry,Non-Fatal Injury,SMV Other,Passenger,unknown,Major,,,Other,Other,,,,,,,,,,,Yes,,,,,Yes,,,,,,83,Dufferin Grove,83,Dufferin Grove (83),D11,625651.42709207,4835128.14696609
1481,5392036,1052679,8/7/2008 4:00:00 AM,316,ST CLARENS Aven,BLOOR Stre W,,Major Arterial,Toronto and East York,43.658545,-79.44169,,Stop Sign,Clear,Dark,Dry,Non-Fatal Injury,SMV Other,Passenger,unknown,Minor,,,Other,Other,,,,,,,,,,,Yes,,,,,Yes,,,,,,83,Dufferin Grove,83,Dufferin Grove (83),D11,625651.42709207,4835128.14696609
1482,5392037,1052679,8/7/2008 4:00:00 AM,316,ST CLARENS Aven,BLOOR Stre W,,Major Arterial,Toronto and East York,43.658545,-79.44169,,Stop Sign,Clear,Dark,Dry,Non-Fatal Injury,SMV Other,Driver,unknown,None,,North,"Automobile, Station Wagon",Going Ahead,,,,,,,,,,,Yes,,,,,Yes,,,,,,83,Dufferin Grove,83,Dufferin Grove (83),D11,625651.42709207,4835128.14696609
1483,5391370,1052382,8/9/2008 4:00:00 AM,1035,BALLIOL ST,MOUNT PLEASANT RD,,Major Arterial,North York,43.699245,-79.38669,At Intersection,Stop Sign,Clear,Daylight,Dry,Fatal,Pedestrian Collisions,Passenger,20 to 24,None,,,"Automobile, Station Wagon",,,,,,,,,,Yes,,Yes,,Yes,,,Yes,,Yes,,,,99,Mount Pleasant East,99,Mount Pleasant East (99),D53,629998.36975604,4839733.19691843
1484,5391371,1052382,8/9/2008 4:00:00 AM,1035,BALLIOL ST,MOUNT PLEASANT RD,,Major Arterial,North York,43.699245,-79.38669,At Intersection,Stop Sign,Clear,Daylight,Dry,Fatal,Pedestrian Collisions,Passenger,30 to 34,None,,,Other,,,,,,,,,,Yes,,Yes,,Yes,,,Yes,,Yes,,,,99,Mount Pleasant East,99,Mount Pleasant East (99),D53,629998.36975604,4839733.19691843
1485,5391372,1052382,8/9/2008 4:00:00 AM,1035,BALLIOL ST,MOUNT PLEASANT RD,,Major Arterial,North York,43.699245,-79.38669,At Intersection,Stop Sign,Clear,Daylight,Dry,Fatal,Pedestrian Collisions,Vehicle Owner,unknown,,,,Other,,,,,,,,,,Yes,,Yes,,Yes,,,Yes,,Yes,,,,99,Mount Pleasant East,99,Mount Pleasant East (99),D53,629998.36975604,4839733.19691843
1486,5391373,1052382,8/9/2008 4:00:00 AM,1035,BALLIOL ST,MOUNT PLEASANT RD,,Major Arterial,North York,43.699245,-79.38669,At Intersection,Stop Sign,Clear,Daylight,Dry,Fatal,Pedestrian Collisions,Truck Driver,60 to 64,None,,East,Truck - Open,Turning Left,Failed to Yield Right of Way,Inattentive,,,,,,,Yes,,Yes,,Yes,,,Yes,,Yes,,,,99,Mount Pleasant East,99,Mount Pleasant East (99),D53,629998.36975604,4839733.19691843
1487,5391374,1052382,8/9/2008 4:00:00 AM,1035,BALLIOL ST,MOUNT PLEASANT RD,,Major Arterial,North York,43.699245,-79.38669,At Intersection,Stop Sign,Clear,Daylight,Dry,Fatal,Pedestrian Collisions,Pedestrian,80 to 84,Fatal,35,North,Other,,,,Vehicle turns left while ped crosses with ROW at inter.,Crossing with right of way,Normal,,,,Yes,,Yes,,Yes,,,Yes,,Yes,,,,99,Mount Pleasant East,99,Mount Pleasant East (99),D53,629998.36975604,4839733.19691843
1488,5393693,1053428,8/15/2008 4:00:00 AM,1831,HORSHAM AVE,YONGE ST,,Major Arterial,North York,43.775145,-79.41439,,No Control,Clear,Daylight,Wet,Non-Fatal Injury,Pedestrian Collisions,Vehicle Owner,unknown,,,,Other,,,,,,,,,,Yes,,Yes,,,,,Yes,,,,,,37,Willowdale West,37,Willowdale West (37),D32,627604.994093454,4848119.94038893
1489,5393694,1053428,8/15/2008 4:00:00 AM,1831,HORSHAM AVE,YONGE ST,,Major Arterial,North York,43.775145,-79.41439,,No Control,Clear,Daylight,Wet,Non-Fatal Injury,Pedestrian Collisions,Passenger,0 to 4,None,,,Other,,,,,,,,,,Yes,,Yes,,,,,Yes,,,,,,37,Willowdale West,37,Willowdale West (37),D32,627604.994093454,4848119.94038893
1490,5393695,1053428,8/15/2008 4:00:00 AM,1831,HORSHAM AVE,YONGE ST,,Major Arterial,North York,43.775145,-79.41439,,No Control,Clear,Daylight,Wet,Non-Fatal Injury,Pedestrian Collisions,Passenger,0 to 4,None,,,Other,,,,,,,,,,Yes,,Yes,,,,,Yes,,,,,,37,Willowdale West,37,Willowdale West (37),D32,627604.994093454,4848119.94038893
1491,5393696,1053428,8/15/2008 4:00:00 AM,1831,HORSHAM AVE,YONGE ST,,Major Arterial,North York,43.775145,-79.41439,,No Control,Clear,Daylight,Wet,Non-Fatal Injury,Pedestrian Collisions,Passenger,30 to 34,None,,,Other,,,,,,,,,,Yes,,Yes,,,,,Yes,,,,,,37,Willowdale West,37,Willowdale West (37),D32,627604.994093454,4848119.94038893
1492,5393697,1053428,8/15/2008 4:00:00 AM,1831,HORSHAM AVE,YONGE ST,,Major Arterial,North York,43.775145,-79.41439,,No Control,Clear,Daylight,Wet,Non-Fatal Injury,Pedestrian Collisions,Driver,30 to 34,None,,East,"Automobile, Station Wagon",Going Ahead,Driving Properly,Normal,,,,,,,Yes,,Yes,,,,,Yes,,,,,,37,Willowdale West,37,Willowdale West (37),D32,627604.994093454,4848119.94038893
1493,5393698,1053428,8/15/2008 4:00:00 AM,1831,HORSHAM AVE,YONGE ST,,Major Arterial,North York,43.775145,-79.41439,,No Control,Clear,Daylight,Wet,Non-Fatal Injury,Pedestrian Collisions,Pedestrian,5 to 9,Major,,North,Other,,,,Vehicle is going straight thru inter.while ped cross without ROW,Running onto Roadway,Inattentive,,,,Yes,,Yes,,,,,Yes,,,,,,37,Willowdale West,37,Willowdale West (37),D32,627604.994093454,4848119.94038893
1494,5418919,1064349,8/26/2008 4:00:00 AM,235,CARLAW Aven,LAKE SHORE Boul E,,Major Arterial,Toronto and East York,43.654945,-79.33739,At Intersection,Traffic Signal,Clear,Dark,Dry,Non-Fatal Injury,Angle,Driver,30 to 34,Major,,South,"Automobile, Station Wagon",Going Ahead,Disobeyed Traffic Control,"Ability Impaired, Alcohol",,,,,,,,,Yes,,,,,Yes,,Yes,Yes,Yes,,70,South Riverdale,70,South Riverdale (70),D55,634069.565672374,4834891.55625743
1495,5418920,1064349,8/26/2008 4:00:00 AM,235,CARLAW Aven,LAKE SHORE Boul E,,Major Arterial,Toronto and East York,43.654945,-79.33739,At Intersection,Traffic Signal,Clear,Dark,Dry,Non-Fatal Injury,Angle,Passenger,25 to 29,Major,,,Other,,,,,,,,,,,,Yes,,,,,Yes,,Yes,Yes,Yes,,70,South Riverdale,70,South Riverdale (70),D55,634069.565672374,4834891.55625743
1496,5418921,1064349,8/26/2008 4:00:00 AM,235,CARLAW Aven,LAKE SHORE Boul E,,Major Arterial,Toronto and East York,43.654945,-79.33739,At Intersection,Traffic Signal,Clear,Dark,Dry,Non-Fatal Injury,Angle,Passenger,20 to 24,Major,,,Other,,,,,,,,,,,,Yes,,,,,Yes,,Yes,Yes,Yes,,70,South Riverdale,70,South Riverdale (70),D55,634069.565672374,4834891.55625743
1497,5418922,1064349,8/26/2008 4:00:00 AM,235,CARLAW Aven,LAKE SHORE Boul E,,Major Arterial,Toronto and East York,43.654945,-79.33739,At Intersection,Traffic Signal,Clear,Dark,Dry,Non-Fatal Injury,Angle,Driver,25 to 29,Major,,West,"Automobile, Station Wagon",Going Ahead,Driving Properly,Normal,,,,,,,,,Yes,,,,,Yes,,Yes,Yes,Yes,,70,South Riverdale,70,South Riverdale (70),D55,634069.565672374,4834891.55625743
1498,5405737,1058523,8/29/2008 4:00:00 AM,1440,ST DENNIS DR,DEAUVILLE LANE,,Collector,North York,43.718345,-79.33139,At Intersection,Traffic Signal,Clear,Daylight,Dry,Non-Fatal Injury,Angle,Truck Driver,45 to 49,Major,,West,Truck - Open,Going Ahead,Disobeyed Traffic Control,Inattentive,,,,,,,,,Yes,,Yes,,,Yes,,Yes,Yes,,,44,Flemingdon Park,44,Flemingdon Park (44),D55,634411.717022809,4841942.71960028
1499,5405738,1058523,8/29/2008 4:00:00 AM,1440,ST DENNIS DR,DEAUVILLE LANE,,Collector,North York,43.718345,-79.33139,At Intersection,Traffic Signal,Clear,Daylight,Dry,Non-Fatal Injury,Angle,Passenger,55 to 59,Minor,,,Other,,,,,,,,,,,,Yes,,Yes,,,Yes,,Yes,Yes,,,44,Flemingdon Park,44,Flemingdon Park (44),D55,634411.717022809,4841942.71960028
1500,5405739,1058523,8/29/2008 4:00:00 AM,1440,ST DENNIS DR,DEAUVILLE LANE,,Collector,North York,43.718345,-79.33139,At Intersection,Traffic Signal,Clear,Daylight,Dry,Non-Fatal Injury,Angle,Driver,70 to 74,Minimal,,North,"Automobile, Station Wagon",Going Ahead,Driving Properly,Normal,,,,,,,,,Yes,,Yes,,,Yes,,Yes,Yes,,,44,Flemingdon Park,44,Flemingdon Park (44),D55,634411.717022809,4841942.71960028
1501,5406247,1058736,8/30/2008 4:00:00 AM,308,UNIVERSITY AVE,ELM ST,,Major Arterial,Toronto and East York,43.656345,-79.38899,,Traffic Signal,Clear,Daylight,Dry,Non-Fatal Injury,Turning Movement,Vehicle Owner,unknown,,,,Other,,,,,,,,,,,,Yes,,,,,Yes,,,,,,78,Kensington-Chinatown,78,Kensington-Chinatown (78),D52,629905.580699254,4834964.96524484
1502,5406248,1058736,8/30/2008 4:00:00 AM,308,UNIVERSITY AVE,ELM ST,,Major Arterial,Toronto and East York,43.656345,-79.38899,,Traffic Signal,Clear,Daylight,Dry,Non-Fatal Injury,Turning Movement,Driver,40 to 44,None,,South,"Automobile, Station Wagon",Going Ahead,Driving Properly,Normal,,,,,,,,,Yes,,,,,Yes,,,,,,78,Kensington-Chinatown,78,Kensington-Chinatown (78),D52,629905.580699254,4834964.96524484
1503,5406249,1058736,8/30/2008 4:00:00 AM,308,UNIVERSITY AVE,ELM ST,,Major Arterial,Toronto and East York,43.656345,-79.38899,,Traffic Signal,Clear,Daylight,Dry,Non-Fatal Injury,Turning Movement,Vehicle Owner,unknown,,,,Other,,,,,,,,,,,,Yes,,,,,Yes,,,,,,78,Kensington-Chinatown,78,Kensington-Chinatown (78),D52,629905.580699254,4834964.96524484
1504,5406250,1058736,8/30/2008 4:00:00 AM,308,UNIVERSITY AVE,ELM ST,,Major Arterial,Toronto and East York,43.656345,-79.38899,,Traffic Signal,Clear,Daylight,Dry,Non-Fatal Injury,Turning Movement,Driver,40 to 44,None,,South,"Automobile, Station Wagon",Going Ahead,Driving Properly,Normal,,,,,,,,,Yes,,,,,Yes,,,,,,78,Kensington-Chinatown,78,Kensington-Chinatown (78),D52,629905.580699254,4834964.96524484
1505,5406251,1058736,8/30/2008 4:00:00 AM,308,UNIVERSITY AVE,ELM ST,,Major Arterial,Toronto and East York,43.656345,-79.38899,,Traffic Signal,Clear,Daylight,Dry,Non-Fatal Injury,Turning Movement,Passenger,20 to 24,Major,,,Other,,,,,,,,,,,,Yes,,,,,Yes,,,,,,78,Kensington-Chinatown,78,Kensington-Chinatown (78),D52,629905.580699254,4834964.96524484