OBJECTID,INDEX,ACCNUM,DATE,TIME,STREET1,STREET2,OFFSET,ROAD_CLASS,DISTRICT,LATITUDE,LONGITUDE,ACCLOC,TRAFFCTL,VISIBILITY,LIGHT,RDSFCOND,ACCLASS,IMPACTYPE,INVTYPE,INVAGE,INJURY,FATAL_NO,INITDIR,VEHTYPE,MANOEUVER,DRIVACT,DRIVCOND,PEDTYPE,PEDACT,PEDCOND,CYCLISTYPE,CYCACT,CYCCOND,PEDESTRIAN,CYCLIST,AUTOMOBILE,MOTORCYCLE,TRUCK,TRSN_CITY_VEH,EMERG_VEH,PASSENGER,SPEEDING,AG_DRIV,REDLIGHT,ALCOHOL,DISABILITY,HOOD_158,NEIGHBOURHOOD_158,HOOD_140,NEIGHBOURHOOD_140,DIVISION,x,y
2004,5809282,1144189,12/24/2009 5:00:00 AM,1517,BAYVIEW AVE,BAYVIEW S BLOOR E RAMP,,Major Arterial,Toronto and East York,43.678245,-79.36769,,No Control,Drifting Snow,Daylight,Ice,Non-Fatal Injury,Approaching,Driver,60 to 64,Major,,North,"Automobile, Station Wagon",Going Ahead,Driving Properly,Normal,,,,,,,,,Yes,,,,,Yes,Yes,Yes,,,,98,Rosedale-Moore Park,98,Rosedale-Moore Park (98),D53,631575.289923362,4837430.82287211
2005,5809283,1144189,12/24/2009 5:00:00 AM,1517,BAYVIEW AVE,BAYVIEW S BLOOR E RAMP,,Major Arterial,Toronto and East York,43.678245,-79.36769,,No Control,Drifting Snow,Daylight,Ice,Non-Fatal Injury,Approaching,Driver,20 to 24,Minor,,South,"Automobile, Station Wagon",Going Ahead,Speed too Fast For Condition,Normal,,,,,,,,,Yes,,,,,Yes,Yes,Yes,,,,98,Rosedale-Moore Park,98,Rosedale-Moore Park (98),D53,631575.289923362,4837430.82287211
2006,5809284,1144189,12/24/2009 5:00:00 AM,1517,BAYVIEW AVE,BAYVIEW S BLOOR E RAMP,,Major Arterial,Toronto and East York,43.678245,-79.36769,,No Control,Drifting Snow,Daylight,Ice,Non-Fatal Injury,Approaching,Driver,25 to 29,Minimal,,North,"Automobile, Station Wagon",Going Ahead,Driving Properly,Normal,,,,,,,,,Yes,,,,,Yes,Yes,Yes,,,,98,Rosedale-Moore Park,98,Rosedale-Moore Park (98),D53,631575.289923362,4837430.82287211
2007,5805914,1149839,12/31/2009 5:00:00 AM,322,TWYN RIVERS DR,SHEPPARD AVE E,,Collector,Scarborough,43.811645,-79.15649,,No Control,Snow,Dark,Wet,Non-Fatal Injury,SMV Other,Passenger,45 to 49,Major,,,Other,,,,,,,,,,,,Yes,,,,,Yes,Yes,Yes,,Yes,,144,Morningside Heights,131,Rouge (131),D42,648269.934406961,4852603.67998126
2008,5805915,1149839,12/31/2009 5:00:00 AM,322,TWYN RIVERS DR,SHEPPARD AVE E,,Collector,Scarborough,43.811645,-79.15649,,No Control,Snow,Dark,Wet,Non-Fatal Injury,SMV Other,Driver,35 to 39,None,,South,"Automobile, Station Wagon",Going Ahead,Speed too Fast For Condition,"Ability Impaired, Alcohol Over .08",,,,,,,,,Yes,,,,,Yes,Yes,Yes,,Yes,,144,Morningside Heights,131,Rouge (131),D42,648269.934406961,4852603.67998126
2009,5805916,1149839,12/31/2009 5:00:00 AM,322,TWYN RIVERS DR,SHEPPARD AVE E,,Collector,Scarborough,43.811645,-79.15649,,No Control,Snow,Dark,Wet,Non-Fatal Injury,SMV Other,Other Property Owner,unknown,,,,Other,,,,,,,,,,,,Yes,,,,,Yes,Yes,Yes,,Yes,,144,Morningside Heights,131,Rouge (131),D42,648269.934406961,4852603.67998126
2010,6100457,1149846,1/1/2010 5:00:00 AM,350,SPADINA AVE,WILLCOCKS ST,,Major Arterial,Toronto and East York,43.661245,-79.40139,At Intersection,Traffic Signal,Clear,Dark,Wet,Non-Fatal Injury,Sideswipe,Driver,25 to 29,None,,North,"Automobile, Station Wagon",Changing Lanes,Improper Lane Change,Inattentive,,,,,,,,,Yes,,,,,Yes,,,,,,79,University,79,University (79),D14,628895.197437041,4835489.83626601
2011,6100458,1149846,1/1/2010 5:00:00 AM,350,SPADINA AVE,WILLCOCKS ST,,Major Arterial,Toronto and East York,43.661245,-79.40139,At Intersection,Traffic Signal,Clear,Dark,Wet,Non-Fatal Injury,Sideswipe,Passenger,20 to 24,Minor,,,Other,,,,,,,,,,,,Yes,,,,,Yes,,,,,,79,University,79,University (79),D14,628895.197437041,4835489.83626601
2012,6100459,1149846,1/1/2010 5:00:00 AM,350,SPADINA AVE,WILLCOCKS ST,,Major Arterial,Toronto and East York,43.661245,-79.40139,At Intersection,Traffic Signal,Clear,Dark,Wet,Non-Fatal Injury,Sideswipe,Passenger,20 to 24,Major,,,Other,,,,,,,,,,,,Yes,,,,,Yes,,,,,,79,University,79,University (79),D14,628895.197437041,4835489.83626601
2013,6100460,1149846,1/1/2010 5:00:00 AM,350,SPADINA AVE,WILLCOCKS ST,,Major Arterial,Toronto and East York,43.661245,-79.40139,At Intersection,Traffic Signal,Clear,Dark,Wet,Non-Fatal Injury,Sideswipe,Vehicle Owner,unknown,,,,Other,,,,,,,,,,,,Yes,,,,,Yes,,,,,,79,University,79,University (79),D14,628895.197437041,4835489.83626601
2014,6100461,1149846,1/1/2010 5:00:00 AM,350,SPADINA AVE,WILLCOCKS ST,,Major Arterial,Toronto and East York,43.661245,-79.40139,At Intersection,Traffic Signal,Clear,Dark,Wet,Non-Fatal Injury,Sideswipe,Driver,40 to 44,None,,North,"Automobile, Station Wagon",Going Ahead,Driving Properly,Normal,,,,,,,,,Yes,,,,,Yes,,,,,,79,University,79,University (79),D14,628895.197437041,4835489.83626601
2015,6100462,1149846,1/1/2010 5:00:00 AM,350,SPADINA AVE,WILLCOCKS ST,,Major Arterial,Toronto and East York,43.661245,-79.40139,At Intersection,Traffic Signal,Clear,Dark,Wet,Non-Fatal Injury,Sideswipe,Other Property Owner,unknown,,,,Other,,,,,,,,,,,,Yes,,,,,Yes,,,,,,79,University,79,University (79),D14,628895.197437041,4835489.83626601
2016,6100943,1150084,1/3/2010 5:00:00 AM,1250,MCCOWAN RD,ALTON TOWERS CRCL,,Major Arterial,Scarborough,43.825545,-79.27529,,No Control,Snow,Daylight,Loose Snow,Non-Fatal Injury,Approaching,Driver,30 to 34,None,,North,"Automobile, Station Wagon",Going Ahead,Driving Properly,Normal,,,,,,,,,Yes,,,,,Yes,,,,,,130,Milliken,130,Milliken (130),D42,638682.786022549,4853941.46036927
2017,6100944,1150084,1/3/2010 5:00:00 AM,1250,MCCOWAN RD,ALTON TOWERS CRCL,,Major Arterial,Scarborough,43.825545,-79.27529,,No Control,Snow,Daylight,Loose Snow,Non-Fatal Injury,Approaching,Vehicle Owner,unknown,,,,Other,,,,,,,,,,,,Yes,,,,,Yes,,,,,,130,Milliken,130,Milliken (130),D42,638682.786022549,4853941.46036927
2018,6100945,1150084,1/3/2010 5:00:00 AM,1250,MCCOWAN RD,ALTON TOWERS CRCL,,Major Arterial,Scarborough,43.825545,-79.27529,,No Control,Snow,Daylight,Loose Snow,Non-Fatal Injury,Approaching,Passenger,70 to 74,Major,,,Other,,,,,,,,,,,,Yes,,,,,Yes,,,,,,130,Milliken,130,Milliken (130),D42,638682.786022549,4853941.46036927
2019,6100946,1150084,1/3/2010 5:00:00 AM,1250,MCCOWAN RD,ALTON TOWERS CRCL,,Major Arterial,Scarborough,43.825545,-79.27529,,No Control,Snow,Daylight,Loose Snow,Non-Fatal Injury,Approaching,Driver,70 to 74,None,,North,"Automobile, Station Wagon",Going Ahead,Driving Properly,Normal,,,,,,,,,Yes,,,,,Yes,,,,,,130,Milliken,130,Milliken (130),D42,638682.786022549,4853941.46036927
2020,6100947,1150084,1/3/2010 5:00:00 AM,1250,MCCOWAN RD,ALTON TOWERS CRCL,,Major Arterial,Scarborough,43.825545,-79.27529,,No Control,Snow,Daylight,Loose Snow,Non-Fatal Injury,Approaching,Passenger,60 to 64,Minimal,,,Other,,,,,,,,,,,,Yes,,,,,Yes,,,,,,130,Milliken,130,Milliken (130),D42,638682.786022549,4853941.46036927
2021,6100948,1150084,1/3/2010 5:00:00 AM,1250,MCCOWAN RD,ALTON TOWERS CRCL,,Major Arterial,Scarborough,43.825545,-79.27529,,No Control,Snow,Daylight,Loose Snow,Non-Fatal Injury,Approaching,Driver,65 to 69,Major,,South,"Automobile, Station Wagon",Going Ahead,Lost control,Normal,,,,,,,,,Yes,,,,,Yes,,,,,,130,Milliken,130,Milliken (130),D42,638682.786022549,4853941.46036927
2022,6100949,1150084,1/3/2010 5:00:00 AM,1250,MCCOWAN RD,ALTON TOWERS CRCL,,Major Arterial,Scarborough,43.825545,-79.27529,,No Control,Snow,Daylight,Loose Snow,Non-Fatal Injury,Approaching,Other Property Owner,unknown,,,,Other,,,,,,,,,,,,Yes,,,,,Yes,,,,,,130,Milliken,130,Milliken (130),D42,638682.786022549,4853941.46036927
2023,6096352,1146815,1/9/2010 5:00:00 AM,2308,TED ROGERS  WAY,MOUNT PLEASANT RD,,Major Arterial,Toronto and East York,43.669963,-79.379894,At Intersection,Traffic Signal,Clear,"Dark, artificial",Wet,Non-Fatal Injury,Sideswipe,Passenger,20 to 24,None,,,Other,,,,,,,,,,,,Yes,,,,,Yes,Yes,Yes,,,,74,North St.James Town,74,North St.James Town (74),D51,630609.519818134,4836491.70689657
2024,6096353,1146815,1/9/2010 5:00:00 AM,2308,TED ROGERS  WAY,MOUNT PLEASANT RD,,Major Arterial,Toronto and East York,43.669963,-79.379894,At Intersection,Traffic Signal,Clear,"Dark, artificial",Wet,Non-Fatal Injury,Sideswipe,Passenger,20 to 24,None,,,Other,,,,,,,,,,,,Yes,,,,,Yes,Yes,Yes,,,,74,North St.James Town,74,North St.James Town (74),D51,630609.519818134,4836491.70689657
2025,6096354,1146815,1/9/2010 5:00:00 AM,2308,TED ROGERS  WAY,MOUNT PLEASANT RD,,Major Arterial,Toronto and East York,43.669963,-79.379894,At Intersection,Traffic Signal,Clear,"Dark, artificial",Wet,Non-Fatal Injury,Sideswipe,Passenger,20 to 24,None,,,Other,,,,,,,,,,,,Yes,,,,,Yes,Yes,Yes,,,,74,North St.James Town,74,North St.James Town (74),D51,630609.519818134,4836491.70689657
2026,6096355,1146815,1/9/2010 5:00:00 AM,2308,TED ROGERS  WAY,MOUNT PLEASANT RD,,Major Arterial,Toronto and East York,43.669963,-79.379894,At Intersection,Traffic Signal,Clear,"Dark, artificial",Wet,Non-Fatal Injury,Sideswipe,Passenger,20 to 24,None,,,Other,,,,,,,,,,,,Yes,,,,,Yes,Yes,Yes,,,,74,North St.James Town,74,North St.James Town (74),D51,630609.519818134,4836491.70689657
2027,6096356,1146815,1/9/2010 5:00:00 AM,2308,TED ROGERS  WAY,MOUNT PLEASANT RD,,Major Arterial,Toronto and East York,43.669963,-79.379894,At Intersection,Traffic Signal,Clear,"Dark, artificial",Wet,Non-Fatal Injury,Sideswipe,Driver,20 to 24,None,,South,"Automobile, Station Wagon",Going Ahead,Exceeding Speed Limit,Had Been Drinking,,,,,,,,,Yes,,,,,Yes,Yes,Yes,,,,74,North St.James Town,74,North St.James Town (74),D51,630609.519818134,4836491.70689657
2028,6096357,1146815,1/9/2010 5:00:00 AM,2308,TED ROGERS  WAY,MOUNT PLEASANT RD,,Major Arterial,Toronto and East York,43.669963,-79.379894,At Intersection,Traffic Signal,Clear,"Dark, artificial",Wet,Non-Fatal Injury,Sideswipe,Passenger,25 to 29,Minor,,,Other,,,,,,,,,,,,Yes,,,,,Yes,Yes,Yes,,,,74,North St.James Town,74,North St.James Town (74),D51,630609.519818134,4836491.70689657
2029,6096358,1146815,1/9/2010 5:00:00 AM,2308,TED ROGERS  WAY,MOUNT PLEASANT RD,,Major Arterial,Toronto and East York,43.669963,-79.379894,At Intersection,Traffic Signal,Clear,"Dark, artificial",Wet,Non-Fatal Injury,Sideswipe,Driver,45 to 49,Major,,South,"Automobile, Station Wagon",Stopped,Driving Properly,Normal,,,,,,,,,Yes,,,,,Yes,Yes,Yes,,,,74,North St.James Town,74,North St.James Town (74),D51,630609.519818134,4836491.70689657
2030,6104306,1151614,1/12/2010 5:00:00 AM,1153,EGLINTON Aven E,CEDAR Driv,,Major Arterial,Scarborough,43.743945,-79.21559,At Intersection,Traffic Signal,Clear,Daylight,Dry,Non-Fatal Injury,Pedestrian Collisions,Passenger,20 to 24,Major,,,Other,,,,,,,,,,Yes,,Yes,,,,,Yes,,Yes,,,,139,Scarborough Village,139,Scarborough Village (139),D43,643678.648359718,4844980.30659045
2031,6104307,1151614,1/12/2010 5:00:00 AM,1153,EGLINTON Aven E,CEDAR Driv,,Major Arterial,Scarborough,43.743945,-79.21559,At Intersection,Traffic Signal,Clear,Daylight,Dry,Non-Fatal Injury,Pedestrian Collisions,Driver,50 to 54,Minor,,West,"Automobile, Station Wagon",Going Ahead,Driving Properly,Normal,,,,,,,Yes,,Yes,,,,,Yes,,Yes,,,,139,Scarborough Village,139,Scarborough Village (139),D43,643678.648359718,4844980.30659045
2032,6104308,1151614,1/12/2010 5:00:00 AM,1153,EGLINTON Aven E,CEDAR Driv,,Major Arterial,Scarborough,43.743945,-79.21559,At Intersection,Traffic Signal,Clear,Daylight,Dry,Non-Fatal Injury,Pedestrian Collisions,Driver,50 to 54,Minor,,East,"Automobile, Station Wagon",Turning Left,Failed to Yield Right of Way,Inattentive,,,,,,,Yes,,Yes,,,,,Yes,,Yes,,,,139,Scarborough Village,139,Scarborough Village (139),D43,643678.648359718,4844980.30659045
2033,6104309,1151614,1/12/2010 5:00:00 AM,1153,EGLINTON Aven E,CEDAR Driv,,Major Arterial,Scarborough,43.743945,-79.21559,At Intersection,Traffic Signal,Clear,Daylight,Dry,Non-Fatal Injury,Pedestrian Collisions,Other Property Owner,unknown,,,,Other,,,,,,,,,,Yes,,Yes,,,,,Yes,,Yes,,,,139,Scarborough Village,139,Scarborough Village (139),D43,643678.648359718,4844980.30659045
2034,6104310,1151614,1/12/2010 5:00:00 AM,1153,EGLINTON Aven E,CEDAR Driv,,Major Arterial,Scarborough,43.743945,-79.21559,At Intersection,Traffic Signal,Clear,Daylight,Dry,Non-Fatal Injury,Pedestrian Collisions,Pedestrian,60 to 64,Major,,West,Other,,,,Vehicle turns left while ped crosses with ROW at inter.,Crossing with right of way,Normal,,,,Yes,,Yes,,,,,Yes,,Yes,,,,139,Scarborough Village,139,Scarborough Village (139),D43,643678.648359718,4844980.30659045
2035,6097032,1147341,1/12/2010 5:00:00 AM,1240,MARTIN GROVE RD,EGLINTON AVE W,,Major Arterial,Etobicoke York,43.674445,-79.56319,At Intersection,Traffic Signal,Clear,Daylight,Dry,Fatal,Pedestrian Collisions,Passenger,85 to 89,None,,,Other,,,,,,,,,,Yes,,Yes,,,,,Yes,,Yes,Yes,,,11,Eringate-Centennial-West Deane,11,Eringate-Centennial-West Deane (11),D22,615823.838099187,4836717.22886627
2036,6097033,1147341,1/12/2010 5:00:00 AM,1240,MARTIN GROVE RD,EGLINTON AVE W,,Major Arterial,Etobicoke York,43.674445,-79.56319,At Intersection,Traffic Signal,Clear,Daylight,Dry,Fatal,Pedestrian Collisions,Driver,80 to 84,None,,North,"Automobile, Station Wagon",Going Ahead,Disobeyed Traffic Control,Unknown,,,,,,,Yes,,Yes,,,,,Yes,,Yes,Yes,,,11,Eringate-Centennial-West Deane,11,Eringate-Centennial-West Deane (11),D22,615823.838099187,4836717.22886627
2037,6097034,1147341,1/12/2010 5:00:00 AM,1240,MARTIN GROVE RD,EGLINTON AVE W,,Major Arterial,Etobicoke York,43.674445,-79.56319,At Intersection,Traffic Signal,Clear,Daylight,Dry,Fatal,Pedestrian Collisions,Pedestrian,0 to 4,Minor,,East,Other,,,,Vehicle is going straight thru inter.while ped cross with ROW,Crossing with right of way,Normal,,,,Yes,,Yes,,,,,Yes,,Yes,Yes,,,11,Eringate-Centennial-West Deane,11,Eringate-Centennial-West Deane (11),D22,615823.838099187,4836717.22886627
2038,6097035,1147341,1/12/2010 5:00:00 AM,1240,MARTIN GROVE RD,EGLINTON AVE W,,Major Arterial,Etobicoke York,43.674445,-79.56319,At Intersection,Traffic Signal,Clear,Daylight,Dry,Fatal,Pedestrian Collisions,Pedestrian,30 to 34,Fatal,2,East,Other,,,,Vehicle is going straight thru inter.while ped cross with ROW,Crossing with right of way,Normal,,,,Yes,,Yes,,,,,Yes,,Yes,Yes,,,11,Eringate-Centennial-West Deane,11,Eringate-Centennial-West Deane (11),D22,615823.838099187,4836717.22886627
2039,6097283,1147486,1/13/2010 5:00:00 AM,1224,EASTERN AVE,CHERRY ST,,Minor Arterial,Toronto and East York,43.653945,-79.35849,At Intersection,Traffic Signal,Clear,Daylight,Dry,Non-Fatal Injury,Angle,Vehicle Owner,unknown,,,,Other,,,,,,,,,,,,Yes,,,,,Yes,,Yes,Yes,,,73,Moss Park,73,Moss Park (73),D51,632370.281823998,4834746.61660668
2040,6097284,1147486,1/13/2010 5:00:00 AM,1224,EASTERN AVE,CHERRY ST,,Minor Arterial,Toronto and East York,43.653945,-79.35849,At Intersection,Traffic Signal,Clear,Daylight,Dry,Non-Fatal Injury,Angle,Driver,55 to 59,None,,East,"Automobile, Station Wagon",Going Ahead,Disobeyed Traffic Control,Normal,,,,,,,,,Yes,,,,,Yes,,Yes,Yes,,,73,Moss Park,73,Moss Park (73),D51,632370.281823998,4834746.61660668
2041,6097285,1147486,1/13/2010 5:00:00 AM,1224,EASTERN AVE,CHERRY ST,,Minor Arterial,Toronto and East York,43.653945,-79.35849,At Intersection,Traffic Signal,Clear,Daylight,Dry,Non-Fatal Injury,Angle,Driver,20 to 24,Minimal,,South,"Automobile, Station Wagon",Going Ahead,Driving Properly,Normal,,,,,,,,,Yes,,,,,Yes,,Yes,Yes,,,73,Moss Park,73,Moss Park (73),D51,632370.281823998,4834746.61660668
2042,6097286,1147486,1/13/2010 5:00:00 AM,1224,EASTERN AVE,CHERRY ST,,Minor Arterial,Toronto and East York,43.653945,-79.35849,At Intersection,Traffic Signal,Clear,Daylight,Dry,Non-Fatal Injury,Angle,Passenger,25 to 29,Major,,,Other,,,,,,,,,,,,Yes,,,,,Yes,,Yes,Yes,,,73,Moss Park,73,Moss Park (73),D51,632370.281823998,4834746.61660668
2043,6105457,1152152,1/14/2010 5:00:00 AM,2150,DON MILLS RD,SHEPPARD AVE E,,Major Arterial,North York,43.775145,-79.34699,At Intersection,Traffic Signal,Clear,Dark,Wet,Non-Fatal Injury,Angle,Driver,50 to 54,Minimal,,East,"Automobile, Station Wagon",Going Ahead,Driving Properly,Normal,,,,,,,,,Yes,,,,,Yes,Yes,Yes,,,,47,Don Valley Village,47,Don Valley Village (47),D33,633029.190365841,4848226.02635403
2044,6105458,1152152,1/14/2010 5:00:00 AM,2150,DON MILLS RD,SHEPPARD AVE E,,Major Arterial,North York,43.775145,-79.34699,At Intersection,Traffic Signal,Clear,Dark,Wet,Non-Fatal Injury,Angle,Passenger,20 to 24,Minimal,,,Other,,,,,,,,,,,,Yes,,,,,Yes,Yes,Yes,,,,47,Don Valley Village,47,Don Valley Village (47),D33,633029.190365841,4848226.02635403
2045,6105459,1152152,1/14/2010 5:00:00 AM,2150,DON MILLS RD,SHEPPARD AVE E,,Major Arterial,North York,43.775145,-79.34699,At Intersection,Traffic Signal,Clear,Dark,Wet,Non-Fatal Injury,Angle,Vehicle Owner,unknown,,,,Other,,,,,,,,,,,,Yes,,,,,Yes,Yes,Yes,,,,47,Don Valley Village,47,Don Valley Village (47),D33,633029.190365841,4848226.02635403
2046,6105460,1152152,1/14/2010 5:00:00 AM,2150,DON MILLS RD,SHEPPARD AVE E,,Major Arterial,North York,43.775145,-79.34699,At Intersection,Traffic Signal,Clear,Dark,Wet,Non-Fatal Injury,Angle,Driver,25 to 29,Major,,North,"Automobile, Station Wagon",Going Ahead,Failed to Yield Right of Way,Inattentive,,,,,,,,,Yes,,,,,Yes,Yes,Yes,,,,47,Don Valley Village,47,Don Valley Village (47),D33,633029.190365841,4848226.02635403
2047,6098823,1148773,1/20/2010 5:00:00 AM,700,DUFFERIN ST,PRESTON RD,,Major Arterial,Toronto and East York,43.691345,-79.44849,At Intersection,No Control,Clear,Dark,Dry,Fatal,Pedestrian Collisions,Passenger,15 to 19,None,,,Other,,,,,,,,,,Yes,,Yes,,,,,Yes,,,,,,109,Caledonia-Fairbank,109,Caledonia-Fairbank (109),D13,625034.978747655,4838760.75080051
2048,6098824,1148773,1/20/2010 5:00:00 AM,700,DUFFERIN ST,PRESTON RD,,Major Arterial,Toronto and East York,43.691345,-79.44849,At Intersection,No Control,Clear,Dark,Dry,Fatal,Pedestrian Collisions,Passenger,15 to 19,None,,,Other,,,,,,,,,,Yes,,Yes,,,,,Yes,,,,,,109,Caledonia-Fairbank,109,Caledonia-Fairbank (109),D13,625034.978747655,4838760.75080051
2049,6098825,1148773,1/20/2010 5:00:00 AM,700,DUFFERIN ST,PRESTON RD,,Major Arterial,Toronto and East York,43.691345,-79.44849,At Intersection,No Control,Clear,Dark,Dry,Fatal,Pedestrian Collisions,Driver,40 to 44,None,,South,"Automobile, Station Wagon",Going Ahead,Driving Properly,Normal,,,,,,,Yes,,Yes,,,,,Yes,,,,,,109,Caledonia-Fairbank,109,Caledonia-Fairbank (109),D13,625034.978747655,4838760.75080051
2050,6098826,1148773,1/20/2010 5:00:00 AM,700,DUFFERIN ST,PRESTON RD,,Major Arterial,Toronto and East York,43.691345,-79.44849,At Intersection,No Control,Clear,Dark,Dry,Fatal,Pedestrian Collisions,Pedestrian,50 to 54,Fatal,5,East,Other,,,,Pedestrian hit at mid-block,Running onto Roadway,Unknown,,,,Yes,,Yes,,,,,Yes,,,,,,109,Caledonia-Fairbank,109,Caledonia-Fairbank (109),D13,625034.978747655,4838760.75080051
2051,6112890,1155645,1/24/2010 5:00:00 AM,2031,MCCOWAN RD,SANDHURST CRCL,,Major Arterial,Scarborough,43.811645,-79.26919,At Intersection,Traffic Signal,Rain,Daylight,Wet,Non-Fatal Injury,Angle,Passenger,35 to 39,Minor,,,Other,,,,,,,,,,,,Yes,,,,,Yes,,Yes,Yes,,,129,Agincourt North,129,Agincourt North (129),D42,639205.58801159,4852407.88275526
2052,6112891,1155645,1/24/2010 5:00:00 AM,2031,MCCOWAN RD,SANDHURST CRCL,,Major Arterial,Scarborough,43.811645,-79.26919,At Intersection,Traffic Signal,Rain,Daylight,Wet,Non-Fatal Injury,Angle,Driver,30 to 34,Minor,,North,"Automobile, Station Wagon",Slowing or Stopping,Driving Properly,Normal,,,,,,,,,Yes,,,,,Yes,,Yes,Yes,,,129,Agincourt North,129,Agincourt North (129),D42,639205.58801159,4852407.88275526
2053,6112892,1155645,1/24/2010 5:00:00 AM,2031,MCCOWAN RD,SANDHURST CRCL,,Major Arterial,Scarborough,43.811645,-79.26919,At Intersection,Traffic Signal,Rain,Daylight,Wet,Non-Fatal Injury,Angle,Vehicle Owner,unknown,,,,Other,,,,,,,,,,,,Yes,,,,,Yes,,Yes,Yes,,,129,Agincourt North,129,Agincourt North (129),D42,639205.58801159,4852407.88275526
2054,6112893,1155645,1/24/2010 5:00:00 AM,2031,MCCOWAN RD,SANDHURST CRCL,,Major Arterial,Scarborough,43.811645,-79.26919,At Intersection,Traffic Signal,Rain,Daylight,Wet,Non-Fatal Injury,Angle,Driver,20 to 24,Minimal,,South,"Automobile, Station Wagon",Going Ahead,Disobeyed Traffic Control,Unknown,,,,,,,,,Yes,,,,,Yes,,Yes,Yes,,,129,Agincourt North,129,Agincourt North (129),D42,639205.58801159,4852407.88275526
2055,6112894,1155645,1/24/2010 5:00:00 AM,2031,MCCOWAN RD,SANDHURST CRCL,,Major Arterial,Scarborough,43.811645,-79.26919,At Intersection,Traffic Signal,Rain,Daylight,Wet,Non-Fatal Injury,Angle,Vehicle Owner,unknown,,,,Other,,,,,,,,,,,,Yes,,,,,Yes,,Yes,Yes,,,129,Agincourt North,129,Agincourt North (129),D42,639205.58801159,4852407.88275526
2056,6112895,1155645,1/24/2010 5:00:00 AM,2031,MCCOWAN RD,SANDHURST CRCL,,Major Arterial,Scarborough,43.811645,-79.26919,At Intersection,Traffic Signal,Rain,Daylight,Wet,Non-Fatal Injury,Angle,Driver,30 to 34,Minimal,,North,"Automobile, Station Wagon",Slowing or Stopping,Driving Properly,Normal,,,,,,,,,Yes,,,,,Yes,,Yes,Yes,,,129,Agincourt North,129,Agincourt North (129),D42,639205.58801159,4852407.88275526
2057,6112896,1155645,1/24/2010 5:00:00 AM,2031,MCCOWAN RD,SANDHURST CRCL,,Major Arterial,Scarborough,43.811645,-79.26919,At Intersection,Traffic Signal,Rain,Daylight,Wet,Non-Fatal Injury,Angle,Vehicle Owner,unknown,,,,Other,,,,,,,,,,,,Yes,,,,,Yes,,Yes,Yes,,,129,Agincourt North,129,Agincourt North (129),D42,639205.58801159,4852407.88275526
2058,6112897,1155645,1/24/2010 5:00:00 AM,2031,MCCOWAN RD,SANDHURST CRCL,,Major Arterial,Scarborough,43.811645,-79.26919,At Intersection,Traffic Signal,Rain,Daylight,Wet,Non-Fatal Injury,Angle,Driver,40 to 44,Major,,East,"Automobile, Station Wagon",Going Ahead,Driving Properly,Normal,,,,,,,,,Yes,,,,,Yes,,Yes,Yes,,,129,Agincourt North,129,Agincourt North (129),D42,639205.58801159,4852407.88275526
2059,6117028,1157528,2/6/2010 5:00:00 AM,2020,HILLBORN AVE,SYMES RD,,Local,Etobicoke York,43.674545,-79.48089,,No Control,Clear,Dark,Dry,Non-Fatal Injury,SMV Unattended Vehicle,Passenger,20 to 24,Major,,,Other,,,,,,,,,,,,Yes,,,,,Yes,Yes,Yes,,,,111,Rockcliffe-Smythe,111,Rockcliffe-Smythe (111),D12,622458.040844803,4836846.54127003
2060,6117029,1157528,2/6/2010 5:00:00 AM,2020,HILLBORN AVE,SYMES RD,,Local,Etobicoke York,43.674545,-79.48089,,No Control,Clear,Dark,Dry,Non-Fatal Injury,SMV Unattended Vehicle,Vehicle Owner,unknown,,,,Other,,,,,,,,,,,,Yes,,,,,Yes,Yes,Yes,,,,111,Rockcliffe-Smythe,111,Rockcliffe-Smythe (111),D12,622458.040844803,4836846.54127003
2061,6117030,1157528,2/6/2010 5:00:00 AM,2020,HILLBORN AVE,SYMES RD,,Local,Etobicoke York,43.674545,-79.48089,,No Control,Clear,Dark,Dry,Non-Fatal Injury,SMV Unattended Vehicle,Driver,35 to 39,None,,East,"Automobile, Station Wagon",Going Ahead,Lost control,Normal,,,,,,,,,Yes,,,,,Yes,Yes,Yes,,,,111,Rockcliffe-Smythe,111,Rockcliffe-Smythe (111),D12,622458.040844803,4836846.54127003
2062,6117031,1157528,2/6/2010 5:00:00 AM,2020,HILLBORN AVE,SYMES RD,,Local,Etobicoke York,43.674545,-79.48089,,No Control,Clear,Dark,Dry,Non-Fatal Injury,SMV Unattended Vehicle,Other,unknown,None,,North,Other,Parked,,,,,,,,,,,Yes,,,,,Yes,Yes,Yes,,,,111,Rockcliffe-Smythe,111,Rockcliffe-Smythe (111),D12,622458.040844803,4836846.54127003
2063,6111549,1155029,2/10/2010 5:00:00 AM,1522,DAVENPORT RD,PERTH AVE,,Minor Arterial,Toronto and East York,43.670545,-79.45449,,No Control,Clear,Daylight,Dry,Non-Fatal Injury,Sideswipe,Passenger,90 to 94,Major,,,Other,,,,,,,,,,,,Yes,,,,,Yes,,Yes,,,,91,Weston-Pelham Park,91,Weston-Pellam Park (91),D11,624594.485967928,4836441.60091085
2064,6111550,1155029,2/10/2010 5:00:00 AM,1522,DAVENPORT RD,PERTH AVE,,Minor Arterial,Toronto and East York,43.670545,-79.45449,,No Control,Clear,Daylight,Dry,Non-Fatal Injury,Sideswipe,Vehicle Owner,unknown,,,,Other,,,,,,,,,,,,Yes,,,,,Yes,,Yes,,,,91,Weston-Pelham Park,91,Weston-Pellam Park (91),D11,624594.485967928,4836441.60091085