OBJECTID,INDEX,ACCNUM,DATE,TIME,STREET1,STREET2,OFFSET,ROAD_CLASS,DISTRICT,LATITUDE,LONGITUDE,ACCLOC,TRAFFCTL,VISIBILITY,LIGHT,RDSFCOND,ACCLASS,IMPACTYPE,INVTYPE,INVAGE,INJURY,FATAL_NO,INITDIR,VEHTYPE,MANOEUVER,DRIVACT,DRIVCOND,PEDTYPE,PEDACT,PEDCOND,CYCLISTYPE,CYCACT,CYCCOND,PEDESTRIAN,CYCLIST,AUTOMOBILE,MOTORCYCLE,TRUCK,TRSN_CITY_VEH,EMERG_VEH,PASSENGER,SPEEDING,AG_DRIV,REDLIGHT,ALCOHOL,DISABILITY,HOOD_158,NEIGHBOURHOOD_158,HOOD_140,NEIGHBOURHOOD_140,DIVISION,x,y
2128,6133833,1164773,4/7/2010 4:00:00 AM,1455,2559 BLOOR St W,,,Major Arterial,Toronto and East York,43.648045,-79.49079,,No Control,Rain,Daylight,Wet,Non-Fatal Injury,Rear End,Driver,45 to 49,Minimal,,East,"Automobile, Station Wagon",Stopped,Driving Properly,Normal,,,,,,,,,Yes,,,,,Yes,,Yes,,,,114,Lambton Baby Point,114,Lambton Baby Point (114),D11,621713.513352981,4833888.8032418
2129,6133834,1164773,4/7/2010 4:00:00 AM,1455,2559 BLOOR St W,,,Major Arterial,Toronto and East York,43.648045,-79.49079,,No Control,Rain,Daylight,Wet,Non-Fatal Injury,Rear End,Driver,50 to 54,Major,,East,"Automobile, Station Wagon",Stopped,Driving Properly,Normal,,,,,,,,,Yes,,,,,Yes,,Yes,,,,114,Lambton Baby Point,114,Lambton Baby Point (114),D11,621713.513352981,4833888.8032418
2130,6133835,1164773,4/7/2010 4:00:00 AM,1455,2559 BLOOR St W,,,Major Arterial,Toronto and East York,43.648045,-79.49079,,No Control,Rain,Daylight,Wet,Non-Fatal Injury,Rear End,Passenger,15 to 19,Minimal,,,Other,,,,,,,,,,,,Yes,,,,,Yes,,Yes,,,,114,Lambton Baby Point,114,Lambton Baby Point (114),D11,621713.513352981,4833888.8032418
2131,6133836,1164773,4/7/2010 4:00:00 AM,1455,2559 BLOOR St W,,,Major Arterial,Toronto and East York,43.648045,-79.49079,,No Control,Rain,Daylight,Wet,Non-Fatal Injury,Rear End,Driver,50 to 54,Minor,,East,"Automobile, Station Wagon",Going Ahead,Following too Close,Normal,,,,,,,,,Yes,,,,,Yes,,Yes,,,,114,Lambton Baby Point,114,Lambton Baby Point (114),D11,621713.513352981,4833888.8032418
2132,6253539,1162012,4/13/2010 4:00:00 AM,559,STEELES AVE E,BIRCHMOUNT RD,,Major Arterial,Scarborough,43.821345,-79.31689,At Intersection,Traffic Signal,Clear,Dawn,Dry,Fatal,Angle,Passenger,40 to 44,Major,,,Other,,,,,,,,,,,,Yes,,,,,Yes,,Yes,Yes,,Yes,116,Steeles,116,Steeles (116),D42,635347.214848062,4853406.07602718
2133,6253540,1162012,4/13/2010 4:00:00 AM,559,STEELES AVE E,BIRCHMOUNT RD,,Major Arterial,Scarborough,43.821345,-79.31689,At Intersection,Traffic Signal,Clear,Dawn,Dry,Fatal,Angle,Passenger,70 to 74,Fatal,16,,Other,,,,,,,,,,,,Yes,,,,,Yes,,Yes,Yes,,Yes,116,Steeles,116,Steeles (116),D42,635347.214848062,4853406.07602718
2134,6253541,1162012,4/13/2010 4:00:00 AM,559,STEELES AVE E,BIRCHMOUNT RD,,Major Arterial,Scarborough,43.821345,-79.31689,At Intersection,Traffic Signal,Clear,Dawn,Dry,Fatal,Angle,Driver,40 to 44,Major,,South,"Automobile, Station Wagon",Going Ahead,Driving Properly,Normal,,,,,,,,,Yes,,,,,Yes,,Yes,Yes,,Yes,116,Steeles,116,Steeles (116),D42,635347.214848062,4853406.07602718
2135,6253542,1162012,4/13/2010 4:00:00 AM,559,STEELES AVE E,BIRCHMOUNT RD,,Major Arterial,Scarborough,43.821345,-79.31689,At Intersection,Traffic Signal,Clear,Dawn,Dry,Fatal,Angle,Driver,35 to 39,Minor,,West,"Automobile, Station Wagon",Going Ahead,Disobeyed Traffic Control,Medical or Physical Disability,,,,,,,,,Yes,,,,,Yes,,Yes,Yes,,Yes,116,Steeles,116,Steeles (116),D42,635347.214848062,4853406.07602718
2136,6253553,1162482,4/14/2010 4:00:00 AM,2358,DON VALLEY PARKWAY  N,LAWRENCE AVE E,,,North York,43.740245,-79.33209,,No Control,Clear,Dark,Dry,Non-Fatal Injury,Other,Passenger,15 to 19,Major,,,Other,Other,,,,,,,,,,,Yes,,,,,Yes,,Yes,,,,42,Banbury-Don Mills,42,Banbury-Don Mills (42),D33,634306.370616275,4844373.90061931
2137,6253554,1162482,4/14/2010 4:00:00 AM,2358,DON VALLEY PARKWAY  N,LAWRENCE AVE E,,,North York,43.740245,-79.33209,,No Control,Clear,Dark,Dry,Non-Fatal Injury,Other,Driver,50 to 54,Minor,,North,"Automobile, Station Wagon",Slowing or Stopping,Driving Properly,Normal,,,,,,,,,Yes,,,,,Yes,,Yes,,,,42,Banbury-Don Mills,42,Banbury-Don Mills (42),D33,634306.370616275,4844373.90061931
2138,6253555,1162482,4/14/2010 4:00:00 AM,2358,DON VALLEY PARKWAY  N,LAWRENCE AVE E,,,North York,43.740245,-79.33209,,No Control,Clear,Dark,Dry,Non-Fatal Injury,Other,Driver,40 to 44,Minor,,North,"Automobile, Station Wagon",Changing Lanes,Following too Close,Normal,,,,,,,,,Yes,,,,,Yes,,Yes,,,,42,Banbury-Don Mills,42,Banbury-Don Mills (42),D33,634306.370616275,4844373.90061931
2139,6253556,1162482,4/14/2010 4:00:00 AM,2358,DON VALLEY PARKWAY  N,LAWRENCE AVE E,,,North York,43.740245,-79.33209,,No Control,Clear,Dark,Dry,Non-Fatal Injury,Other,Vehicle Owner,unknown,,,,Other,,,,,,,,,,,,Yes,,,,,Yes,,Yes,,,,42,Banbury-Don Mills,42,Banbury-Don Mills (42),D33,634306.370616275,4844373.90061931
2140,6253557,1162482,4/14/2010 4:00:00 AM,2358,DON VALLEY PARKWAY  N,LAWRENCE AVE E,,,North York,43.740245,-79.33209,,No Control,Clear,Dark,Dry,Non-Fatal Injury,Other,Driver,40 to 44,Minor,,North,"Automobile, Station Wagon",Stopped,Driving Properly,Normal,,,,,,,,,Yes,,,,,Yes,,Yes,,,,42,Banbury-Don Mills,42,Banbury-Don Mills (42),D33,634306.370616275,4844373.90061931
2141,6131850,1163934,4/22/2010 4:00:00 AM,21,1181 FINCH AVE W,,,Major Arterial,North York,43.765245,-79.48289,At Intersection,Traffic Signal,Clear,Dark,Dry,Non-Fatal Injury,SMV Other,Passenger,25 to 29,Major,,,Other,,,,,,,,,,,,Yes,,,,,Yes,Yes,Yes,,Yes,,27,York University Heights,27,York University Heights (27),D31,622112.425422312,4846917.10595734
2142,6131851,1163934,4/22/2010 4:00:00 AM,21,1181 FINCH AVE W,,,Major Arterial,North York,43.765245,-79.48289,At Intersection,Traffic Signal,Clear,Dark,Dry,Non-Fatal Injury,SMV Other,Driver,25 to 29,Major,,East,"Automobile, Station Wagon",Going Ahead,Exceeding Speed Limit,"Ability Impaired, Alcohol",,,,,,,,,Yes,,,,,Yes,Yes,Yes,,Yes,,27,York University Heights,27,York University Heights (27),D31,622112.425422312,4846917.10595734
2143,6139181,1167046,4/25/2010 4:00:00 AM,2103,WILLOWDALE AVE,ELMWOOD AVE,,Minor Arterial,North York,43.768845,-79.40169,At Intersection,No Control,Clear,Dark,Dry,Non-Fatal Injury,Turning Movement,Passenger,30 to 34,Minimal,,,Other,,,,,,,,,,,,Yes,,,,,Yes,,,,,,152,East Willowdale,51,Willowdale East (51),D32,628640.566690383,4847439.88098727
2144,6139182,1167046,4/25/2010 4:00:00 AM,2103,WILLOWDALE AVE,ELMWOOD AVE,,Minor Arterial,North York,43.768845,-79.40169,At Intersection,No Control,Clear,Dark,Dry,Non-Fatal Injury,Turning Movement,Passenger,40 to 44,Minimal,,,Other,,,,,,,,,,,,Yes,,,,,Yes,,,,,,152,East Willowdale,51,Willowdale East (51),D32,628640.566690383,4847439.88098727
2145,6139183,1167046,4/25/2010 4:00:00 AM,2103,WILLOWDALE AVE,ELMWOOD AVE,,Minor Arterial,North York,43.768845,-79.40169,At Intersection,No Control,Clear,Dark,Dry,Non-Fatal Injury,Turning Movement,Passenger,50 to 54,Major,,,Other,,,,,,,,,,,,Yes,,,,,Yes,,,,,,152,East Willowdale,51,Willowdale East (51),D32,628640.566690383,4847439.88098727
2146,6139184,1167046,4/25/2010 4:00:00 AM,2103,WILLOWDALE AVE,ELMWOOD AVE,,Minor Arterial,North York,43.768845,-79.40169,At Intersection,No Control,Clear,Dark,Dry,Non-Fatal Injury,Turning Movement,Passenger,20 to 24,Minimal,,,Other,,,,,,,,,,,,Yes,,,,,Yes,,,,,,152,East Willowdale,51,Willowdale East (51),D32,628640.566690383,4847439.88098727
2147,6139185,1167046,4/25/2010 4:00:00 AM,2103,WILLOWDALE AVE,ELMWOOD AVE,,Minor Arterial,North York,43.768845,-79.40169,At Intersection,No Control,Clear,Dark,Dry,Non-Fatal Injury,Turning Movement,Driver,35 to 39,Minimal,,North,"Automobile, Station Wagon",Going Ahead,Driving Properly,Inattentive,,,,,,,,,Yes,,,,,Yes,,,,,,152,East Willowdale,51,Willowdale East (51),D32,628640.566690383,4847439.88098727
2148,6139186,1167046,4/25/2010 4:00:00 AM,2103,WILLOWDALE AVE,ELMWOOD AVE,,Minor Arterial,North York,43.768845,-79.40169,At Intersection,No Control,Clear,Dark,Dry,Non-Fatal Injury,Turning Movement,Driver,20 to 24,None,,South,"Automobile, Station Wagon",Turning Left,Driving Properly,Normal,,,,,,,,,Yes,,,,,Yes,,,,,,152,East Willowdale,51,Willowdale East (51),D32,628640.566690383,4847439.88098727
2149,6145088,1169755,4/26/2010 4:00:00 AM,1008,ELLESMERE Road,BRIMLEY Road,,Major Arterial,Scarborough,43.770045,-79.26129,At Intersection,Traffic Controller,Clear,Daylight,Dry,Non-Fatal Injury,Turning Movement,Passenger,80 to 84,Major,,,Other,,,,,,,,,,,,Yes,,,,,Yes,,Yes,,,,156,Bendale-Glen Andrew,127,Bendale (127),D43,639938.035211477,4847800.86204257
2150,6145089,1169755,4/26/2010 4:00:00 AM,1008,ELLESMERE Road,BRIMLEY Road,,Major Arterial,Scarborough,43.770045,-79.26129,At Intersection,Traffic Controller,Clear,Daylight,Dry,Non-Fatal Injury,Turning Movement,Driver,80 to 84,None,,West,"Automobile, Station Wagon",Turning Left,Failed to Yield Right of Way,Inattentive,,,,,,,,,Yes,,,,,Yes,,Yes,,,,156,Bendale-Glen Andrew,127,Bendale (127),D43,639938.035211477,4847800.86204257
2151,6145090,1169755,4/26/2010 4:00:00 AM,1008,ELLESMERE Road,BRIMLEY Road,,Major Arterial,Scarborough,43.770045,-79.26129,At Intersection,Traffic Controller,Clear,Daylight,Dry,Non-Fatal Injury,Turning Movement,Driver,35 to 39,None,,South,Pick Up Truck,Going Ahead,Failed to Yield Right of Way,Inattentive,,,,,,,,,Yes,,,,,Yes,,Yes,,,,156,Bendale-Glen Andrew,127,Bendale (127),D43,639938.035211477,4847800.86204257
2152,6134243,1164945,4/27/2010 4:00:00 AM,52,SPADINA Aven,BALDWIN Stre,,Major Arterial,Toronto and East York,43.654845,-79.39879,,No Control,Clear,Dark,Dry,Non-Fatal Injury,Pedestrian Collisions,Passenger,25 to 29,None,,,Other,,,,,,,,,,Yes,,,,,Yes,,Yes,,,,,,78,Kensington-Chinatown,78,Kensington-Chinatown (78),D52,629118.553428925,4834783.07427479
2153,6134244,1164945,4/27/2010 4:00:00 AM,52,SPADINA Aven,BALDWIN Stre,,Major Arterial,Toronto and East York,43.654845,-79.39879,,No Control,Clear,Dark,Dry,Non-Fatal Injury,Pedestrian Collisions,Passenger,15 to 19,None,,,Other,,,,,,,,,,Yes,,,,,Yes,,Yes,,,,,,78,Kensington-Chinatown,78,Kensington-Chinatown (78),D52,629118.553428925,4834783.07427479
2154,6134245,1164945,4/27/2010 4:00:00 AM,52,SPADINA Aven,BALDWIN Stre,,Major Arterial,Toronto and East York,43.654845,-79.39879,,No Control,Clear,Dark,Dry,Non-Fatal Injury,Pedestrian Collisions,Passenger,40 to 44,None,,,Other,,,,,,,,,,Yes,,,,,Yes,,Yes,,,,,,78,Kensington-Chinatown,78,Kensington-Chinatown (78),D52,629118.553428925,4834783.07427479
2155,6134246,1164945,4/27/2010 4:00:00 AM,52,SPADINA Aven,BALDWIN Stre,,Major Arterial,Toronto and East York,43.654845,-79.39879,,No Control,Clear,Dark,Dry,Non-Fatal Injury,Pedestrian Collisions,Pedestrian,15 to 19,Major,,West,Other,,,,Pedestrian involved in a collision with transit vehicle anywhere along roadway,Running onto Roadway,Unknown,,,,Yes,,,,,Yes,,Yes,,,,,,78,Kensington-Chinatown,78,Kensington-Chinatown (78),D52,629118.553428925,4834783.07427479
2156,6134247,1164945,4/27/2010 4:00:00 AM,52,SPADINA Aven,BALDWIN Stre,,Major Arterial,Toronto and East York,43.654845,-79.39879,,No Control,Clear,Dark,Dry,Non-Fatal Injury,Pedestrian Collisions,Driver,25 to 29,None,,North,Municipal Transit Bus (TTC),Going Ahead,Driving Properly,Normal,,,,,,,Yes,,,,,Yes,,Yes,,,,,,78,Kensington-Chinatown,78,Kensington-Chinatown (78),D52,629118.553428925,4834783.07427479
2157,6149521,1171688,4/30/2010 4:00:00 AM,1705,DAWES RD,DENTONIA PARK AVE,,Minor Arterial,Toronto and East York,43.692145,-79.29709,At Intersection,Pedestrian Crossover,Clear,Daylight,Dry,Non-Fatal Injury,Rear End,Driver,65 to 69,None,,South,"Automobile, Station Wagon",Going Ahead,Following too Close,Unknown,,,,,,,,,Yes,,,,,Yes,,Yes,,,,61,Taylor-Massey,61,Taylor-Massey (61),D55,637234.494492672,4839089.03347805
2158,6149522,1171688,4/30/2010 4:00:00 AM,1705,DAWES RD,DENTONIA PARK AVE,,Minor Arterial,Toronto and East York,43.692145,-79.29709,At Intersection,Pedestrian Crossover,Clear,Daylight,Dry,Non-Fatal Injury,Rear End,Passenger,80 to 84,Major,,,Other,,,,,,,,,,,,Yes,,,,,Yes,,Yes,,,,61,Taylor-Massey,61,Taylor-Massey (61),D55,637234.494492672,4839089.03347805
2159,6149523,1171688,4/30/2010 4:00:00 AM,1705,DAWES RD,DENTONIA PARK AVE,,Minor Arterial,Toronto and East York,43.692145,-79.29709,At Intersection,Pedestrian Crossover,Clear,Daylight,Dry,Non-Fatal Injury,Rear End,Driver,75 to 79,None,,South,"Automobile, Station Wagon",Slowing or Stopping,Driving Properly,Normal,,,,,,,,,Yes,,,,,Yes,,Yes,,,,61,Taylor-Massey,61,Taylor-Massey (61),D55,637234.494492672,4839089.03347805
2160,6145906,1170095,5/5/2010 4:00:00 AM,1700,DANFORTH Ave,SIBLEY Ave,,Major Arterial,Toronto and East York,43.690045,-79.29319,,No Control,Rain,Daylight,Wet,Non-Fatal Injury,Sideswipe,Driver,45 to 49,Major,,West,"Automobile, Station Wagon",Going Ahead,Driving Properly,Normal,,,,,,,,,Yes,,,,,Yes,,,,,,61,Taylor-Massey,61,Taylor-Massey (61),D55,637553.593107286,4838862.26106599
2161,6145907,1170095,5/5/2010 4:00:00 AM,1700,DANFORTH Ave,SIBLEY Ave,,Major Arterial,Toronto and East York,43.690045,-79.29319,,No Control,Rain,Daylight,Wet,Non-Fatal Injury,Sideswipe,Passenger,40 to 44,Major,,,Other,,,,,,,,,,,,Yes,,,,,Yes,,,,,,61,Taylor-Massey,61,Taylor-Massey (61),D55,637553.593107286,4838862.26106599
2162,6145908,1170095,5/5/2010 4:00:00 AM,1700,DANFORTH Ave,SIBLEY Ave,,Major Arterial,Toronto and East York,43.690045,-79.29319,,No Control,Rain,Daylight,Wet,Non-Fatal Injury,Sideswipe,Driver,40 to 44,Major,,West,"Automobile, Station Wagon",Changing Lanes,Improper Lane Change,Normal,,,,,,,,,Yes,,,,,Yes,,,,,,61,Taylor-Massey,61,Taylor-Massey (61),D55,637553.593107286,4838862.26106599
2163,6139521,1167187,5/6/2010 4:00:00 AM,1630,WELLINGTON ST W,SIMCOE ST,,Minor Arterial,Toronto and East York,43.645845,-79.38629,,No Control,Clear,Daylight,Dry,Fatal,Angle,Driver,40 to 44,None,,East,"Automobile, Station Wagon",Going Ahead,Driving Properly,Normal,,,,,,,,,Yes,,,,,Yes,,Yes,,,,164,Wellington Place,77,Waterfront Communities-The Island (77),D52,630145.977858618,4833803.03320043
2164,6139522,1167187,5/6/2010 4:00:00 AM,1630,WELLINGTON ST W,SIMCOE ST,,Minor Arterial,Toronto and East York,43.645845,-79.38629,,No Control,Clear,Daylight,Dry,Fatal,Angle,Passenger,80 to 84,Fatal,17,,Other,,,,,,,,,,,,Yes,,,,,Yes,,Yes,,,,164,Wellington Place,77,Waterfront Communities-The Island (77),D52,630145.977858618,4833803.03320043
2165,6139523,1167187,5/6/2010 4:00:00 AM,1630,WELLINGTON ST W,SIMCOE ST,,Minor Arterial,Toronto and East York,43.645845,-79.38629,,No Control,Clear,Daylight,Dry,Fatal,Angle,Passenger,80 to 84,Minor,,,Other,,,,,,,,,,,,Yes,,,,,Yes,,Yes,,,,164,Wellington Place,77,Waterfront Communities-The Island (77),D52,630145.977858618,4833803.03320043
2166,6139524,1167187,5/6/2010 4:00:00 AM,1630,WELLINGTON ST W,SIMCOE ST,,Minor Arterial,Toronto and East York,43.645845,-79.38629,,No Control,Clear,Daylight,Dry,Fatal,Angle,Driver,75 to 79,Minor,,South,"Automobile, Station Wagon",Going Ahead,Failed to Yield Right of Way,Inattentive,,,,,,,,,Yes,,,,,Yes,,Yes,,,,164,Wellington Place,77,Waterfront Communities-The Island (77),D52,630145.977858618,4833803.03320043
2167,6139525,1167187,5/6/2010 4:00:00 AM,1630,WELLINGTON ST W,SIMCOE ST,,Minor Arterial,Toronto and East York,43.645845,-79.38629,,No Control,Clear,Daylight,Dry,Fatal,Angle,Other Property Owner,unknown,,,,Other,,,,,,,,,,,,Yes,,,,,Yes,,Yes,,,,164,Wellington Place,77,Waterfront Communities-The Island (77),D52,630145.977858618,4833803.03320043
2168,6161119,1176855,5/24/2010 4:00:00 AM,2326,LAKE SHORE BLVD W,NEWFOUNDLAND RD,,Major Arterial,Toronto and East York,43.632445,-79.41079,At Intersection,Traffic Signal,Clear,Dark,Dry,Non-Fatal Injury,SMV Other,Passenger,25 to 29,Major,,,Other,,,,,,,,,,,,Yes,,,,,Yes,,,,,,163,Fort York-Liberty Village,82,Niagara (82),D14,628198.523182887,4832276.66208435
2169,6161120,1176855,5/24/2010 4:00:00 AM,2326,LAKE SHORE BLVD W,NEWFOUNDLAND RD,,Major Arterial,Toronto and East York,43.632445,-79.41079,At Intersection,Traffic Signal,Clear,Dark,Dry,Non-Fatal Injury,SMV Other,Vehicle Owner,unknown,,,,Other,,,,,,,,,,,,Yes,,,,,Yes,,,,,,163,Fort York-Liberty Village,82,Niagara (82),D14,628198.523182887,4832276.66208435
2170,6161121,1176855,5/24/2010 4:00:00 AM,2326,LAKE SHORE BLVD W,NEWFOUNDLAND RD,,Major Arterial,Toronto and East York,43.632445,-79.41079,At Intersection,Traffic Signal,Clear,Dark,Dry,Non-Fatal Injury,SMV Other,Driver,25 to 29,Major,,West,"Automobile, Station Wagon",Going Ahead,Lost control,Inattentive,,,,,,,,,Yes,,,,,Yes,,,,,,163,Fort York-Liberty Village,82,Niagara (82),D14,628198.523182887,4832276.66208435
2171,6161980,1177202,5/25/2010 4:00:00 AM,1030,BATHURST ST,EGLINTON AVE W,,Major Arterial,North York,43.700945,-79.42559,At Intersection,Traffic Signal,Clear,Daylight,Dry,Non-Fatal Injury,Turning Movement,Passenger,10 to 14,Minor,,,Other,,,,,,,,,,,,Yes,,,,,Yes,,,,,,106,Humewood-Cedarvale,106,Humewood-Cedarvale (106),D13,626860.244002433,4839861.74796598
2172,6161981,1177202,5/25/2010 4:00:00 AM,1030,BATHURST ST,EGLINTON AVE W,,Major Arterial,North York,43.700945,-79.42559,At Intersection,Traffic Signal,Clear,Daylight,Dry,Non-Fatal Injury,Turning Movement,Vehicle Owner,unknown,,,,Other,,,,,,,,,,,,Yes,,,,,Yes,,,,,,106,Humewood-Cedarvale,106,Humewood-Cedarvale (106),D13,626860.244002433,4839861.74796598
2173,6161982,1177202,5/25/2010 4:00:00 AM,1030,BATHURST ST,EGLINTON AVE W,,Major Arterial,North York,43.700945,-79.42559,At Intersection,Traffic Signal,Clear,Daylight,Dry,Non-Fatal Injury,Turning Movement,Driver,35 to 39,Minimal,,North,"Automobile, Station Wagon",Going Ahead,Driving Properly,Normal,,,,,,,,,Yes,,,,,Yes,,,,,,106,Humewood-Cedarvale,106,Humewood-Cedarvale (106),D13,626860.244002433,4839861.74796598
2174,6161983,1177202,5/25/2010 4:00:00 AM,1030,BATHURST ST,EGLINTON AVE W,,Major Arterial,North York,43.700945,-79.42559,At Intersection,Traffic Signal,Clear,Daylight,Dry,Non-Fatal Injury,Turning Movement,Passenger,10 to 14,Major,,,Other,,,,,,,,,,,,Yes,,,,,Yes,,,,,,106,Humewood-Cedarvale,106,Humewood-Cedarvale (106),D13,626860.244002433,4839861.74796598
2175,6161984,1177202,5/25/2010 4:00:00 AM,1030,BATHURST ST,EGLINTON AVE W,,Major Arterial,North York,43.700945,-79.42559,At Intersection,Traffic Signal,Clear,Daylight,Dry,Non-Fatal Injury,Turning Movement,Passenger,5 to 9,Major,,,Other,,,,,,,,,,,,Yes,,,,,Yes,,,,,,106,Humewood-Cedarvale,106,Humewood-Cedarvale (106),D13,626860.244002433,4839861.74796598
2176,6161985,1177202,5/25/2010 4:00:00 AM,1030,BATHURST ST,EGLINTON AVE W,,Major Arterial,North York,43.700945,-79.42559,At Intersection,Traffic Signal,Clear,Daylight,Dry,Non-Fatal Injury,Turning Movement,Passenger,40 to 44,Major,,,Other,,,,,,,,,,,,Yes,,,,,Yes,,,,,,106,Humewood-Cedarvale,106,Humewood-Cedarvale (106),D13,626860.244002433,4839861.74796598
2177,6161986,1177202,5/25/2010 4:00:00 AM,1030,BATHURST ST,EGLINTON AVE W,,Major Arterial,North York,43.700945,-79.42559,At Intersection,Traffic Signal,Clear,Daylight,Dry,Non-Fatal Injury,Turning Movement,Passenger,40 to 44,Minor,,,Other,,,,,,,,,,,,Yes,,,,,Yes,,,,,,106,Humewood-Cedarvale,106,Humewood-Cedarvale (106),D13,626860.244002433,4839861.74796598
2178,6161987,1177202,5/25/2010 4:00:00 AM,1030,BATHURST ST,EGLINTON AVE W,,Major Arterial,North York,43.700945,-79.42559,At Intersection,Traffic Signal,Clear,Daylight,Dry,Non-Fatal Injury,Turning Movement,Vehicle Owner,unknown,,,,Other,,,,,,,,,,,,Yes,,,,,Yes,,,,,,106,Humewood-Cedarvale,106,Humewood-Cedarvale (106),D13,626860.244002433,4839861.74796598
2179,6161988,1177202,5/25/2010 4:00:00 AM,1030,BATHURST ST,EGLINTON AVE W,,Major Arterial,North York,43.700945,-79.42559,At Intersection,Traffic Signal,Clear,Daylight,Dry,Non-Fatal Injury,Turning Movement,Driver,40 to 44,Minimal,,South,"Automobile, Station Wagon",Turning Left,Improper Turn,Inattentive,,,,,,,,,Yes,,,,,Yes,,,,,,106,Humewood-Cedarvale,106,Humewood-Cedarvale (106),D13,626860.244002433,4839861.74796598
2180,6164359,1178296,5/28/2010 4:00:00 AM,1508,QUEENS QUAY W,LOWER SIMCOE ST,,Minor Arterial,Toronto and East York,43.639245,-79.38389,,No Control,Clear,Daylight,Dry,Non-Fatal Injury,Turning Movement,Passenger,40 to 44,Major,,,Other,,,,,,,,,,,,Yes,,,Yes,,Yes,,,,,,165,Harbourfront-CityPlace,77,Waterfront Communities-The Island (77),D52,630353.8136224,4833073.78408937
2181,6164360,1178296,5/28/2010 4:00:00 AM,1508,QUEENS QUAY W,LOWER SIMCOE ST,,Minor Arterial,Toronto and East York,43.639245,-79.38389,,No Control,Clear,Daylight,Dry,Non-Fatal Injury,Turning Movement,Driver,45 to 49,Major,,West,"Automobile, Station Wagon",Turning Left,Improper Turn,Inattentive,,,,,,,,,Yes,,,Yes,,Yes,,,,,,165,Harbourfront-CityPlace,77,Waterfront Communities-The Island (77),D52,630353.8136224,4833073.78408937
2182,6164361,1178296,5/28/2010 4:00:00 AM,1508,QUEENS QUAY W,LOWER SIMCOE ST,,Minor Arterial,Toronto and East York,43.639245,-79.38389,,No Control,Clear,Daylight,Dry,Non-Fatal Injury,Turning Movement,Vehicle Owner,unknown,,,,Other,,,,,,,,,,,,Yes,,,Yes,,Yes,,,,,,165,Harbourfront-CityPlace,77,Waterfront Communities-The Island (77),D52,630353.8136224,4833073.78408937
2183,6164362,1178296,5/28/2010 4:00:00 AM,1508,QUEENS QUAY W,LOWER SIMCOE ST,,Minor Arterial,Toronto and East York,43.639245,-79.38389,,No Control,Clear,Daylight,Dry,Non-Fatal Injury,Turning Movement,Driver,45 to 49,None,,West,Municipal Transit Bus (TTC),Going Ahead,Driving Properly,Normal,,,,,,,,,Yes,,,Yes,,Yes,,,,,,165,Harbourfront-CityPlace,77,Waterfront Communities-The Island (77),D52,630353.8136224,4833073.78408937
2184,6167369,1179667,6/1/2010 4:00:00 AM,1239,KENNEDY RD,SHEPPARD AVE E,,Major Arterial,Scarborough,43.784645,-79.28899,,No Control,Clear,Daylight,Dry,Non-Fatal Injury,Rear End,Driver,45 to 49,None,,North,Pick Up Truck,Going Ahead,Speed too Fast For Condition,Normal,,,,,,,,,Yes,,,,,Yes,Yes,Yes,,,,118,Tam O'Shanter-Sullivan,118,Tam O'Shanter-Sullivan (118),D42,637675.095667267,4849375.97774792
2185,6167370,1179667,6/1/2010 4:00:00 AM,1239,KENNEDY RD,SHEPPARD AVE E,,Major Arterial,Scarborough,43.784645,-79.28899,,No Control,Clear,Daylight,Dry,Non-Fatal Injury,Rear End,Passenger,75 to 79,Major,,,Other,,,,,,,,,,,,Yes,,,,,Yes,Yes,Yes,,,,118,Tam O'Shanter-Sullivan,118,Tam O'Shanter-Sullivan (118),D42,637675.095667267,4849375.97774792
2186,6167371,1179667,6/1/2010 4:00:00 AM,1239,KENNEDY RD,SHEPPARD AVE E,,Major Arterial,Scarborough,43.784645,-79.28899,,No Control,Clear,Daylight,Dry,Non-Fatal Injury,Rear End,Driver,55 to 59,Minimal,,North,"Automobile, Station Wagon",Stopped,Driving Properly,Normal,,,,,,,,,Yes,,,,,Yes,Yes,Yes,,,,118,Tam O'Shanter-Sullivan,118,Tam O'Shanter-Sullivan (118),D42,637675.095667267,4849375.97774792
2187,6167372,1179667,6/1/2010 4:00:00 AM,1239,KENNEDY RD,SHEPPARD AVE E,,Major Arterial,Scarborough,43.784645,-79.28899,,No Control,Clear,Daylight,Dry,Non-Fatal Injury,Rear End,Passenger,20 to 24,Minor,,,Other,,,,,,,,,,,,Yes,,,,,Yes,Yes,Yes,,,,118,Tam O'Shanter-Sullivan,118,Tam O'Shanter-Sullivan (118),D42,637675.095667267,4849375.97774792
2188,6167373,1179667,6/1/2010 4:00:00 AM,1239,KENNEDY RD,SHEPPARD AVE E,,Major Arterial,Scarborough,43.784645,-79.28899,,No Control,Clear,Daylight,Dry,Non-Fatal Injury,Rear End,Driver,50 to 54,Minor,,North,"Automobile, Station Wagon",Stopped,Driving Properly,Normal,,,,,,,,,Yes,,,,,Yes,Yes,Yes,,,,118,Tam O'Shanter-Sullivan,118,Tam O'Shanter-Sullivan (118),D42,637675.095667267,4849375.97774792
2189,6169098,1180385,6/6/2010 4:00:00 AM,45,1492 LAKE SHORE BLVD W,,,Major Arterial,Toronto and East York,43.637945,-79.45739,,No Control,Rain,Dark,Wet,Non-Fatal Injury,SMV Other,Passenger,15 to 19,Minimal,,,Other,,,,,,,,,,,,Yes,,,,,Yes,,,,,,85,South Parkdale,85,South Parkdale (85),D11,624428.002265838,4832816.59590461