OBJECTID,INDEX,ACCNUM,DATE,TIME,STREET1,STREET2,OFFSET,ROAD_CLASS,DISTRICT,LATITUDE,LONGITUDE,ACCLOC,TRAFFCTL,VISIBILITY,LIGHT,RDSFCOND,ACCLASS,IMPACTYPE,INVTYPE,INVAGE,INJURY,FATAL_NO,INITDIR,VEHTYPE,MANOEUVER,DRIVACT,DRIVCOND,PEDTYPE,PEDACT,PEDCOND,CYCLISTYPE,CYCACT,CYCCOND,PEDESTRIAN,CYCLIST,AUTOMOBILE,MOTORCYCLE,TRUCK,TRSN_CITY_VEH,EMERG_VEH,PASSENGER,SPEEDING,AG_DRIV,REDLIGHT,ALCOHOL,DISABILITY,HOOD_158,NEIGHBOURHOOD_158,HOOD_140,NEIGHBOURHOOD_140,DIVISION,x,y
2190,6169099,1180385,6/6/2010 4:00:00 AM,45,1492 LAKE SHORE BLVD W,,,Major Arterial,Toronto and East York,43.637945,-79.45739,,No Control,Rain,Dark,Wet,Non-Fatal Injury,SMV Other,Driver,40 to 44,Major,,East,"Automobile, Station Wagon",Going Ahead,Lost control,Normal,,,,,,,,,Yes,,,,,Yes,,,,,,85,South Parkdale,85,South Parkdale (85),D11,624428.002265838,4832816.59590461
2191,6169100,1180385,6/6/2010 4:00:00 AM,45,1492 LAKE SHORE BLVD W,,,Major Arterial,Toronto and East York,43.637945,-79.45739,,No Control,Rain,Dark,Wet,Non-Fatal Injury,SMV Other,Passenger,15 to 19,Minor,,,Other,,,,,,,,,,,,Yes,,,,,Yes,,,,,,85,South Parkdale,85,South Parkdale (85),D11,624428.002265838,4832816.59590461
2192,6169101,1180385,6/6/2010 4:00:00 AM,45,1492 LAKE SHORE BLVD W,,,Major Arterial,Toronto and East York,43.637945,-79.45739,,No Control,Rain,Dark,Wet,Non-Fatal Injury,SMV Other,Other Property Owner,unknown,,,,Other,,,,,,,,,,,,Yes,,,,,Yes,,,,,,85,South Parkdale,85,South Parkdale (85),D11,624428.002265838,4832816.59590461
2193,6174014,1182348,6/22/2010 4:00:00 AM,2126,36 MILVAN DR,PENN Driv,,Collector,Etobicoke York,43.753045,-79.55369,,No Control,Clear,Dark,Dry,Non-Fatal Injury,Turning Movement,Passenger,20 to 24,Major,,,Other,,,,,,,,,,,,Yes,,,,,Yes,,Yes,,,,21,Humber Summit,21,Humber Summit (21),D31,616437.342158929,4845460.15515559
2194,6174015,1182348,6/22/2010 4:00:00 AM,2126,36 MILVAN DR,PENN Driv,,Collector,Etobicoke York,43.753045,-79.55369,,No Control,Clear,Dark,Dry,Non-Fatal Injury,Turning Movement,Driver,45 to 49,Minimal,,East,"Automobile, Station Wagon",Turning Right,Failed to Yield Right of Way,Inattentive,,,,,,,,,Yes,,,,,Yes,,Yes,,,,21,Humber Summit,21,Humber Summit (21),D31,616437.342158929,4845460.15515559
2195,6174016,1182348,6/22/2010 4:00:00 AM,2126,36 MILVAN DR,PENN Driv,,Collector,Etobicoke York,43.753045,-79.55369,,No Control,Clear,Dark,Dry,Non-Fatal Injury,Turning Movement,Passenger,20 to 24,Minimal,,,Other,,,,,,,,,,,,Yes,,,,,Yes,,Yes,,,,21,Humber Summit,21,Humber Summit (21),D31,616437.342158929,4845460.15515559
2196,6174017,1182348,6/22/2010 4:00:00 AM,2126,36 MILVAN DR,PENN Driv,,Collector,Etobicoke York,43.753045,-79.55369,,No Control,Clear,Dark,Dry,Non-Fatal Injury,Turning Movement,Driver,20 to 24,None,,South,"Automobile, Station Wagon",Going Ahead,Driving Properly,Normal,,,,,,,,,Yes,,,,,Yes,,Yes,,,,21,Humber Summit,21,Humber Summit (21),D31,616437.342158929,4845460.15515559
2197,6157454,1175178,6/24/2010 4:00:00 AM,1600,DUFFERIN ST,EGLINTON AVE W,,Major Arterial,North York,43.695645,-79.45029,,Traffic Signal,Clear,Daylight,Dry,Non-Fatal Injury,Rear End,Driver,20 to 24,Minimal,,North,"Automobile, Station Wagon",Going Ahead,Following too Close,Normal,,,,,,,,,Yes,,,,,Yes,,Yes,,,,109,Caledonia-Fairbank,109,Caledonia-Fairbank (109),D13,624880.991446783,4839235.61225
2198,6157455,1175178,6/24/2010 4:00:00 AM,1600,DUFFERIN ST,EGLINTON AVE W,,Major Arterial,North York,43.695645,-79.45029,,Traffic Signal,Clear,Daylight,Dry,Non-Fatal Injury,Rear End,Passenger,25 to 29,Minimal,,,Other,,,,,,,,,,,,Yes,,,,,Yes,,Yes,,,,109,Caledonia-Fairbank,109,Caledonia-Fairbank (109),D13,624880.991446783,4839235.61225
2199,6157456,1175178,6/24/2010 4:00:00 AM,1600,DUFFERIN ST,EGLINTON AVE W,,Major Arterial,North York,43.695645,-79.45029,,Traffic Signal,Clear,Daylight,Dry,Non-Fatal Injury,Rear End,Passenger,25 to 29,Minimal,,,Other,,,,,,,,,,,,Yes,,,,,Yes,,Yes,,,,109,Caledonia-Fairbank,109,Caledonia-Fairbank (109),D13,624880.991446783,4839235.61225
2200,6157457,1175178,6/24/2010 4:00:00 AM,1600,DUFFERIN ST,EGLINTON AVE W,,Major Arterial,North York,43.695645,-79.45029,,Traffic Signal,Clear,Daylight,Dry,Non-Fatal Injury,Rear End,Driver,15 to 19,Major,,North,"Automobile, Station Wagon",Slowing or Stopping,Driving Properly,Normal,,,,,,,,,Yes,,,,,Yes,,Yes,,,,109,Caledonia-Fairbank,109,Caledonia-Fairbank (109),D13,624880.991446783,4839235.61225
2201,6173775,1182235,6/24/2010 4:00:00 AM,2345,LAWRENCE Ave W,PINE St,,Major Arterial,Etobicoke York,43.701945,-79.50829,,Traffic Signal,Clear,Dark,Dry,Non-Fatal Injury,Turning Movement,Vehicle Owner,unknown,,,,Other,,,,,,,,,,,,Yes,,,,,Yes,,,,,,113,Weston,113,Weston (113),D12,620194.523117025,4839849.59521044
2202,6173776,1182235,6/24/2010 4:00:00 AM,2345,LAWRENCE Ave W,PINE St,,Major Arterial,Etobicoke York,43.701945,-79.50829,,Traffic Signal,Clear,Dark,Dry,Non-Fatal Injury,Turning Movement,Driver,25 to 29,Major,,West,"Automobile, Station Wagon",Turning Left,Improper Turn,Inattentive,,,,,,,,,Yes,,,,,Yes,,,,,,113,Weston,113,Weston (113),D12,620194.523117025,4839849.59521044
2203,6173777,1182235,6/24/2010 4:00:00 AM,2345,LAWRENCE Ave W,PINE St,,Major Arterial,Etobicoke York,43.701945,-79.50829,,Traffic Signal,Clear,Dark,Dry,Non-Fatal Injury,Turning Movement,Passenger,60 to 64,Minor,,,Other,,,,,,,,,,,,Yes,,,,,Yes,,,,,,113,Weston,113,Weston (113),D12,620194.523117025,4839849.59521044
2204,6173778,1182235,6/24/2010 4:00:00 AM,2345,LAWRENCE Ave W,PINE St,,Major Arterial,Etobicoke York,43.701945,-79.50829,,Traffic Signal,Clear,Dark,Dry,Non-Fatal Injury,Turning Movement,Driver,65 to 69,Minor,,East,"Automobile, Station Wagon",Going Ahead,Driving Properly,Normal,,,,,,,,,Yes,,,,,Yes,,,,,,113,Weston,113,Weston (113),D12,620194.523117025,4839849.59521044
2205,6225179,1203769,6/27/2010 4:00:00 AM,1710,THE QUEENSWAY,GARDINER QUEENSWAY W RAMP,,Major Arterial,Toronto and East York,43.635945,-79.47299,At Intersection,Traffic Signal,Clear,Daylight,Wet,Non-Fatal Injury,Rear End,Vehicle Owner,unknown,,,,Other,,,,,,,,,,,,,,,Yes,,Yes,,Yes,,,,87,High Park-Swansea,87,High Park-Swansea (87),D11,623173.76991884,4832571.20376743
2206,6225180,1203769,6/27/2010 4:00:00 AM,1710,THE QUEENSWAY,GARDINER QUEENSWAY W RAMP,,Major Arterial,Toronto and East York,43.635945,-79.47299,At Intersection,Traffic Signal,Clear,Daylight,Wet,Non-Fatal Injury,Rear End,Driver,30 to 34,None,,West,Municipal Transit Bus (TTC),Going Ahead,Following too Close,Inattentive,,,,,,,,,,,,Yes,,Yes,,Yes,,,,87,High Park-Swansea,87,High Park-Swansea (87),D11,623173.76991884,4832571.20376743
2207,6225181,1203769,6/27/2010 4:00:00 AM,1710,THE QUEENSWAY,GARDINER QUEENSWAY W RAMP,,Major Arterial,Toronto and East York,43.635945,-79.47299,At Intersection,Traffic Signal,Clear,Daylight,Wet,Non-Fatal Injury,Rear End,Passenger,unknown,Minimal,,,Other,,,,,,,,,,,,,,,Yes,,Yes,,Yes,,,,87,High Park-Swansea,87,High Park-Swansea (87),D11,623173.76991884,4832571.20376743
2208,6225182,1203769,6/27/2010 4:00:00 AM,1710,THE QUEENSWAY,GARDINER QUEENSWAY W RAMP,,Major Arterial,Toronto and East York,43.635945,-79.47299,At Intersection,Traffic Signal,Clear,Daylight,Wet,Non-Fatal Injury,Rear End,Passenger,65 to 69,Minimal,,,Other,,,,,,,,,,,,,,,Yes,,Yes,,Yes,,,,87,High Park-Swansea,87,High Park-Swansea (87),D11,623173.76991884,4832571.20376743
2209,6225183,1203769,6/27/2010 4:00:00 AM,1710,THE QUEENSWAY,GARDINER QUEENSWAY W RAMP,,Major Arterial,Toronto and East York,43.635945,-79.47299,At Intersection,Traffic Signal,Clear,Daylight,Wet,Non-Fatal Injury,Rear End,Passenger,45 to 49,Minimal,,,Other,,,,,,,,,,,,,,,Yes,,Yes,,Yes,,,,87,High Park-Swansea,87,High Park-Swansea (87),D11,623173.76991884,4832571.20376743
2210,6225184,1203769,6/27/2010 4:00:00 AM,1710,THE QUEENSWAY,GARDINER QUEENSWAY W RAMP,,Major Arterial,Toronto and East York,43.635945,-79.47299,At Intersection,Traffic Signal,Clear,Daylight,Wet,Non-Fatal Injury,Rear End,Passenger,65 to 69,Minimal,,,Other,,,,,,,,,,,,,,,Yes,,Yes,,Yes,,,,87,High Park-Swansea,87,High Park-Swansea (87),D11,623173.76991884,4832571.20376743
2211,6225185,1203769,6/27/2010 4:00:00 AM,1710,THE QUEENSWAY,GARDINER QUEENSWAY W RAMP,,Major Arterial,Toronto and East York,43.635945,-79.47299,At Intersection,Traffic Signal,Clear,Daylight,Wet,Non-Fatal Injury,Rear End,Passenger,50 to 54,Minimal,,,Other,,,,,,,,,,,,,,,Yes,,Yes,,Yes,,,,87,High Park-Swansea,87,High Park-Swansea (87),D11,623173.76991884,4832571.20376743
2212,6225186,1203769,6/27/2010 4:00:00 AM,1710,THE QUEENSWAY,GARDINER QUEENSWAY W RAMP,,Major Arterial,Toronto and East York,43.635945,-79.47299,At Intersection,Traffic Signal,Clear,Daylight,Wet,Non-Fatal Injury,Rear End,Passenger,65 to 69,Major,,,Other,,,,,,,,,,,,,,,Yes,,Yes,,Yes,,,,87,High Park-Swansea,87,High Park-Swansea (87),D11,623173.76991884,4832571.20376743
2213,6225187,1203769,6/27/2010 4:00:00 AM,1710,THE QUEENSWAY,GARDINER QUEENSWAY W RAMP,,Major Arterial,Toronto and East York,43.635945,-79.47299,At Intersection,Traffic Signal,Clear,Daylight,Wet,Non-Fatal Injury,Rear End,Vehicle Owner,unknown,,,,Other,,,,,,,,,,,,,,,Yes,,Yes,,Yes,,,,87,High Park-Swansea,87,High Park-Swansea (87),D11,623173.76991884,4832571.20376743
2214,6225188,1203769,6/27/2010 4:00:00 AM,1710,THE QUEENSWAY,GARDINER QUEENSWAY W RAMP,,Major Arterial,Toronto and East York,43.635945,-79.47299,At Intersection,Traffic Signal,Clear,Daylight,Wet,Non-Fatal Injury,Rear End,Driver,35 to 39,None,,West,Municipal Transit Bus (TTC),Stopped,Driving Properly,Normal,,,,,,,,,,,,Yes,,Yes,,Yes,,,,87,High Park-Swansea,87,High Park-Swansea (87),D11,623173.76991884,4832571.20376743
2215,6174443,1182503,6/27/2010 4:00:00 AM,2050,BATHURST ST,WILD GINGERWAY Aven,,Major Arterial,North York,43.764945,-79.44079,,No Control,Rain,Dark,Wet,Non-Fatal Injury,Approaching,Vehicle Owner,unknown,,,,Other,,,,,,,,,,,,Yes,,,,,Yes,,Yes,,Yes,,37,Willowdale West,37,Willowdale West (37),D32,625501.716968394,4846946.72733027
2216,6174444,1182503,6/27/2010 4:00:00 AM,2050,BATHURST ST,WILD GINGERWAY Aven,,Major Arterial,North York,43.764945,-79.44079,,No Control,Rain,Dark,Wet,Non-Fatal Injury,Approaching,Driver,60 to 64,Major,,North,"Automobile, Station Wagon",Going Ahead,Driving Properly,Normal,,,,,,,,,Yes,,,,,Yes,,Yes,,Yes,,37,Willowdale West,37,Willowdale West (37),D32,625501.716968394,4846946.72733027
2217,6174445,1182503,6/27/2010 4:00:00 AM,2050,BATHURST ST,WILD GINGERWAY Aven,,Major Arterial,North York,43.764945,-79.44079,,No Control,Rain,Dark,Wet,Non-Fatal Injury,Approaching,Passenger,15 to 19,Minimal,,,Other,,,,,,,,,,,,Yes,,,,,Yes,,Yes,,Yes,,37,Willowdale West,37,Willowdale West (37),D32,625501.716968394,4846946.72733027
2218,6174446,1182503,6/27/2010 4:00:00 AM,2050,BATHURST ST,WILD GINGERWAY Aven,,Major Arterial,North York,43.764945,-79.44079,,No Control,Rain,Dark,Wet,Non-Fatal Injury,Approaching,Driver,45 to 49,Minor,,North,"Automobile, Station Wagon",Going Ahead,Driving Properly,Normal,,,,,,,,,Yes,,,,,Yes,,Yes,,Yes,,37,Willowdale West,37,Willowdale West (37),D32,625501.716968394,4846946.72733027
2219,6174447,1182503,6/27/2010 4:00:00 AM,2050,BATHURST ST,WILD GINGERWAY Aven,,Major Arterial,North York,43.764945,-79.44079,,No Control,Rain,Dark,Wet,Non-Fatal Injury,Approaching,Driver,20 to 24,Minor,,South,"Automobile, Station Wagon",Going Ahead,Lost control,"Ability Impaired, Alcohol",,,,,,,,,Yes,,,,,Yes,,Yes,,Yes,,37,Willowdale West,37,Willowdale West (37),D32,625501.716968394,4846946.72733027
2220,6177836,1183977,7/9/2010 4:00:00 AM,1545,KINGSTON Road,GLEN MANOR Driv,,Major Arterial,Toronto and East York,43.679745,-79.29449,At Intersection,Stop Sign,Clear,Daylight,Dry,Non-Fatal Injury,Turning Movement,Passenger,45 to 49,Minor,,,Other,,,,,,,,,,,,Yes,,,,,Yes,,,,,,62,East End-Danforth,62,East End-Danforth (62),D55,637472.349884979,4837716.14651492
2221,6177837,1183977,7/9/2010 4:00:00 AM,1545,KINGSTON Road,GLEN MANOR Driv,,Major Arterial,Toronto and East York,43.679745,-79.29449,At Intersection,Stop Sign,Clear,Daylight,Dry,Non-Fatal Injury,Turning Movement,Driver,30 to 34,Minor,,East,"Automobile, Station Wagon",Going Ahead,Driving Properly,Normal,,,,,,,,,Yes,,,,,Yes,,,,,,62,East End-Danforth,62,East End-Danforth (62),D55,637472.349884979,4837716.14651492
2222,6177838,1183977,7/9/2010 4:00:00 AM,1545,KINGSTON Road,GLEN MANOR Driv,,Major Arterial,Toronto and East York,43.679745,-79.29449,At Intersection,Stop Sign,Clear,Daylight,Dry,Non-Fatal Injury,Turning Movement,Driver,25 to 29,Major,,North,"Automobile, Station Wagon",Turning Left,Improper Turn,Normal,,,,,,,,,Yes,,,,,Yes,,,,,,62,East End-Danforth,62,East End-Danforth (62),D55,637472.349884979,4837716.14651492
2223,6176541,1183429,7/9/2010 4:00:00 AM,1920,PORT UNION RD,KINGSTON RD,,Major Arterial,Scarborough,43.798911,-79.14622,At Intersection,Traffic Signal,Clear,Daylight,Dry,Non-Fatal Injury,Turning Movement,Driver,15 to 19,None,,North,"Automobile, Station Wagon",Turning Left,Failed to Yield Right of Way,Inattentive,,,,,,,,,Yes,,,,,Yes,,Yes,,,,133,Centennial Scarborough,133,Centennial Scarborough (133),D42,649127.627670118,4851207.81594174
2224,6176542,1183429,7/9/2010 4:00:00 AM,1920,PORT UNION RD,KINGSTON RD,,Major Arterial,Scarborough,43.798911,-79.14622,At Intersection,Traffic Signal,Clear,Daylight,Dry,Non-Fatal Injury,Turning Movement,Passenger,5 to 9,Minimal,,,Other,,,,,,,,,,,,Yes,,,,,Yes,,Yes,,,,133,Centennial Scarborough,133,Centennial Scarborough (133),D42,649127.627670118,4851207.81594174
2225,6176543,1183429,7/9/2010 4:00:00 AM,1920,PORT UNION RD,KINGSTON RD,,Major Arterial,Scarborough,43.798911,-79.14622,At Intersection,Traffic Signal,Clear,Daylight,Dry,Non-Fatal Injury,Turning Movement,Driver,40 to 44,Major,,South,"Automobile, Station Wagon",Going Ahead,Driving Properly,Normal,,,,,,,,,Yes,,,,,Yes,,Yes,,,,133,Centennial Scarborough,133,Centennial Scarborough (133),D42,649127.627670118,4851207.81594174
2226,6178401,1184180,7/9/2010 4:00:00 AM,2115,CARLAW Ave,COLGATE Ave,,Minor Arterial,Toronto and East York,43.662745,-79.340793,,No Control,Clear,Dark,Dry,Non-Fatal Injury,Sideswipe,Passenger,45 to 49,Minor,,,,,,,,,,,,,,Yes,Yes,,,,,Yes,,,,,,70,South Riverdale,70,South Riverdale (70),D55,633777.82763807,4835752.35774299
2227,6178402,1184180,7/9/2010 4:00:00 AM,2115,CARLAW Ave,COLGATE Ave,,Minor Arterial,Toronto and East York,43.662745,-79.340793,,No Control,Clear,Dark,Dry,Non-Fatal Injury,Sideswipe,Driver,45 to 49,None,,North,"Automobile, Station Wagon",Parked,Other,Normal,,,,,,,,Yes,Yes,,,,,Yes,,,,,,70,South Riverdale,70,South Riverdale (70),D55,633777.82763807,4835752.35774299
2228,6178403,1184180,7/9/2010 4:00:00 AM,2115,CARLAW Ave,COLGATE Ave,,Minor Arterial,Toronto and East York,43.662745,-79.340793,,No Control,Clear,Dark,Dry,Non-Fatal Injury,Sideswipe,Vehicle Owner,unknown,,,,,,,,,,,,,,,Yes,Yes,,,,,Yes,,,,,,70,South Riverdale,70,South Riverdale (70),D55,633777.82763807,4835752.35774299
2229,6178404,1184180,7/9/2010 4:00:00 AM,2115,CARLAW Ave,COLGATE Ave,,Minor Arterial,Toronto and East York,43.662745,-79.340793,,No Control,Clear,Dark,Dry,Non-Fatal Injury,Sideswipe,Passenger,15 to 19,Major,,,,,,,,,,,,,,Yes,Yes,,,,,Yes,,,,,,70,South Riverdale,70,South Riverdale (70),D55,633777.82763807,4835752.35774299
2230,6178405,1184180,7/9/2010 4:00:00 AM,2115,CARLAW Ave,COLGATE Ave,,Minor Arterial,Toronto and East York,43.662745,-79.340793,,No Control,Clear,Dark,Dry,Non-Fatal Injury,Sideswipe,Moped Driver,15 to 19,None,,North,Moped,,,,,,,,,,,Yes,Yes,,,,,Yes,,,,,,70,South Riverdale,70,South Riverdale (70),D55,633777.82763807,4835752.35774299
2231,6178107,1184071,7/10/2010 4:00:00 AM,341,BURNHAMTHORPE RD,BURNHAMTHORPE CRES,,Major Arterial,Etobicoke York,43.649445,-79.53119,,No Control,Clear,Dark,Dry,Non-Fatal Injury,SMV Other,Passenger,20 to 24,Major,,,Other,,,,,,,,,,,,Yes,,,,,Yes,,,,Yes,,158,Islington,14,Islington-City Centre West (14),D22,618452.588614338,4833985.83376374
2232,6178108,1184071,7/10/2010 4:00:00 AM,341,BURNHAMTHORPE RD,BURNHAMTHORPE CRES,,Major Arterial,Etobicoke York,43.649445,-79.53119,,No Control,Clear,Dark,Dry,Non-Fatal Injury,SMV Other,Passenger,20 to 24,Minimal,,,Other,,,,,,,,,,,,Yes,,,,,Yes,,,,Yes,,158,Islington,14,Islington-City Centre West (14),D22,618452.588614338,4833985.83376374
2233,6178109,1184071,7/10/2010 4:00:00 AM,341,BURNHAMTHORPE RD,BURNHAMTHORPE CRES,,Major Arterial,Etobicoke York,43.649445,-79.53119,,No Control,Clear,Dark,Dry,Non-Fatal Injury,SMV Other,Driver,25 to 29,None,,South,"Automobile, Station Wagon",Going Ahead,Lost control,"Ability Impaired, Alcohol Over .08",,,,,,,,,Yes,,,,,Yes,,,,Yes,,158,Islington,14,Islington-City Centre West (14),D22,618452.588614338,4833985.83376374
2234,6178110,1184071,7/10/2010 4:00:00 AM,341,BURNHAMTHORPE RD,BURNHAMTHORPE CRES,,Major Arterial,Etobicoke York,43.649445,-79.53119,,No Control,Clear,Dark,Dry,Non-Fatal Injury,SMV Other,Vehicle Owner,unknown,,,,Other,,,,,,,,,,,,Yes,,,,,Yes,,,,Yes,,158,Islington,14,Islington-City Centre West (14),D22,618452.588614338,4833985.83376374
2235,6178854,1184354,7/12/2010 4:00:00 AM,1800,93 BRIMWOOD Boul,,,Collector,Scarborough,43.812945,-79.27509,,No Control,Clear,Daylight,Dry,Non-Fatal Injury,Other,Passenger,55 to 59,Major,,,Other,,,,,,,,,,,,Yes,,,,,Yes,,,,,,129,Agincourt North,129,Agincourt North (129),D42,638728.047469806,4852542.35901044
2236,6178855,1184354,7/12/2010 4:00:00 AM,1800,93 BRIMWOOD Boul,,,Collector,Scarborough,43.812945,-79.27509,,No Control,Clear,Daylight,Dry,Non-Fatal Injury,Other,Vehicle Owner,unknown,,,,Other,,,,,,,,,,,,Yes,,,,,Yes,,,,,,129,Agincourt North,129,Agincourt North (129),D42,638728.047469806,4852542.35901044
2237,6178856,1184354,7/12/2010 4:00:00 AM,1800,93 BRIMWOOD Boul,,,Collector,Scarborough,43.812945,-79.27509,,No Control,Clear,Daylight,Dry,Non-Fatal Injury,Other,Driver,15 to 19,None,,West,"Automobile, Station Wagon",Reversing,Other,Inattentive,,,,,,,,,Yes,,,,,Yes,,,,,,129,Agincourt North,129,Agincourt North (129),D42,638728.047469806,4852542.35901044
2238,6279257,1177531,7/16/2010 4:00:00 AM,1647,JANE ST,DUNDAS ST W,,Major Arterial,Toronto and East York,43.665745,-79.49119,At Intersection,Traffic Signal,Clear,Daylight,Dry,Fatal,Turning Movement,Driver,75 to 79,Major,,South,"Automobile, Station Wagon",Turning Left,Improper Turn,Unknown,,,,,,,,,Yes,,,Yes,,Yes,,Yes,,,,89,Runnymede-Bloor West Village,89,Runnymede-Bloor West Village (89),D11,621645.509083269,4835854.03093639
2239,6279258,1177531,7/16/2010 4:00:00 AM,1647,JANE ST,DUNDAS ST W,,Major Arterial,Toronto and East York,43.665745,-79.49119,At Intersection,Traffic Signal,Clear,Daylight,Dry,Fatal,Turning Movement,Passenger,85 to 89,Fatal,25,,Other,,,,,,,,,,,,Yes,,,Yes,,Yes,,Yes,,,,89,Runnymede-Bloor West Village,89,Runnymede-Bloor West Village (89),D11,621645.509083269,4835854.03093639
2240,6279259,1177531,7/16/2010 4:00:00 AM,1647,JANE ST,DUNDAS ST W,,Major Arterial,Toronto and East York,43.665745,-79.49119,At Intersection,Traffic Signal,Clear,Daylight,Dry,Fatal,Turning Movement,Passenger,90 to 94,Fatal,24,,Other,,,,,,,,,,,,Yes,,,Yes,,Yes,,Yes,,,,89,Runnymede-Bloor West Village,89,Runnymede-Bloor West Village (89),D11,621645.509083269,4835854.03093639
2241,6279260,1177531,7/16/2010 4:00:00 AM,1647,JANE ST,DUNDAS ST W,,Major Arterial,Toronto and East York,43.665745,-79.49119,At Intersection,Traffic Signal,Clear,Daylight,Dry,Fatal,Turning Movement,Driver,25 to 29,None,,South,"Automobile, Station Wagon",Stopped,Driving Properly,Normal,,,,,,,,,Yes,,,Yes,,Yes,,Yes,,,,89,Runnymede-Bloor West Village,89,Runnymede-Bloor West Village (89),D11,621645.509083269,4835854.03093639
2242,6279261,1177531,7/16/2010 4:00:00 AM,1647,JANE ST,DUNDAS ST W,,Major Arterial,Toronto and East York,43.665745,-79.49119,At Intersection,Traffic Signal,Clear,Daylight,Dry,Fatal,Turning Movement,Vehicle Owner,unknown,,,,Other,,,,,,,,,,,,Yes,,,Yes,,Yes,,Yes,,,,89,Runnymede-Bloor West Village,89,Runnymede-Bloor West Village (89),D11,621645.509083269,4835854.03093639
2243,6279262,1177531,7/16/2010 4:00:00 AM,1647,JANE ST,DUNDAS ST W,,Major Arterial,Toronto and East York,43.665745,-79.49119,At Intersection,Traffic Signal,Clear,Daylight,Dry,Fatal,Turning Movement,Driver,45 to 49,None,,North,Municipal Transit Bus (TTC),Going Ahead,Driving Properly,Normal,,,,,,,,,Yes,,,Yes,,Yes,,Yes,,,,89,Runnymede-Bloor West Village,89,Runnymede-Bloor West Village (89),D11,621645.509083269,4835854.03093639
2244,6162943,1177627,7/18/2010 4:00:00 AM,110,GREENCEDAR CRCT,DAPHNE RD,,Collector,Scarborough,43.756845,-79.22939,At Intersection,No Control,Clear,Dark,Dry,Fatal,SMV Other,Vehicle Owner,unknown,,,,Other,,,,,,,,,,,,Yes,,,,,Yes,,,,,,141,Golfdale-Cedarbrae-Woburn,137,Woburn (137),D43,642536.846977568,4846389.2058739
2245,6162944,1177627,7/18/2010 4:00:00 AM,110,GREENCEDAR CRCT,DAPHNE RD,,Collector,Scarborough,43.756845,-79.22939,At Intersection,No Control,Clear,Dark,Dry,Fatal,SMV Other,Passenger,15 to 19,Minor,,,Other,,,,,,,,,,,,Yes,,,,,Yes,,,,,,141,Golfdale-Cedarbrae-Woburn,137,Woburn (137),D43,642536.846977568,4846389.2058739
2246,6162945,1177627,7/18/2010 4:00:00 AM,110,GREENCEDAR CRCT,DAPHNE RD,,Collector,Scarborough,43.756845,-79.22939,At Intersection,No Control,Clear,Dark,Dry,Fatal,SMV Other,Passenger,15 to 19,Major,,,Other,,,,,,,,,,,,Yes,,,,,Yes,,,,,,141,Golfdale-Cedarbrae-Woburn,137,Woburn (137),D43,642536.846977568,4846389.2058739
2247,6162946,1177627,7/18/2010 4:00:00 AM,110,GREENCEDAR CRCT,DAPHNE RD,,Collector,Scarborough,43.756845,-79.22939,At Intersection,No Control,Clear,Dark,Dry,Fatal,SMV Other,Passenger,15 to 19,Major,,,Other,,,,,,,,,,,,Yes,,,,,Yes,,,,,,141,Golfdale-Cedarbrae-Woburn,137,Woburn (137),D43,642536.846977568,4846389.2058739
2248,6162947,1177627,7/18/2010 4:00:00 AM,110,GREENCEDAR CRCT,DAPHNE RD,,Collector,Scarborough,43.756845,-79.22939,At Intersection,No Control,Clear,Dark,Dry,Fatal,SMV Other,Passenger,15 to 19,Fatal,26,,Other,,,,,,,,,,,,Yes,,,,,Yes,,,,,,141,Golfdale-Cedarbrae-Woburn,137,Woburn (137),D43,642536.846977568,4846389.2058739
2249,6162948,1177627,7/18/2010 4:00:00 AM,110,GREENCEDAR CRCT,DAPHNE RD,,Collector,Scarborough,43.756845,-79.22939,At Intersection,No Control,Clear,Dark,Dry,Fatal,SMV Other,Driver,15 to 19,Major,,East,"Automobile, Station Wagon",Going Ahead,Lost control,Unknown,,,,,,,,,Yes,,,,,Yes,,,,,,141,Golfdale-Cedarbrae-Woburn,137,Woburn (137),D43,642536.846977568,4846389.2058739
2250,6162949,1177627,7/18/2010 4:00:00 AM,110,GREENCEDAR CRCT,DAPHNE RD,,Collector,Scarborough,43.756845,-79.22939,At Intersection,No Control,Clear,Dark,Dry,Fatal,SMV Other,Other Property Owner,unknown,,,,Other,,,,,,,,,,,,Yes,,,,,Yes,,,,,,141,Golfdale-Cedarbrae-Woburn,137,Woburn (137),D43,642536.846977568,4846389.2058739
2251,6186763,1187629,7/30/2010 4:00:00 AM,2015,THE ESPLANADE,CHURCH ST,,Collector,Toronto and East York,43.647245,-79.37329,At Intersection,Traffic Signal,Clear,Daylight,Dry,Non-Fatal Injury,Turning Movement,Passenger,15 to 19,Minor,,,Other,,,,,,,,,,,,Yes,Yes,,,,Yes,,Yes,,,,166,St Lawrence-East Bayfront-The Islands,77,Waterfront Communities-The Island (77),D51,631191.393512496,4833978.99027898
2252,6186764,1187629,7/30/2010 4:00:00 AM,2015,THE ESPLANADE,CHURCH ST,,Collector,Toronto and East York,43.647245,-79.37329,At Intersection,Traffic Signal,Clear,Daylight,Dry,Non-Fatal Injury,Turning Movement,Motorcycle Driver,25 to 29,Major,,East,Motorcycle,Going Ahead,Other,Had Been Drinking,,,,,,,,,Yes,Yes,,,,Yes,,Yes,,,,166,St Lawrence-East Bayfront-The Islands,77,Waterfront Communities-The Island (77),D51,631191.393512496,4833978.99027898