OBJECTID,INDEX,ACCNUM,DATE,TIME,STREET1,STREET2,OFFSET,ROAD_CLASS,DISTRICT,LATITUDE,LONGITUDE,ACCLOC,TRAFFCTL,VISIBILITY,LIGHT,RDSFCOND,ACCLASS,IMPACTYPE,INVTYPE,INVAGE,INJURY,FATAL_NO,INITDIR,VEHTYPE,MANOEUVER,DRIVACT,DRIVCOND,PEDTYPE,PEDACT,PEDCOND,CYCLISTYPE,CYCACT,CYCCOND,PEDESTRIAN,CYCLIST,AUTOMOBILE,MOTORCYCLE,TRUCK,TRSN_CITY_VEH,EMERG_VEH,PASSENGER,SPEEDING,AG_DRIV,REDLIGHT,ALCOHOL,DISABILITY,HOOD_158,NEIGHBOURHOOD_158,HOOD_140,NEIGHBOURHOOD_140,DIVISION,x,y
2316,6216979,1200416,10/8/2010 4:00:00 AM,2255,ST CLAIR AVE E,AVOCA AVE,,Major Arterial,Toronto and East York,43.688945,-79.38989,At Intersection,Traffic Signal,Clear,Dark,Dry,Non-Fatal Injury,Rear End,Driver,40 to 44,Minor,,East,"Automobile, Station Wagon",Stopped,Driving Properly,Normal,,,,,,,,,Yes,,,,,Yes,,Yes,,,,98,Rosedale-Moore Park,98,Rosedale-Moore Park (98),D53,629762.728808992,4838584.22649466
2317,6216980,1200416,10/8/2010 4:00:00 AM,2255,ST CLAIR AVE E,AVOCA AVE,,Major Arterial,Toronto and East York,43.688945,-79.38989,At Intersection,Traffic Signal,Clear,Dark,Dry,Non-Fatal Injury,Rear End,Driver,40 to 44,Major,,East,"Automobile, Station Wagon",Stopped,Driving Properly,Normal,,,,,,,,,Yes,,,,,Yes,,Yes,,,,98,Rosedale-Moore Park,98,Rosedale-Moore Park (98),D53,629762.728808992,4838584.22649466
2318,6216981,1200416,10/8/2010 4:00:00 AM,2255,ST CLAIR AVE E,AVOCA AVE,,Major Arterial,Toronto and East York,43.688945,-79.38989,At Intersection,Traffic Signal,Clear,Dark,Dry,Non-Fatal Injury,Rear End,Driver,45 to 49,None,,East,"Automobile, Station Wagon",Going Ahead,Following too Close,Normal,,,,,,,,,Yes,,,,,Yes,,Yes,,,,98,Rosedale-Moore Park,98,Rosedale-Moore Park (98),D53,629762.728808992,4838584.22649466
2319,6255373,1202550,10/25/2010 4:00:00 AM,2022,SHEPPARD AVE E,BIRCHMOUNT RD,,Major Arterial,Scarborough,43.781045,-79.29809,At Intersection,Traffic Signal,Clear,Dark,Dry,Non-Fatal Injury,Turning Movement,Passenger,45 to 49,Minor,,,Other,,,,,,,,,,,,Yes,,,,,Yes,,,,,,118,Tam O'Shanter-Sullivan,118,Tam O'Shanter-Sullivan (118),D42,636951.083564358,4848961.04649049
2320,6255374,1202550,10/25/2010 4:00:00 AM,2022,SHEPPARD AVE E,BIRCHMOUNT RD,,Major Arterial,Scarborough,43.781045,-79.29809,At Intersection,Traffic Signal,Clear,Dark,Dry,Non-Fatal Injury,Turning Movement,Passenger,unknown,Minor,,,Other,,,,,,,,,,,,Yes,,,,,Yes,,,,,,118,Tam O'Shanter-Sullivan,118,Tam O'Shanter-Sullivan (118),D42,636951.083564358,4848961.04649049
2321,6255375,1202550,10/25/2010 4:00:00 AM,2022,SHEPPARD AVE E,BIRCHMOUNT RD,,Major Arterial,Scarborough,43.781045,-79.29809,At Intersection,Traffic Signal,Clear,Dark,Dry,Non-Fatal Injury,Turning Movement,Passenger,unknown,Major,,,Other,,,,,,,,,,,,Yes,,,,,Yes,,,,,,118,Tam O'Shanter-Sullivan,118,Tam O'Shanter-Sullivan (118),D42,636951.083564358,4848961.04649049
2322,6255376,1202550,10/25/2010 4:00:00 AM,2022,SHEPPARD AVE E,BIRCHMOUNT RD,,Major Arterial,Scarborough,43.781045,-79.29809,At Intersection,Traffic Signal,Clear,Dark,Dry,Non-Fatal Injury,Turning Movement,Passenger,25 to 29,Major,,,Other,,,,,,,,,,,,Yes,,,,,Yes,,,,,,118,Tam O'Shanter-Sullivan,118,Tam O'Shanter-Sullivan (118),D42,636951.083564358,4848961.04649049
2323,6255377,1202550,10/25/2010 4:00:00 AM,2022,SHEPPARD AVE E,BIRCHMOUNT RD,,Major Arterial,Scarborough,43.781045,-79.29809,At Intersection,Traffic Signal,Clear,Dark,Dry,Non-Fatal Injury,Turning Movement,Passenger,25 to 29,Major,,,Other,,,,,,,,,,,,Yes,,,,,Yes,,,,,,118,Tam O'Shanter-Sullivan,118,Tam O'Shanter-Sullivan (118),D42,636951.083564358,4848961.04649049
2324,6255378,1202550,10/25/2010 4:00:00 AM,2022,SHEPPARD AVE E,BIRCHMOUNT RD,,Major Arterial,Scarborough,43.781045,-79.29809,At Intersection,Traffic Signal,Clear,Dark,Dry,Non-Fatal Injury,Turning Movement,Driver,25 to 29,Minimal,,East,"Automobile, Station Wagon",Turning Left,Improper Turn,Normal,,,,,,,,,Yes,,,,,Yes,,,,,,118,Tam O'Shanter-Sullivan,118,Tam O'Shanter-Sullivan (118),D42,636951.083564358,4848961.04649049
2325,6280503,1203088,11/1/2010 4:00:00 AM,1740,AVENUE RD,ST CLAIR AVE W,,Major Arterial,Toronto and East York,43.687545,-79.40189,,No Control,Clear,Daylight,Dry,Non-Fatal Injury,Rear End,Driver,35 to 39,None,,South,"Automobile, Station Wagon",Going Ahead,Driving Properly,Normal,,,,,,,,,Yes,,,,,Yes,,,,,Yes,96,Casa Loma,96,Casa Loma (96),D53,628798.606054144,4838410.02950599
2326,6280504,1203088,11/1/2010 4:00:00 AM,1740,AVENUE RD,ST CLAIR AVE W,,Major Arterial,Toronto and East York,43.687545,-79.40189,,No Control,Clear,Daylight,Dry,Non-Fatal Injury,Rear End,Driver,55 to 59,None,,South,"Automobile, Station Wagon",Going Ahead,Driving Properly,Normal,,,,,,,,,Yes,,,,,Yes,,,,,Yes,96,Casa Loma,96,Casa Loma (96),D53,628798.606054144,4838410.02950599
2327,6280505,1203088,11/1/2010 4:00:00 AM,1740,AVENUE RD,ST CLAIR AVE W,,Major Arterial,Toronto and East York,43.687545,-79.40189,,No Control,Clear,Daylight,Dry,Non-Fatal Injury,Rear End,Driver,25 to 29,None,,South,"Automobile, Station Wagon",Going Ahead,Driving Properly,Normal,,,,,,,,,Yes,,,,,Yes,,,,,Yes,96,Casa Loma,96,Casa Loma (96),D53,628798.606054144,4838410.02950599
2328,6280506,1203088,11/1/2010 4:00:00 AM,1740,AVENUE RD,ST CLAIR AVE W,,Major Arterial,Toronto and East York,43.687545,-79.40189,,No Control,Clear,Daylight,Dry,Non-Fatal Injury,Rear End,Driver,40 to 44,None,,South,"Automobile, Station Wagon",Stopped,Driving Properly,Normal,,,,,,,,,Yes,,,,,Yes,,,,,Yes,96,Casa Loma,96,Casa Loma (96),D53,628798.606054144,4838410.02950599
2329,6280507,1203088,11/1/2010 4:00:00 AM,1740,AVENUE RD,ST CLAIR AVE W,,Major Arterial,Toronto and East York,43.687545,-79.40189,,No Control,Clear,Daylight,Dry,Non-Fatal Injury,Rear End,Driver,65 to 69,Major,,South,"Automobile, Station Wagon",Going Ahead,Lost control,Medical or Physical Disability,,,,,,,,,Yes,,,,,Yes,,,,,Yes,96,Casa Loma,96,Casa Loma (96),D53,628798.606054144,4838410.02950599
2330,6280508,1203088,11/1/2010 4:00:00 AM,1740,AVENUE RD,ST CLAIR AVE W,,Major Arterial,Toronto and East York,43.687545,-79.40189,,No Control,Clear,Daylight,Dry,Non-Fatal Injury,Rear End,Passenger,20 to 24,Minimal,,,Other,,,,,,,,,,,,Yes,,,,,Yes,,,,,Yes,96,Casa Loma,96,Casa Loma (96),D53,628798.606054144,4838410.02950599
2331,6280509,1203088,11/1/2010 4:00:00 AM,1740,AVENUE RD,ST CLAIR AVE W,,Major Arterial,Toronto and East York,43.687545,-79.40189,,No Control,Clear,Daylight,Dry,Non-Fatal Injury,Rear End,Driver,30 to 34,Minimal,,South,"Automobile, Station Wagon",Stopped,Driving Properly,Normal,,,,,,,,,Yes,,,,,Yes,,,,,Yes,96,Casa Loma,96,Casa Loma (96),D53,628798.606054144,4838410.02950599
2332,6214132,1199249,11/3/2010 4:00:00 AM,858,MOUNT PLEASANT RD,LAWRENCE AVE E,,Major Arterial,North York,43.726345,-79.39639,At Intersection,Traffic Signal,Clear,Daylight,Dry,Non-Fatal Injury,Pedestrian Collisions,Pedestrian,20 to 24,Major,,North,Other,,,,Vehicle turns left while ped crosses with ROW at inter.,Crossing with right of way,Normal,,,,Yes,,Yes,,,,,Yes,,Yes,,,,103,Lawrence Park South,105,Lawrence Park North (105),D53,629158.519981649,4842727.87333017
2333,6214133,1199249,11/3/2010 4:00:00 AM,858,MOUNT PLEASANT RD,LAWRENCE AVE E,,Major Arterial,North York,43.726345,-79.39639,At Intersection,Traffic Signal,Clear,Daylight,Dry,Non-Fatal Injury,Pedestrian Collisions,Passenger,0 to 4,None,,,Other,,,,,,,,,,Yes,,Yes,,,,,Yes,,Yes,,,,103,Lawrence Park South,105,Lawrence Park North (105),D53,629158.519981649,4842727.87333017
2334,6214134,1199249,11/3/2010 4:00:00 AM,858,MOUNT PLEASANT RD,LAWRENCE AVE E,,Major Arterial,North York,43.726345,-79.39639,At Intersection,Traffic Signal,Clear,Daylight,Dry,Non-Fatal Injury,Pedestrian Collisions,Driver,35 to 39,None,,South,"Automobile, Station Wagon",Turning Left,Failed to Yield Right of Way,Normal,,,,,,,Yes,,Yes,,,,,Yes,,Yes,,,,103,Lawrence Park South,105,Lawrence Park North (105),D53,629158.519981649,4842727.87333017
2335,6233714,1207434,11/14/2010 5:00:00 AM,1958,FALMOUTH Aven,DANFORTH Road,,Major Arterial,Scarborough,43.730545,-79.25099,At Intersection,Stop Sign,Clear,Dark,Dry,Non-Fatal Injury,Turning Movement,Passenger,45 to 49,Major,,,Other,,,,,,,,,,,,Yes,,,,,Yes,,Yes,,,,124,Kennedy Park,124,Kennedy Park (124),D41,640859.664895711,4843431.24443079
2336,6233715,1207434,11/14/2010 5:00:00 AM,1958,FALMOUTH Aven,DANFORTH Road,,Major Arterial,Scarborough,43.730545,-79.25099,At Intersection,Stop Sign,Clear,Dark,Dry,Non-Fatal Injury,Turning Movement,Driver,50 to 54,Major,,West,"Automobile, Station Wagon",Going Ahead,Driving Properly,Unknown,,,,,,,,,Yes,,,,,Yes,,Yes,,,,124,Kennedy Park,124,Kennedy Park (124),D41,640859.664895711,4843431.24443079
2337,6233716,1207434,11/14/2010 5:00:00 AM,1958,FALMOUTH Aven,DANFORTH Road,,Major Arterial,Scarborough,43.730545,-79.25099,At Intersection,Stop Sign,Clear,Dark,Dry,Non-Fatal Injury,Turning Movement,Driver,40 to 44,Minimal,,East,"Automobile, Station Wagon",Going Ahead,Driving Properly,Normal,,,,,,,,,Yes,,,,,Yes,,Yes,,,,124,Kennedy Park,124,Kennedy Park (124),D41,640859.664895711,4843431.24443079
2338,6233717,1207434,11/14/2010 5:00:00 AM,1958,FALMOUTH Aven,DANFORTH Road,,Major Arterial,Scarborough,43.730545,-79.25099,At Intersection,Stop Sign,Clear,Dark,Dry,Non-Fatal Injury,Turning Movement,Driver,85 to 89,Minimal,,South,"Automobile, Station Wagon",Turning Left,Failed to Yield Right of Way,Inattentive,,,,,,,,,Yes,,,,,Yes,,Yes,,,,124,Kennedy Park,124,Kennedy Park (124),D41,640859.664895711,4843431.24443079
2339,6221650,1202322,11/17/2010 5:00:00 AM,1853,FINCH Ave W,VIRGILWOOD Dr,,Major Arterial,North York,43.772845,-79.44819,At Intersection,Traffic Signal,Clear,Daylight,Dry,Non-Fatal Injury,Pedestrian Collisions,Passenger,10 to 14,None,,,Other,,,,,,,,,,Yes,,Yes,,,,,Yes,,,,,,35,Westminster-Branson,35,Westminster-Branson (35),D32,624889.638750407,4847812.95341099
2340,6221651,1202322,11/17/2010 5:00:00 AM,1853,FINCH Ave W,VIRGILWOOD Dr,,Major Arterial,North York,43.772845,-79.44819,At Intersection,Traffic Signal,Clear,Daylight,Dry,Non-Fatal Injury,Pedestrian Collisions,Driver,75 to 79,None,,East,"Automobile, Station Wagon",Going Ahead,Driving Properly,Normal,,,,,,,Yes,,Yes,,,,,Yes,,,,,,35,Westminster-Branson,35,Westminster-Branson (35),D32,624889.638750407,4847812.95341099
2341,6221652,1202322,11/17/2010 5:00:00 AM,1853,FINCH Ave W,VIRGILWOOD Dr,,Major Arterial,North York,43.772845,-79.44819,At Intersection,Traffic Signal,Clear,Daylight,Dry,Non-Fatal Injury,Pedestrian Collisions,Pedestrian,20 to 24,Major,,North,Other,,,,Vehicle is going straight thru inter.while ped cross without ROW,Crossing without right of way,Inattentive,,,,Yes,,Yes,,,,,Yes,,,,,,35,Westminster-Branson,35,Westminster-Branson (35),D32,624889.638750407,4847812.95341099
2342,6230642,1206111,11/18/2010 5:00:00 AM,2041,PARLIAMENT St,FRONT St E,,Minor Arterial,Toronto and East York,43.651545,-79.36269,At Intersection,Traffic Signal,Clear,Dark,Dry,Non-Fatal Injury,Angle,Driver,75 to 79,Minor,,East,"Automobile, Station Wagon",Going Ahead,Disobeyed Traffic Control,Unknown,,,,,,,,,Yes,,,,,Yes,,Yes,Yes,,,166,St Lawrence-East Bayfront-The Islands,77,Waterfront Communities-The Island (77),D51,632036.852299258,4834473.37341133
2343,6230643,1206111,11/18/2010 5:00:00 AM,2041,PARLIAMENT St,FRONT St E,,Minor Arterial,Toronto and East York,43.651545,-79.36269,At Intersection,Traffic Signal,Clear,Dark,Dry,Non-Fatal Injury,Angle,Passenger,unknown,Minimal,,,Other,,,,,,,,,,,,Yes,,,,,Yes,,Yes,Yes,,,166,St Lawrence-East Bayfront-The Islands,77,Waterfront Communities-The Island (77),D51,632036.852299258,4834473.37341133
2344,6230644,1206111,11/18/2010 5:00:00 AM,2041,PARLIAMENT St,FRONT St E,,Minor Arterial,Toronto and East York,43.651545,-79.36269,At Intersection,Traffic Signal,Clear,Dark,Dry,Non-Fatal Injury,Angle,Passenger,unknown,Major,,,Other,,,,,,,,,,,,Yes,,,,,Yes,,Yes,Yes,,,166,St Lawrence-East Bayfront-The Islands,77,Waterfront Communities-The Island (77),D51,632036.852299258,4834473.37341133
2345,6230645,1206111,11/18/2010 5:00:00 AM,2041,PARLIAMENT St,FRONT St E,,Minor Arterial,Toronto and East York,43.651545,-79.36269,At Intersection,Traffic Signal,Clear,Dark,Dry,Non-Fatal Injury,Angle,Driver,25 to 29,Minor,,North,"Automobile, Station Wagon",Going Ahead,Driving Properly,Unknown,,,,,,,,,Yes,,,,,Yes,,Yes,Yes,,,166,St Lawrence-East Bayfront-The Islands,77,Waterfront Communities-The Island (77),D51,632036.852299258,4834473.37341133
2346,6464852,1204112,11/25/2010 5:00:00 AM,1051,KENNEDY RD,TROJAN GT,,Major Arterial,Scarborough,43.803845,-79.29819,At Intersection,Traffic Signal,Clear,Daylight,Dry,Non-Fatal Injury,Turning Movement,Vehicle Owner,unknown,,,,Other,,,,,,,,,,,,Yes,,,Yes,,Yes,,Yes,,,,130,Milliken,130,Milliken (130),D42,636890.968917228,4851493.1829193
2347,6464853,1204112,11/25/2010 5:00:00 AM,1051,KENNEDY RD,TROJAN GT,,Major Arterial,Scarborough,43.803845,-79.29819,At Intersection,Traffic Signal,Clear,Daylight,Dry,Non-Fatal Injury,Turning Movement,Driver,40 to 44,None,,South,"Automobile, Station Wagon",Turning Left,Failed to Yield Right of Way,Inattentive,,,,,,,,,Yes,,,Yes,,Yes,,Yes,,,,130,Milliken,130,Milliken (130),D42,636890.968917228,4851493.1829193
2348,6464854,1204112,11/25/2010 5:00:00 AM,1051,KENNEDY RD,TROJAN GT,,Major Arterial,Scarborough,43.803845,-79.29819,At Intersection,Traffic Signal,Clear,Daylight,Dry,Non-Fatal Injury,Turning Movement,Passenger,30 to 34,Minimal,,,Other,,,,,,,,,,,,Yes,,,Yes,,Yes,,Yes,,,,130,Milliken,130,Milliken (130),D42,636890.968917228,4851493.1829193
2349,6464855,1204112,11/25/2010 5:00:00 AM,1051,KENNEDY RD,TROJAN GT,,Major Arterial,Scarborough,43.803845,-79.29819,At Intersection,Traffic Signal,Clear,Daylight,Dry,Non-Fatal Injury,Turning Movement,Passenger,35 to 39,Minor,,,Other,,,,,,,,,,,,Yes,,,Yes,,Yes,,Yes,,,,130,Milliken,130,Milliken (130),D42,636890.968917228,4851493.1829193
2350,6464856,1204112,11/25/2010 5:00:00 AM,1051,KENNEDY RD,TROJAN GT,,Major Arterial,Scarborough,43.803845,-79.29819,At Intersection,Traffic Signal,Clear,Daylight,Dry,Non-Fatal Injury,Turning Movement,Passenger,35 to 39,Minor,,,Other,,,,,,,,,,,,Yes,,,Yes,,Yes,,Yes,,,,130,Milliken,130,Milliken (130),D42,636890.968917228,4851493.1829193
2351,6464857,1204112,11/25/2010 5:00:00 AM,1051,KENNEDY RD,TROJAN GT,,Major Arterial,Scarborough,43.803845,-79.29819,At Intersection,Traffic Signal,Clear,Daylight,Dry,Non-Fatal Injury,Turning Movement,Passenger,90 to 94,Major,,,Other,,,,,,,,,,,,Yes,,,Yes,,Yes,,Yes,,,,130,Milliken,130,Milliken (130),D42,636890.968917228,4851493.1829193
2352,6464858,1204112,11/25/2010 5:00:00 AM,1051,KENNEDY RD,TROJAN GT,,Major Arterial,Scarborough,43.803845,-79.29819,At Intersection,Traffic Signal,Clear,Daylight,Dry,Non-Fatal Injury,Turning Movement,Vehicle Owner,unknown,,,,Other,,,,,,,,,,,,Yes,,,Yes,,Yes,,Yes,,,,130,Milliken,130,Milliken (130),D42,636890.968917228,4851493.1829193
2353,6464859,1204112,11/25/2010 5:00:00 AM,1051,KENNEDY RD,TROJAN GT,,Major Arterial,Scarborough,43.803845,-79.29819,At Intersection,Traffic Signal,Clear,Daylight,Dry,Non-Fatal Injury,Turning Movement,Driver,60 to 64,None,,North,Municipal Transit Bus (TTC),Going Ahead,Driving Properly,Normal,,,,,,,,,Yes,,,Yes,,Yes,,Yes,,,,130,Milliken,130,Milliken (130),D42,636890.968917228,4851493.1829193
2354,6280668,1204378,11/28/2010 5:00:00 AM,545,BLOOR RAMP,CASTLE FRANK RD,,,Toronto and East York,43.676545,-79.36809,,No Control,Clear,Dark,Dry,Non-Fatal Injury,SMV Other,Passenger,0 to 4,Major,,,Other,,,,,,,,,,,,Yes,,,,,Yes,,,,Yes,,98,Rosedale-Moore Park,98,Rosedale-Moore Park (98),D53,631546.761671015,4837241.38021911
2355,6280669,1204378,11/28/2010 5:00:00 AM,545,BLOOR RAMP,CASTLE FRANK RD,,,Toronto and East York,43.676545,-79.36809,,No Control,Clear,Dark,Dry,Non-Fatal Injury,SMV Other,Passenger,35 to 39,Major,,,Other,,,,,,,,,,,,Yes,,,,,Yes,,,,Yes,,98,Rosedale-Moore Park,98,Rosedale-Moore Park (98),D53,631546.761671015,4837241.38021911
2356,6280670,1204378,11/28/2010 5:00:00 AM,545,BLOOR RAMP,CASTLE FRANK RD,,,Toronto and East York,43.676545,-79.36809,,No Control,Clear,Dark,Dry,Non-Fatal Injury,SMV Other,Driver,25 to 29,Minimal,,South,"Automobile, Station Wagon",Going Ahead,Other,"Ability Impaired, Alcohol Over .08",,,,,,,,,Yes,,,,,Yes,,,,Yes,,98,Rosedale-Moore Park,98,Rosedale-Moore Park (98),D53,631546.761671015,4837241.38021911
2357,6280671,1204378,11/28/2010 5:00:00 AM,545,BLOOR RAMP,CASTLE FRANK RD,,,Toronto and East York,43.676545,-79.36809,,No Control,Clear,Dark,Dry,Non-Fatal Injury,SMV Other,Other Property Owner,unknown,,,,Other,,,,,,,,,,,,Yes,,,,,Yes,,,,Yes,,98,Rosedale-Moore Park,98,Rosedale-Moore Park (98),D53,631546.761671015,4837241.38021911
2358,6262995,1210705,12/4/2010 5:00:00 AM,1430,CARRIER Driv,WOODBINE DOWNS Boul,,Collector,Etobicoke York,43.738645,-79.60759,At Intersection,Stop Sign,Clear,Daylight,Dry,Non-Fatal Injury,Angle,Driver,40 to 44,None,,North,"Automobile, Station Wagon",Going Ahead,Disobeyed Traffic Control,Inattentive,,,,,,,,,Yes,,,,,Yes,,Yes,,,,1,West Humber-Clairville,1,West Humber-Clairville (1),D23,612124.894583727,4843786.47488321
2359,6262996,1210705,12/4/2010 5:00:00 AM,1430,CARRIER Driv,WOODBINE DOWNS Boul,,Collector,Etobicoke York,43.738645,-79.60759,At Intersection,Stop Sign,Clear,Daylight,Dry,Non-Fatal Injury,Angle,Passenger,5 to 9,Minor,,,Other,,,,,,,,,,,,Yes,,,,,Yes,,Yes,,,,1,West Humber-Clairville,1,West Humber-Clairville (1),D23,612124.894583727,4843786.47488321
2360,6262997,1210705,12/4/2010 5:00:00 AM,1430,CARRIER Driv,WOODBINE DOWNS Boul,,Collector,Etobicoke York,43.738645,-79.60759,At Intersection,Stop Sign,Clear,Daylight,Dry,Non-Fatal Injury,Angle,Passenger,10 to 14,Major,,,Other,,,,,,,,,,,,Yes,,,,,Yes,,Yes,,,,1,West Humber-Clairville,1,West Humber-Clairville (1),D23,612124.894583727,4843786.47488321
2361,6262998,1210705,12/4/2010 5:00:00 AM,1430,CARRIER Driv,WOODBINE DOWNS Boul,,Collector,Etobicoke York,43.738645,-79.60759,At Intersection,Stop Sign,Clear,Daylight,Dry,Non-Fatal Injury,Angle,Passenger,65 to 69,Minor,,,Other,,,,,,,,,,,,Yes,,,,,Yes,,Yes,,,,1,West Humber-Clairville,1,West Humber-Clairville (1),D23,612124.894583727,4843786.47488321
2362,6262999,1210705,12/4/2010 5:00:00 AM,1430,CARRIER Driv,WOODBINE DOWNS Boul,,Collector,Etobicoke York,43.738645,-79.60759,At Intersection,Stop Sign,Clear,Daylight,Dry,Non-Fatal Injury,Angle,Driver,35 to 39,Minor,,West,"Automobile, Station Wagon",Going Ahead,Driving Properly,Normal,,,,,,,,,Yes,,,,,Yes,,Yes,,,,1,West Humber-Clairville,1,West Humber-Clairville (1),D23,612124.894583727,4843786.47488321
2363,6256933,1205835,12/5/2010 5:00:00 AM,421,422 BRIMORTON DR,,,Collector,Scarborough,43.769045,-79.23759,,No Control,Clear,Dark,Dry,Fatal,SMV Other,Passenger,25 to 29,Major,,,Other,,,,,,,,,,,,Yes,,,,,Yes,,,,,,142,Woburn North,137,Woburn (137),D43,641847.888417278,4847730.12481078
2364,6256934,1205835,12/5/2010 5:00:00 AM,421,422 BRIMORTON DR,,,Collector,Scarborough,43.769045,-79.23759,,No Control,Clear,Dark,Dry,Fatal,SMV Other,Driver,25 to 29,Fatal,37,West,"Automobile, Station Wagon",Going Ahead,Lost control,Had Been Drinking,,,,,,,,,Yes,,,,,Yes,,,,,,142,Woburn North,137,Woburn (137),D43,641847.888417278,4847730.12481078
2365,6256935,1205835,12/5/2010 5:00:00 AM,421,422 BRIMORTON DR,,,Collector,Scarborough,43.769045,-79.23759,,No Control,Clear,Dark,Dry,Fatal,SMV Other,Other Property Owner,unknown,,,,Other,,,,,,,,,,,,Yes,,,,,Yes,,,,,,142,Woburn North,137,Woburn (137),D43,641847.888417278,4847730.12481078
2366,6256936,1205835,12/5/2010 5:00:00 AM,421,422 BRIMORTON DR,,,Collector,Scarborough,43.769045,-79.23759,,No Control,Clear,Dark,Dry,Fatal,SMV Other,Other Property Owner,unknown,,,,Other,,,,,,,,,,,,Yes,,,,,Yes,,,,,,142,Woburn North,137,Woburn (137),D43,641847.888417278,4847730.12481078
2367,6264026,1211648,12/6/2010 5:00:00 AM,845,JANE ST,JOHN ST,,Major Arterial,Etobicoke York,43.706645,-79.50479,At Intersection,Traffic Signal,Snow,Daylight,Wet,Non-Fatal Injury,Turning Movement,Driver,45 to 49,None,,North,"Automobile, Station Wagon",Going Ahead,Driving Properly,Normal,,,,,,,,,Yes,,,,,Yes,,,,,,28,Rustic,28,Rustic (28),D12,620467.123615575,4840376.6749451
2368,6264027,1211648,12/6/2010 5:00:00 AM,845,JANE ST,JOHN ST,,Major Arterial,Etobicoke York,43.706645,-79.50479,At Intersection,Traffic Signal,Snow,Daylight,Wet,Non-Fatal Injury,Turning Movement,Vehicle Owner,unknown,,,,Other,,,,,,,,,,,,Yes,,,,,Yes,,,,,,28,Rustic,28,Rustic (28),D12,620467.123615575,4840376.6749451
2369,6264028,1211648,12/6/2010 5:00:00 AM,845,JANE ST,JOHN ST,,Major Arterial,Etobicoke York,43.706645,-79.50479,At Intersection,Traffic Signal,Snow,Daylight,Wet,Non-Fatal Injury,Turning Movement,Driver,30 to 34,Minor,,South,"Automobile, Station Wagon",Turning Left,Improper Turn,Normal,,,,,,,,,Yes,,,,,Yes,,,,,,28,Rustic,28,Rustic (28),D12,620467.123615575,4840376.6749451
2370,6264029,1211648,12/6/2010 5:00:00 AM,845,JANE ST,JOHN ST,,Major Arterial,Etobicoke York,43.706645,-79.50479,At Intersection,Traffic Signal,Snow,Daylight,Wet,Non-Fatal Injury,Turning Movement,Passenger,5 to 9,Major,,,Other,,,,,,,,,,,,Yes,,,,,Yes,,,,,,28,Rustic,28,Rustic (28),D12,620467.123615575,4840376.6749451
2371,6258402,1207370,12/14/2010 5:00:00 AM,216,KINGSTON RD,ST QUENTIN AVE,,Major Arterial,Scarborough,43.719145,-79.23929,,No Control,Snow,Dark,Packed Snow,Fatal,SMV Other,Passenger,15 to 19,Minimal,,,Other,,,,,,,,,,,,Yes,,,,,Yes,,,,,,123,Cliffcrest,123,Cliffcrest (123),D43,641828.858970925,4842185.0620647
2372,6258403,1207370,12/14/2010 5:00:00 AM,216,KINGSTON RD,ST QUENTIN AVE,,Major Arterial,Scarborough,43.719145,-79.23929,,No Control,Snow,Dark,Packed Snow,Fatal,SMV Other,Driver,20 to 24,Fatal,39,West,"Automobile, Station Wagon",Going Ahead,Lost control,Unknown,,,,,,,,,Yes,,,,,Yes,,,,,,123,Cliffcrest,123,Cliffcrest (123),D43,641828.858970925,4842185.0620647
2373,6258404,1207370,12/14/2010 5:00:00 AM,216,KINGSTON RD,ST QUENTIN AVE,,Major Arterial,Scarborough,43.719145,-79.23929,,No Control,Snow,Dark,Packed Snow,Fatal,SMV Other,Other Property Owner,unknown,,,,Other,,,,,,,,,,,,Yes,,,,,Yes,,,,,,123,Cliffcrest,123,Cliffcrest (123),D43,641828.858970925,4842185.0620647
2374,6281386,1209207,12/23/2010 5:00:00 AM,2027,BATHURST ST,BRIDGMAN AVE,,Major Arterial,Toronto and East York,43.673945,-79.41469,,No Control,Clear,Dark,Dry,Fatal,Pedestrian Collisions,Other,unknown,None,,South,Other,Parked,,,,,,,,,Yes,,,,,Yes,,Yes,,Yes,,,,96,Casa Loma,96,Casa Loma (96),D13,627795.859678423,4836879.76433075
2375,6281387,1209207,12/23/2010 5:00:00 AM,2027,BATHURST ST,BRIDGMAN AVE,,Major Arterial,Toronto and East York,43.673945,-79.41469,,No Control,Clear,Dark,Dry,Fatal,Pedestrian Collisions,Passenger,50 to 54,Major,,,Other,,,,,,,,,,Yes,,,,,Yes,,Yes,,Yes,,,,96,Casa Loma,96,Casa Loma (96),D13,627795.859678423,4836879.76433075
2376,6281388,1209207,12/23/2010 5:00:00 AM,2027,BATHURST ST,BRIDGMAN AVE,,Major Arterial,Toronto and East York,43.673945,-79.41469,,No Control,Clear,Dark,Dry,Fatal,Pedestrian Collisions,Vehicle Owner,unknown,,,,Other,,,,,,,,,,Yes,,,,,Yes,,Yes,,Yes,,,,96,Casa Loma,96,Casa Loma (96),D13,627795.859678423,4836879.76433075
2377,6281389,1209207,12/23/2010 5:00:00 AM,2027,BATHURST ST,BRIDGMAN AVE,,Major Arterial,Toronto and East York,43.673945,-79.41469,,No Control,Clear,Dark,Dry,Fatal,Pedestrian Collisions,Driver,50 to 54,None,,South,Municipal Transit Bus (TTC),Going Ahead,Improper Passing,Normal,,,,,,,Yes,,,,,Yes,,Yes,,Yes,,,,96,Casa Loma,96,Casa Loma (96),D13,627795.859678423,4836879.76433075