OBJECTID,INDEX,ACCNUM,DATE,TIME,STREET1,STREET2,OFFSET,ROAD_CLASS,DISTRICT,LATITUDE,LONGITUDE,ACCLOC,TRAFFCTL,VISIBILITY,LIGHT,RDSFCOND,ACCLASS,IMPACTYPE,INVTYPE,INVAGE,INJURY,FATAL_NO,INITDIR,VEHTYPE,MANOEUVER,DRIVACT,DRIVCOND,PEDTYPE,PEDACT,PEDCOND,CYCLISTYPE,CYCACT,CYCCOND,PEDESTRIAN,CYCLIST,AUTOMOBILE,MOTORCYCLE,TRUCK,TRSN_CITY_VEH,EMERG_VEH,PASSENGER,SPEEDING,AG_DRIV,REDLIGHT,ALCOHOL,DISABILITY,HOOD_158,NEIGHBOURHOOD_158,HOOD_140,NEIGHBOURHOOD_140,DIVISION,x,y
2502,6627088,1233231,5/16/2011 4:00:00 AM,17,F G GARDINER Expr E,DOWLING Ave,,Major Arterial,Toronto and East York,43.635445,-79.44079,,No Control,Rain,"Dark, artificial",Wet,Non-Fatal Injury,SMV Other,Vehicle Owner,unknown,,,,Other,,,,,,,,,,,,Yes,,,,,Yes,Yes,Yes,,,,85,South Parkdale,85,South Parkdale (85),D14,625772.198329682,4832563.95729954
2503,6649622,1242807,5/20/2011 4:00:00 AM,1738,MCCOWAN Road,BRIDLEY Driv,,Major Arterial,Scarborough,43.813645,-79.27009,,No Control,Clear,Daylight,Dry,Non-Fatal Injury,Rear End,Driver,35 to 39,None,,South,"Automobile, Station Wagon",Going Ahead,Driving Properly,Normal,,,,,,,,,Yes,,,,,Yes,,Yes,,,,129,Agincourt North,129,Agincourt North (129),D42,639128.557497504,4852628.50148581
2504,6649623,1242807,5/20/2011 4:00:00 AM,1738,MCCOWAN Road,BRIDLEY Driv,,Major Arterial,Scarborough,43.813645,-79.27009,,No Control,Clear,Daylight,Dry,Non-Fatal Injury,Rear End,Passenger,20 to 24,Minor,,,Other,,,,,,,,,,,,Yes,,,,,Yes,,Yes,,,,129,Agincourt North,129,Agincourt North (129),D42,639128.557497504,4852628.50148581
2505,6649624,1242807,5/20/2011 4:00:00 AM,1738,MCCOWAN Road,BRIDLEY Driv,,Major Arterial,Scarborough,43.813645,-79.27009,,No Control,Clear,Daylight,Dry,Non-Fatal Injury,Rear End,Passenger,15 to 19,Major,,,Other,,,,,,,,,,,,Yes,,,,,Yes,,Yes,,,,129,Agincourt North,129,Agincourt North (129),D42,639128.557497504,4852628.50148581
2506,6649625,1242807,5/20/2011 4:00:00 AM,1738,MCCOWAN Road,BRIDLEY Driv,,Major Arterial,Scarborough,43.813645,-79.27009,,No Control,Clear,Daylight,Dry,Non-Fatal Injury,Rear End,Passenger,15 to 19,Minimal,,,Other,,,,,,,,,,,,Yes,,,,,Yes,,Yes,,,,129,Agincourt North,129,Agincourt North (129),D42,639128.557497504,4852628.50148581
2507,6649626,1242807,5/20/2011 4:00:00 AM,1738,MCCOWAN Road,BRIDLEY Driv,,Major Arterial,Scarborough,43.813645,-79.27009,,No Control,Clear,Daylight,Dry,Non-Fatal Injury,Rear End,Vehicle Owner,unknown,,,,Other,,,,,,,,,,,,Yes,,,,,Yes,,Yes,,,,129,Agincourt North,129,Agincourt North (129),D42,639128.557497504,4852628.50148581
2508,6649627,1242807,5/20/2011 4:00:00 AM,1738,MCCOWAN Road,BRIDLEY Driv,,Major Arterial,Scarborough,43.813645,-79.27009,,No Control,Clear,Daylight,Dry,Non-Fatal Injury,Rear End,Driver,15 to 19,Minor,,South,"Automobile, Station Wagon",Changing Lanes,Following too Close,Had Been Drinking,,,,,,,,,Yes,,,,,Yes,,Yes,,,,129,Agincourt North,129,Agincourt North (129),D42,639128.557497504,4852628.50148581
2509,6649628,1242807,5/20/2011 4:00:00 AM,1738,MCCOWAN Road,BRIDLEY Driv,,Major Arterial,Scarborough,43.813645,-79.27009,,No Control,Clear,Daylight,Dry,Non-Fatal Injury,Rear End,Other Property Owner,unknown,,,,Other,,,,,,,,,,,,Yes,,,,,Yes,,Yes,,,,129,Agincourt North,129,Agincourt North (129),D42,639128.557497504,4852628.50148581
2510,6649629,1242807,5/20/2011 4:00:00 AM,1738,MCCOWAN Road,BRIDLEY Driv,,Major Arterial,Scarborough,43.813645,-79.27009,,No Control,Clear,Daylight,Dry,Non-Fatal Injury,Rear End,Vehicle Owner,unknown,,,,Other,,,,,,,,,,,,Yes,,,,,Yes,,Yes,,,,129,Agincourt North,129,Agincourt North (129),D42,639128.557497504,4852628.50148581
2511,6630749,1234913,5/23/2011 4:00:00 AM,1350,ISLINGTON AVE,ALBION RD,,Major Arterial,Etobicoke York,43.737245,-79.56529,At Intersection,Traffic Signal,Clear,Daylight,Dry,Non-Fatal Injury,Pedestrian Collisions,Passenger,0 to 4,None,,,Other,,,,,,,,,,Yes,,Yes,,,,,Yes,,,,,,3,Thistletown-Beaumond Heights,3,Thistletown-Beaumond Heights (3),D23,615533.850117576,4843689.0972518
2512,6630750,1234913,5/23/2011 4:00:00 AM,1350,ISLINGTON AVE,ALBION RD,,Major Arterial,Etobicoke York,43.737245,-79.56529,At Intersection,Traffic Signal,Clear,Daylight,Dry,Non-Fatal Injury,Pedestrian Collisions,Driver,35 to 39,None,,North,"Automobile, Station Wagon",Going Ahead,Driving Properly,Normal,,,,,,,Yes,,Yes,,,,,Yes,,,,,,3,Thistletown-Beaumond Heights,3,Thistletown-Beaumond Heights (3),D23,615533.850117576,4843689.0972518
2513,6630751,1234913,5/23/2011 4:00:00 AM,1350,ISLINGTON AVE,ALBION RD,,Major Arterial,Etobicoke York,43.737245,-79.56529,At Intersection,Traffic Signal,Clear,Daylight,Dry,Non-Fatal Injury,Pedestrian Collisions,Pedestrian,75 to 79,Major,,East,Other,,,,Vehicle is going straight thru inter.while ped cross without ROW,Crossing without right of way,Normal,,,,Yes,,Yes,,,,,Yes,,,,,,3,Thistletown-Beaumond Heights,3,Thistletown-Beaumond Heights (3),D23,615533.850117576,4843689.0972518
2514,6631684,1235315,5/30/2011 4:00:00 AM,709,MIDLAND AVE,COSENTINO DR,,Major Arterial,Scarborough,43.770545,-79.27199,,No Control,Clear,Daylight,Dry,Non-Fatal Injury,Pedestrian Collisions,Vehicle Owner,unknown,,,,Other,,,,,,,,,,Yes,,Yes,,,,,Yes,,,,,,156,Bendale-Glen Andrew,127,Bendale (127),D41,639075.689518558,4847838.3664957
2515,6631685,1235315,5/30/2011 4:00:00 AM,709,MIDLAND AVE,COSENTINO DR,,Major Arterial,Scarborough,43.770545,-79.27199,,No Control,Clear,Daylight,Dry,Non-Fatal Injury,Pedestrian Collisions,Passenger,25 to 29,None,,,Other,,,,,,,,,,Yes,,Yes,,,,,Yes,,,,,,156,Bendale-Glen Andrew,127,Bendale (127),D41,639075.689518558,4847838.3664957
2516,6631686,1235315,5/30/2011 4:00:00 AM,709,MIDLAND AVE,COSENTINO DR,,Major Arterial,Scarborough,43.770545,-79.27199,,No Control,Clear,Daylight,Dry,Non-Fatal Injury,Pedestrian Collisions,Passenger,50 to 54,None,,,Other,,,,,,,,,,Yes,,Yes,,,,,Yes,,,,,,156,Bendale-Glen Andrew,127,Bendale (127),D41,639075.689518558,4847838.3664957
2517,6631687,1235315,5/30/2011 4:00:00 AM,709,MIDLAND AVE,COSENTINO DR,,Major Arterial,Scarborough,43.770545,-79.27199,,No Control,Clear,Daylight,Dry,Non-Fatal Injury,Pedestrian Collisions,Driver,55 to 59,None,,North,"Automobile, Station Wagon",Going Ahead,Driving Properly,Unknown,,,,,,,Yes,,Yes,,,,,Yes,,,,,,156,Bendale-Glen Andrew,127,Bendale (127),D41,639075.689518558,4847838.3664957
2518,6631688,1235315,5/30/2011 4:00:00 AM,709,MIDLAND AVE,COSENTINO DR,,Major Arterial,Scarborough,43.770545,-79.27199,,No Control,Clear,Daylight,Dry,Non-Fatal Injury,Pedestrian Collisions,Other,unknown,None,,,Other,,,,,,,,,,Yes,,Yes,,,,,Yes,,,,,,156,Bendale-Glen Andrew,127,Bendale (127),D41,639075.689518558,4847838.3664957
2519,6631689,1235315,5/30/2011 4:00:00 AM,709,MIDLAND AVE,COSENTINO DR,,Major Arterial,Scarborough,43.770545,-79.27199,,No Control,Clear,Daylight,Dry,Non-Fatal Injury,Pedestrian Collisions,Pedestrian,15 to 19,Major,,East,Other,,,,Pedestrian hit at mid-block,"Crossing, no Traffic Control",Medical or Physical Disability,,,,Yes,,Yes,,,,,Yes,,,,,,156,Bendale-Glen Andrew,127,Bendale (127),D41,639075.689518558,4847838.3664957
2520,6653545,1244509,6/3/2011 4:00:00 AM,750,62 RACINE DR,,,Collector,Etobicoke York,43.717045,-79.58059,,No Control,Clear,Daylight,Dry,Non-Fatal Injury,Approaching,Vehicle Owner,unknown,,,,Other,,,,,,,,,,,,Yes,,Yes,,,Yes,,,,,,1,West Humber-Clairville,1,West Humber-Clairville (1),D23,614340.193813465,4841424.38381713
2521,6653546,1244509,6/3/2011 4:00:00 AM,750,62 RACINE DR,,,Collector,Etobicoke York,43.717045,-79.58059,,No Control,Clear,Daylight,Dry,Non-Fatal Injury,Approaching,Driver,30 to 34,Major,,East,"Automobile, Station Wagon",Going Ahead,Lost control,Inattentive,,,,,,,,,Yes,,Yes,,,Yes,,,,,,1,West Humber-Clairville,1,West Humber-Clairville (1),D23,614340.193813465,4841424.38381713
2522,6653547,1244509,6/3/2011 4:00:00 AM,750,62 RACINE DR,,,Collector,Etobicoke York,43.717045,-79.58059,,No Control,Clear,Daylight,Dry,Non-Fatal Injury,Approaching,Passenger,40 to 44,Minor,,,Other,,,,,,,,,,,,Yes,,Yes,,,Yes,,,,,,1,West Humber-Clairville,1,West Humber-Clairville (1),D23,614340.193813465,4841424.38381713
2523,6653548,1244509,6/3/2011 4:00:00 AM,750,62 RACINE DR,,,Collector,Etobicoke York,43.717045,-79.58059,,No Control,Clear,Daylight,Dry,Non-Fatal Injury,Approaching,Vehicle Owner,unknown,,,,Other,,,,,,,,,,,,Yes,,Yes,,,Yes,,,,,,1,West Humber-Clairville,1,West Humber-Clairville (1),D23,614340.193813465,4841424.38381713
2524,6653549,1244509,6/3/2011 4:00:00 AM,750,62 RACINE DR,,,Collector,Etobicoke York,43.717045,-79.58059,,No Control,Clear,Daylight,Dry,Non-Fatal Injury,Approaching,Truck Driver,40 to 44,Minor,,West,Truck - Open,Going Ahead,Driving Properly,Normal,,,,,,,,,Yes,,Yes,,,Yes,,,,,,1,West Humber-Clairville,1,West Humber-Clairville (1),D23,614340.193813465,4841424.38381713
2525,6653550,1244509,6/3/2011 4:00:00 AM,750,62 RACINE DR,,,Collector,Etobicoke York,43.717045,-79.58059,,No Control,Clear,Daylight,Dry,Non-Fatal Injury,Approaching,Vehicle Owner,unknown,,,,Other,,,,,,,,,,,,Yes,,Yes,,,Yes,,,,,,1,West Humber-Clairville,1,West Humber-Clairville (1),D23,614340.193813465,4841424.38381713
2526,6654992,1245113,6/8/2011 4:00:00 AM,2313,DUFFERIN ST,FINCH AVE W,,Major Arterial,North York,43.768845,-79.46689,At Intersection,Traffic Signal,Clear,Dark,Dry,Non-Fatal Injury,Angle,Passenger,15 to 19,Minor,,,Other,,,,,,,,,,,,Yes,,,,,Yes,,Yes,Yes,,,34,Bathurst Manor,34,Bathurst Manor (34),D32,623392.876102991,4847340.65746317
2527,6654993,1245113,6/8/2011 4:00:00 AM,2313,DUFFERIN ST,FINCH AVE W,,Major Arterial,North York,43.768845,-79.46689,At Intersection,Traffic Signal,Clear,Dark,Dry,Non-Fatal Injury,Angle,Passenger,15 to 19,Major,,,Other,,,,,,,,,,,,Yes,,,,,Yes,,Yes,Yes,,,34,Bathurst Manor,34,Bathurst Manor (34),D32,623392.876102991,4847340.65746317
2528,6654994,1245113,6/8/2011 4:00:00 AM,2313,DUFFERIN ST,FINCH AVE W,,Major Arterial,North York,43.768845,-79.46689,At Intersection,Traffic Signal,Clear,Dark,Dry,Non-Fatal Injury,Angle,Driver,25 to 29,Minor,,East,"Automobile, Station Wagon",Going Ahead,Driving Properly,Normal,,,,,,,,,Yes,,,,,Yes,,Yes,Yes,,,34,Bathurst Manor,34,Bathurst Manor (34),D32,623392.876102991,4847340.65746317
2529,6654995,1245113,6/8/2011 4:00:00 AM,2313,DUFFERIN ST,FINCH AVE W,,Major Arterial,North York,43.768845,-79.46689,At Intersection,Traffic Signal,Clear,Dark,Dry,Non-Fatal Injury,Angle,Driver,40 to 44,Minimal,,North,"Automobile, Station Wagon",Going Ahead,Disobeyed Traffic Control,Inattentive,,,,,,,,,Yes,,,,,Yes,,Yes,Yes,,,34,Bathurst Manor,34,Bathurst Manor (34),D32,623392.876102991,4847340.65746317
2530,6639080,1238461,6/14/2011 4:00:00 AM,2203,HOPTREE Ave,STAINES Rd,,Local,Scarborough,43.822145,-79.22029,,No Control,Clear,Dark,Dry,Non-Fatal Injury,Other,Passenger,15 to 19,None,,,Other,,,,,,,,,,,,Yes,,,,,Yes,,,,,,144,Morningside Heights,131,Rouge (131),D42,643113.474229168,4853657.51905251
2531,6639081,1238461,6/14/2011 4:00:00 AM,2203,HOPTREE Ave,STAINES Rd,,Local,Scarborough,43.822145,-79.22029,,No Control,Clear,Dark,Dry,Non-Fatal Injury,Other,Passenger,15 to 19,Major,,,Other,,,,,,,,,,,,Yes,,,,,Yes,,,,,,144,Morningside Heights,131,Rouge (131),D42,643113.474229168,4853657.51905251
2532,6639082,1238461,6/14/2011 4:00:00 AM,2203,HOPTREE Ave,STAINES Rd,,Local,Scarborough,43.822145,-79.22029,,No Control,Clear,Dark,Dry,Non-Fatal Injury,Other,Driver,15 to 19,None,,North,"Automobile, Station Wagon",Going Ahead,Other,Inattentive,,,,,,,,,Yes,,,,,Yes,,,,,,144,Morningside Heights,131,Rouge (131),D42,643113.474229168,4853657.51905251
2533,6664249,1249034,6/19/2011 4:00:00 AM,1256,SPADINA Road,DAVENPORT Road,,Minor Arterial,Toronto and East York,43.677445,-79.40809,,Traffic Signal,Clear,Daylight,Dry,Non-Fatal Injury,SMV Other,Passenger,60 to 64,Major,,,Other,,,,,,,,,,,,Yes,,,,,Yes,,,,,,96,Casa Loma,96,Casa Loma (96),D53,628320.447365088,4837278.67611819
2534,6664250,1249034,6/19/2011 4:00:00 AM,1256,SPADINA Road,DAVENPORT Road,,Minor Arterial,Toronto and East York,43.677445,-79.40809,,Traffic Signal,Clear,Daylight,Dry,Non-Fatal Injury,SMV Other,Passenger,25 to 29,Minor,,,Other,,,,,,,,,,,,Yes,,,,,Yes,,,,,,96,Casa Loma,96,Casa Loma (96),D53,628320.447365088,4837278.67611819
2535,6664251,1249034,6/19/2011 4:00:00 AM,1256,SPADINA Road,DAVENPORT Road,,Minor Arterial,Toronto and East York,43.677445,-79.40809,,Traffic Signal,Clear,Daylight,Dry,Non-Fatal Injury,SMV Other,Driver,45 to 49,Minor,,East,"Automobile, Station Wagon",Turning Right,Lost control,Normal,,,,,,,,,Yes,,,,,Yes,,,,,,96,Casa Loma,96,Casa Loma (96),D53,628320.447365088,4837278.67611819
2536,6664252,1249034,6/19/2011 4:00:00 AM,1256,SPADINA Road,DAVENPORT Road,,Minor Arterial,Toronto and East York,43.677445,-79.40809,,Traffic Signal,Clear,Daylight,Dry,Non-Fatal Injury,SMV Other,Other Property Owner,unknown,,,,Other,,,,,,,,,,,,Yes,,,,,Yes,,,,,,96,Casa Loma,96,Casa Loma (96),D53,628320.447365088,4837278.67611819
2537,6662842,1248453,6/26/2011 4:00:00 AM,2208,FINCH AVE W,400 S FINCH E RAMP N,,Major Arterial,Etobicoke York,43.754045,-79.53279,At Intersection,Traffic Signal,Clear,Dark,Dry,Non-Fatal Injury,Rear End,Passenger,10 to 14,Major,,,Other,,,,,,,,,,,,Yes,,,,,Yes,Yes,Yes,,,,21,Humber Summit,21,Humber Summit (21),D31,618117.972635262,4845600.81104389
2538,6662843,1248453,6/26/2011 4:00:00 AM,2208,FINCH AVE W,400 S FINCH E RAMP N,,Major Arterial,Etobicoke York,43.754045,-79.53279,At Intersection,Traffic Signal,Clear,Dark,Dry,Non-Fatal Injury,Rear End,Passenger,25 to 29,Minor,,,Other,,,,,,,,,,,,Yes,,,,,Yes,Yes,Yes,,,,21,Humber Summit,21,Humber Summit (21),D31,618117.972635262,4845600.81104389
2539,6662844,1248453,6/26/2011 4:00:00 AM,2208,FINCH AVE W,400 S FINCH E RAMP N,,Major Arterial,Etobicoke York,43.754045,-79.53279,At Intersection,Traffic Signal,Clear,Dark,Dry,Non-Fatal Injury,Rear End,Driver,35 to 39,Minor,,West,"Automobile, Station Wagon",Going Ahead,Driving Properly,Normal,,,,,,,,,Yes,,,,,Yes,Yes,Yes,,,,21,Humber Summit,21,Humber Summit (21),D31,618117.972635262,4845600.81104389
2540,6662845,1248453,6/26/2011 4:00:00 AM,2208,FINCH AVE W,400 S FINCH E RAMP N,,Major Arterial,Etobicoke York,43.754045,-79.53279,At Intersection,Traffic Signal,Clear,Dark,Dry,Non-Fatal Injury,Rear End,Vehicle Owner,unknown,,,,Other,,,,,,,,,,,,Yes,,,,,Yes,Yes,Yes,,,,21,Humber Summit,21,Humber Summit (21),D31,618117.972635262,4845600.81104389
2541,6662846,1248453,6/26/2011 4:00:00 AM,2208,FINCH AVE W,400 S FINCH E RAMP N,,Major Arterial,Etobicoke York,43.754045,-79.53279,At Intersection,Traffic Signal,Clear,Dark,Dry,Non-Fatal Injury,Rear End,Driver,35 to 39,None,,West,"Automobile, Station Wagon",Going Ahead,Speed too Fast For Condition,Normal,,,,,,,,,Yes,,,,,Yes,Yes,Yes,,,,21,Humber Summit,21,Humber Summit (21),D31,618117.972635262,4845600.81104389
2542,6662847,1248453,6/26/2011 4:00:00 AM,2208,FINCH AVE W,400 S FINCH E RAMP N,,Major Arterial,Etobicoke York,43.754045,-79.53279,At Intersection,Traffic Signal,Clear,Dark,Dry,Non-Fatal Injury,Rear End,Passenger,55 to 59,Minimal,,,Other,,,,,,,,,,,,Yes,,,,,Yes,Yes,Yes,,,,21,Humber Summit,21,Humber Summit (21),D31,618117.972635262,4845600.81104389
2543,6662848,1248453,6/26/2011 4:00:00 AM,2208,FINCH AVE W,400 S FINCH E RAMP N,,Major Arterial,Etobicoke York,43.754045,-79.53279,At Intersection,Traffic Signal,Clear,Dark,Dry,Non-Fatal Injury,Rear End,Driver,55 to 59,Minimal,,West,"Automobile, Station Wagon",Going Ahead,Driving Properly,Normal,,,,,,,,,Yes,,,,,Yes,Yes,Yes,,,,21,Humber Summit,21,Humber Summit (21),D31,618117.972635262,4845600.81104389
2544,6646618,1241592,7/1/2011 4:00:00 AM,2229,WARDEN AVE,HUNTINGWOOD DR,,Major Arterial,Scarborough,43.786906,-79.311565,,No Control,Clear,Dark,Dry,Fatal,Pedestrian Collisions,Passenger,40 to 44,None,,,Other,,,,,,,,,,Yes,,Yes,,,,,Yes,,,,,,148,East L'Amoreaux,117,L'Amoreaux (117),D42,635853.474329959,4849589.798721
2545,6646619,1241592,7/1/2011 4:00:00 AM,2229,WARDEN AVE,HUNTINGWOOD DR,,Major Arterial,Scarborough,43.786906,-79.311565,,No Control,Clear,Dark,Dry,Fatal,Pedestrian Collisions,Driver,45 to 49,None,,South,"Automobile, Station Wagon",Going Ahead,Driving Properly,Normal,,,,,,,Yes,,Yes,,,,,Yes,,,,,,148,East L'Amoreaux,117,L'Amoreaux (117),D42,635853.474329959,4849589.798721
2546,6646620,1241592,7/1/2011 4:00:00 AM,2229,WARDEN AVE,HUNTINGWOOD DR,,Major Arterial,Scarborough,43.786906,-79.311565,,No Control,Clear,Dark,Dry,Fatal,Pedestrian Collisions,Vehicle Owner,unknown,,,,Other,,,,,,,,,,Yes,,Yes,,,,,Yes,,,,,,148,East L'Amoreaux,117,L'Amoreaux (117),D42,635853.474329959,4849589.798721
2547,6646621,1241592,7/1/2011 4:00:00 AM,2229,WARDEN AVE,HUNTINGWOOD DR,,Major Arterial,Scarborough,43.786906,-79.311565,,No Control,Clear,Dark,Dry,Fatal,Pedestrian Collisions,Driver,25 to 29,None,,South,"Automobile, Station Wagon",Going Ahead,Driving Properly,Normal,,,,,,,Yes,,Yes,,,,,Yes,,,,,,148,East L'Amoreaux,117,L'Amoreaux (117),D42,635853.474329959,4849589.798721
2548,6646622,1241592,7/1/2011 4:00:00 AM,2229,WARDEN AVE,HUNTINGWOOD DR,,Major Arterial,Scarborough,43.786906,-79.311565,,No Control,Clear,Dark,Dry,Fatal,Pedestrian Collisions,Pedestrian,60 to 64,Fatal,12,West,Other,,,,Pedestrian hit at mid-block,"Crossing, no Traffic Control",Unknown,,,,Yes,,Yes,,,,,Yes,,,,,,148,East L'Amoreaux,117,L'Amoreaux (117),D42,635853.474329959,4849589.798721
2549,7644722,1241593,7/1/2011 4:00:00 AM,2345,DON VALLEY PARKWAY  N,EASTERN AVE DIVERSION,,,Toronto and East York,43.656363,-79.352077,Non Intersection,No Control,Clear,Dark,Dry,Non-Fatal Injury,Rear End,Motorcycle Passenger,25 to 29,Major,,,,,,,,,,,,,,,Yes,Yes,,,,Yes,Yes,Yes,,,,70,South Riverdale,70,South Riverdale (70),D55,632882.094177915,4835025.41798479
2550,7644723,1241593,7/1/2011 4:00:00 AM,2345,DON VALLEY PARKWAY  N,EASTERN AVE DIVERSION,,,Toronto and East York,43.656363,-79.352077,Non Intersection,No Control,Clear,Dark,Dry,Non-Fatal Injury,Rear End,Motorcycle Driver,30 to 34,Minor,,North,Motorcycle,Going Ahead,Driving Properly,Normal,,,,,,,,,Yes,Yes,,,,Yes,Yes,Yes,,,,70,South Riverdale,70,South Riverdale (70),D55,632882.094177915,4835025.41798479
2551,7644724,1241593,7/1/2011 4:00:00 AM,2345,DON VALLEY PARKWAY  N,EASTERN AVE DIVERSION,,,Toronto and East York,43.656363,-79.352077,Non Intersection,No Control,Clear,Dark,Dry,Non-Fatal Injury,Rear End,Driver,15 to 19,None,,North,Pick Up Truck,Going Ahead,Speed too Fast For Condition,Normal,,,,,,,,,Yes,Yes,,,,Yes,Yes,Yes,,,,70,South Riverdale,70,South Riverdale (70),D55,632882.094177915,4835025.41798479
2552,7644725,1241593,7/1/2011 4:00:00 AM,2345,DON VALLEY PARKWAY  N,EASTERN AVE DIVERSION,,,Toronto and East York,43.656363,-79.352077,Non Intersection,No Control,Clear,Dark,Dry,Non-Fatal Injury,Rear End,Driver,20 to 24,None,,North,"Automobile, Station Wagon",Going Ahead,Driving Properly,Normal,,,,,,,,,Yes,Yes,,,,Yes,Yes,Yes,,,,70,South Riverdale,70,South Riverdale (70),D55,632882.094177915,4835025.41798479
2553,7644726,1241593,7/1/2011 4:00:00 AM,2345,DON VALLEY PARKWAY  N,EASTERN AVE DIVERSION,,,Toronto and East York,43.656363,-79.352077,Non Intersection,No Control,Clear,Dark,Dry,Non-Fatal Injury,Rear End,Vehicle Owner,unknown,,,,,,,,,,,,,,,,Yes,Yes,,,,Yes,Yes,Yes,,,,70,South Riverdale,70,South Riverdale (70),D55,632882.094177915,4835025.41798479
2554,7644727,1241593,7/1/2011 4:00:00 AM,2345,DON VALLEY PARKWAY  N,EASTERN AVE DIVERSION,,,Toronto and East York,43.656363,-79.352077,Non Intersection,No Control,Clear,Dark,Dry,Non-Fatal Injury,Rear End,Driver,40 to 44,None,,North,"Automobile, Station Wagon",Going Ahead,Driving Properly,Normal,,,,,,,,,Yes,Yes,,,,Yes,Yes,Yes,,,,70,South Riverdale,70,South Riverdale (70),D55,632882.094177915,4835025.41798479
2555,6666783,1250055,7/9/2011 4:00:00 AM,100,STEELES AVE E,STAINES RD,,Major Arterial,Scarborough,43.839645,-79.23769,,No Control,Clear,Dark,Dry,Non-Fatal Injury,Approaching,Passenger,0 to 4,Major,,,Other,,,,,,,,,,,,Yes,,,,,Yes,,,,,,144,Morningside Heights,131,Rouge (131),D42,641672.840796864,4855571.22972766
2556,6666784,1250055,7/9/2011 4:00:00 AM,100,STEELES AVE E,STAINES RD,,Major Arterial,Scarborough,43.839645,-79.23769,,No Control,Clear,Dark,Dry,Non-Fatal Injury,Approaching,Driver,40 to 44,Major,,East,"Automobile, Station Wagon",Going Ahead,Lost control,Unknown,,,,,,,,,Yes,,,,,Yes,,,,,,144,Morningside Heights,131,Rouge (131),D42,641672.840796864,4855571.22972766
2557,6666785,1250055,7/9/2011 4:00:00 AM,100,STEELES AVE E,STAINES RD,,Major Arterial,Scarborough,43.839645,-79.23769,,No Control,Clear,Dark,Dry,Non-Fatal Injury,Approaching,Vehicle Owner,unknown,,,,Other,,,,,,,,,,,,Yes,,,,,Yes,,,,,,144,Morningside Heights,131,Rouge (131),D42,641672.840796864,4855571.22972766
2558,6666786,1250055,7/9/2011 4:00:00 AM,100,STEELES AVE E,STAINES RD,,Major Arterial,Scarborough,43.839645,-79.23769,,No Control,Clear,Dark,Dry,Non-Fatal Injury,Approaching,Driver,50 to 54,None,,West,"Automobile, Station Wagon",Going Ahead,Driving Properly,Normal,,,,,,,,,Yes,,,,,Yes,,,,,,144,Morningside Heights,131,Rouge (131),D42,641672.840796864,4855571.22972766
2559,6668627,1250828,7/16/2011 4:00:00 AM,847,SHEPPARD Aven E,MORNINGSIDE Aven,,Major Arterial,Scarborough,43.802245,-79.19829,,No Control,Clear,Daylight,Dry,Non-Fatal Injury,Rear End,Driver,35 to 39,Minor,,West,"Automobile, Station Wagon",Going Ahead,Driving Properly,Normal,,,,,,,,,Yes,,,,,Yes,Yes,Yes,,,Yes,144,Morningside Heights,131,Rouge (131),D42,644930.733665071,4851485.59402783
2560,6668628,1250828,7/16/2011 4:00:00 AM,847,SHEPPARD Aven E,MORNINGSIDE Aven,,Major Arterial,Scarborough,43.802245,-79.19829,,No Control,Clear,Daylight,Dry,Non-Fatal Injury,Rear End,Driver,65 to 69,None,,West,"Automobile, Station Wagon",Going Ahead,Driving Properly,Normal,,,,,,,,,Yes,,,,,Yes,Yes,Yes,,,Yes,144,Morningside Heights,131,Rouge (131),D42,644930.733665071,4851485.59402783
2561,6668629,1250828,7/16/2011 4:00:00 AM,847,SHEPPARD Aven E,MORNINGSIDE Aven,,Major Arterial,Scarborough,43.802245,-79.19829,,No Control,Clear,Daylight,Dry,Non-Fatal Injury,Rear End,Driver,45 to 49,Major,,West,"Automobile, Station Wagon",Going Ahead,Lost control,Medical or Physical Disability,,,,,,,,,Yes,,,,,Yes,Yes,Yes,,,Yes,144,Morningside Heights,131,Rouge (131),D42,644930.733665071,4851485.59402783
2562,6668630,1250828,7/16/2011 4:00:00 AM,847,SHEPPARD Aven E,MORNINGSIDE Aven,,Major Arterial,Scarborough,43.802245,-79.19829,,No Control,Clear,Daylight,Dry,Non-Fatal Injury,Rear End,Passenger,5 to 9,Minimal,,,Other,,,,,,,,,,,,Yes,,,,,Yes,Yes,Yes,,,Yes,144,Morningside Heights,131,Rouge (131),D42,644930.733665071,4851485.59402783
2563,6668631,1250828,7/16/2011 4:00:00 AM,847,SHEPPARD Aven E,MORNINGSIDE Aven,,Major Arterial,Scarborough,43.802245,-79.19829,,No Control,Clear,Daylight,Dry,Non-Fatal Injury,Rear End,Driver,40 to 44,Minimal,,West,"Automobile, Station Wagon",Going Ahead,Driving Properly,Normal,,,,,,,,,Yes,,,,,Yes,Yes,Yes,,,Yes,144,Morningside Heights,131,Rouge (131),D42,644930.733665071,4851485.59402783
2564,6653163,1244328,7/16/2011 4:00:00 AM,1215,LAWRENCE AVE W,ROYAL YORK RD,,Minor Arterial,Etobicoke York,43.696145,-79.53269,At Intersection,Traffic Signal,Clear,Daylight,Dry,Fatal,SMV Other,Passenger,70 to 74,Fatal,14,,Other,,,,,,,,,,,,Yes,,,,,Yes,,,,,,8,Humber Heights-Westmount,8,Humber Heights-Westmount (8),D23,618239.87751049,4839170.34256187