OBJECTID,INDEX,ACCNUM,DATE,TIME,STREET1,STREET2,OFFSET,ROAD_CLASS,DISTRICT,LATITUDE,LONGITUDE,ACCLOC,TRAFFCTL,VISIBILITY,LIGHT,RDSFCOND,ACCLASS,IMPACTYPE,INVTYPE,INVAGE,INJURY,FATAL_NO,INITDIR,VEHTYPE,MANOEUVER,DRIVACT,DRIVCOND,PEDTYPE,PEDACT,PEDCOND,CYCLISTYPE,CYCACT,CYCCOND,PEDESTRIAN,CYCLIST,AUTOMOBILE,MOTORCYCLE,TRUCK,TRSN_CITY_VEH,EMERG_VEH,PASSENGER,SPEEDING,AG_DRIV,REDLIGHT,ALCOHOL,DISABILITY,HOOD_158,NEIGHBOURHOOD_158,HOOD_140,NEIGHBOURHOOD_140,DIVISION,x,y
2693,6685144,1258189,10/10/2011 4:00:00 AM,540,KENNEDY RD,FINCH AVE E,,Major Arterial,Scarborough,43.801245,-79.29659,At Intersection,Traffic Signal,Clear,"Dark, artificial",Dry,Fatal,SMV Other,Driver,25 to 29,Fatal,27,South,"Automobile, Station Wagon",Going Ahead,Lost control,Unknown,,,,,,,,,Yes,,,,,Yes,,,,,,148,East L'Amoreaux,117,L'Amoreaux (117),D42,637025.61603166,4851207.05928214
2694,6685145,1258189,10/10/2011 4:00:00 AM,540,KENNEDY RD,FINCH AVE E,,Major Arterial,Scarborough,43.801245,-79.29659,At Intersection,Traffic Signal,Clear,"Dark, artificial",Dry,Fatal,SMV Other,Other Property Owner,unknown,,,,Other,,,,,,,,,,,,Yes,,,,,Yes,,,,,,148,East L'Amoreaux,117,L'Amoreaux (117),D42,637025.61603166,4851207.05928214
2695,6685146,1258189,10/10/2011 4:00:00 AM,540,KENNEDY RD,FINCH AVE E,,Major Arterial,Scarborough,43.801245,-79.29659,At Intersection,Traffic Signal,Clear,"Dark, artificial",Dry,Fatal,SMV Other,Other Property Owner,unknown,,,,Other,,,,,,,,,,,,Yes,,,,,Yes,,,,,,148,East L'Amoreaux,117,L'Amoreaux (117),D42,637025.61603166,4851207.05928214
2696,7559174,1269584,10/13/2011 4:00:00 AM,1830,KEELE ST,GRANDRAVINE DR,,Major Arterial,Etobicoke York,43.752045,-79.48819,At Intersection,Traffic Signal,Clear,Dusk,Dry,Non-Fatal Injury,Pedestrian Collisions,Vehicle Owner,unknown,None,,,Other,Unknown,,,,,,,,,Yes,,Yes,,,,,Yes,,Yes,Yes,,,27,York University Heights,27,York University Heights (27),D31,621712.584721991,4845443.24898011
2697,7559175,1269584,10/13/2011 4:00:00 AM,1830,KEELE ST,GRANDRAVINE DR,,Major Arterial,Etobicoke York,43.752045,-79.48819,At Intersection,Traffic Signal,Clear,Dusk,Dry,Non-Fatal Injury,Pedestrian Collisions,Passenger,20 to 24,Minor,,,Other,,,,,,,,,,Yes,,Yes,,,,,Yes,,Yes,Yes,,,27,York University Heights,27,York University Heights (27),D31,621712.584721991,4845443.24898011
2698,7559176,1269584,10/13/2011 4:00:00 AM,1830,KEELE ST,GRANDRAVINE DR,,Major Arterial,Etobicoke York,43.752045,-79.48819,At Intersection,Traffic Signal,Clear,Dusk,Dry,Non-Fatal Injury,Pedestrian Collisions,Driver,20 to 24,None,,South,"Automobile, Station Wagon",Going Ahead,Disobeyed Traffic Control,Normal,,,,,,,Yes,,Yes,,,,,Yes,,Yes,Yes,,,27,York University Heights,27,York University Heights (27),D31,621712.584721991,4845443.24898011
2699,7559177,1269584,10/13/2011 4:00:00 AM,1830,KEELE ST,GRANDRAVINE DR,,Major Arterial,Etobicoke York,43.752045,-79.48819,At Intersection,Traffic Signal,Clear,Dusk,Dry,Non-Fatal Injury,Pedestrian Collisions,Driver,65 to 69,Minor,,North,"Automobile, Station Wagon",Turning Left,Disobeyed Traffic Control,Normal,,,,,,,Yes,,Yes,,,,,Yes,,Yes,Yes,,,27,York University Heights,27,York University Heights (27),D31,621712.584721991,4845443.24898011
2700,7559178,1269584,10/13/2011 4:00:00 AM,1830,KEELE ST,GRANDRAVINE DR,,Major Arterial,Etobicoke York,43.752045,-79.48819,At Intersection,Traffic Signal,Clear,Dusk,Dry,Non-Fatal Injury,Pedestrian Collisions,Pedestrian,50 to 54,Major,,Unknown,Other,,,,Pedestrian hit on sidewalk or shoulder,On Sidewalk or Shoulder,Unknown,,,,Yes,,Yes,,,,,Yes,,Yes,Yes,,,27,York University Heights,27,York University Heights (27),D31,621712.584721991,4845443.24898011
2701,6688487,1259641,10/18/2011 4:00:00 AM,2145,DON VALLEY PARKWAY  S,LAWRENCE AVE E,,,North York,43.740145,-79.33229,,No Control,Clear,Dark,Dry,Non-Fatal Injury,Rear End,Passenger,60 to 64,Major,,,Other,,,,,,,,,,,,Yes,,Yes,,,Yes,,Yes,,,,42,Banbury-Don Mills,42,Banbury-Don Mills (42),D33,634290.48926843,4844362.46992246
2702,6688488,1259641,10/18/2011 4:00:00 AM,2145,DON VALLEY PARKWAY  S,LAWRENCE AVE E,,,North York,43.740145,-79.33229,,No Control,Clear,Dark,Dry,Non-Fatal Injury,Rear End,Vehicle Owner,unknown,,,,Other,,,,,,,,,,,,Yes,,Yes,,,Yes,,Yes,,,,42,Banbury-Don Mills,42,Banbury-Don Mills (42),D33,634290.48926843,4844362.46992246
2703,6688489,1259641,10/18/2011 4:00:00 AM,2145,DON VALLEY PARKWAY  S,LAWRENCE AVE E,,,North York,43.740145,-79.33229,,No Control,Clear,Dark,Dry,Non-Fatal Injury,Rear End,Truck Driver,35 to 39,None,,South,Truck - Open,Going Ahead,Lost control,"Ability Impaired, Drugs",,,,,,,,,Yes,,Yes,,,Yes,,Yes,,,,42,Banbury-Don Mills,42,Banbury-Don Mills (42),D33,634290.48926843,4844362.46992246
2704,6688490,1259641,10/18/2011 4:00:00 AM,2145,DON VALLEY PARKWAY  S,LAWRENCE AVE E,,,North York,43.740145,-79.33229,,No Control,Clear,Dark,Dry,Non-Fatal Injury,Rear End,Driver,35 to 39,Minor,,South,"Automobile, Station Wagon",Going Ahead,Driving Properly,Normal,,,,,,,,,Yes,,Yes,,,Yes,,Yes,,,,42,Banbury-Don Mills,42,Banbury-Don Mills (42),D33,634290.48926843,4844362.46992246
2705,6688491,1259641,10/18/2011 4:00:00 AM,2145,DON VALLEY PARKWAY  S,LAWRENCE AVE E,,,North York,43.740145,-79.33229,,No Control,Clear,Dark,Dry,Non-Fatal Injury,Rear End,Passenger,20 to 24,Minor,,,Other,,,,,,,,,,,,Yes,,Yes,,,Yes,,Yes,,,,42,Banbury-Don Mills,42,Banbury-Don Mills (42),D33,634290.48926843,4844362.46992246
2706,6688492,1259641,10/18/2011 4:00:00 AM,2145,DON VALLEY PARKWAY  S,LAWRENCE AVE E,,,North York,43.740145,-79.33229,,No Control,Clear,Dark,Dry,Non-Fatal Injury,Rear End,Driver,60 to 64,Minor,,South,"Automobile, Station Wagon",Going Ahead,Driving Properly,Normal,,,,,,,,,Yes,,Yes,,,Yes,,Yes,,,,42,Banbury-Don Mills,42,Banbury-Don Mills (42),D33,634290.48926843,4844362.46992246
2707,6688493,1259641,10/18/2011 4:00:00 AM,2145,DON VALLEY PARKWAY  S,LAWRENCE AVE E,,,North York,43.740145,-79.33229,,No Control,Clear,Dark,Dry,Non-Fatal Injury,Rear End,Other Property Owner,unknown,,,,Other,,,,,,,,,,,,Yes,,Yes,,,Yes,,Yes,,,,42,Banbury-Don Mills,42,Banbury-Don Mills (42),D33,634290.48926843,4844362.46992246
2708,6689756,1260146,10/21/2011 4:00:00 AM,630,SPADINA AVE W,KING ST W,,Major Arterial,Toronto and East York,43.645445,-79.39499,At Intersection,Traffic Signal,Clear,Dark,Dry,Fatal,Pedestrian Collisions,Vehicle Owner,unknown,,,,Other,,,,,,,,,,Yes,,,,Yes,,,Yes,,,,,,164,Wellington Place,77,Waterfront Communities-The Island (77),D52,629445.17321295,4833745.00144925
2709,6689757,1260146,10/21/2011 4:00:00 AM,630,SPADINA AVE W,KING ST W,,Major Arterial,Toronto and East York,43.645445,-79.39499,At Intersection,Traffic Signal,Clear,Dark,Dry,Fatal,Pedestrian Collisions,Passenger,30 to 34,None,,,Other,,,,,,,,,,Yes,,,,Yes,,,Yes,,,,,,164,Wellington Place,77,Waterfront Communities-The Island (77),D52,629445.17321295,4833745.00144925
2710,6689758,1260146,10/21/2011 4:00:00 AM,630,SPADINA AVE W,KING ST W,,Major Arterial,Toronto and East York,43.645445,-79.39499,At Intersection,Traffic Signal,Clear,Dark,Dry,Fatal,Pedestrian Collisions,Truck Driver,35 to 39,None,,South,Truck - Open,Turning Right,Driving Properly,Normal,,,,,,,Yes,,,,Yes,,,Yes,,,,,,164,Wellington Place,77,Waterfront Communities-The Island (77),D52,629445.17321295,4833745.00144925
2711,6689759,1260146,10/21/2011 4:00:00 AM,630,SPADINA AVE W,KING ST W,,Major Arterial,Toronto and East York,43.645445,-79.39499,At Intersection,Traffic Signal,Clear,Dark,Dry,Fatal,Pedestrian Collisions,Pedestrian,25 to 29,Fatal,29,East,Other,,,,Other / Undefined,Walking on Roadway Against Traffic,Unknown,,,,Yes,,,,Yes,,,Yes,,,,,,164,Wellington Place,77,Waterfront Communities-The Island (77),D52,629445.17321295,4833745.00144925
2712,6692512,1261321,10/26/2011 4:00:00 AM,1952,QUEENS PARK,QUEENS PARK CRES W,,Major Arterial,Toronto and East York,43.666745,-79.39329,,No Control,Rain,Dark,Wet,Non-Fatal Injury,Pedestrian Collisions,Passenger,unknown,None,,,Other,Other,,,,,,,,,Yes,,Yes,,,,,Yes,,,,,,169,Bay-Cloverhill,76,Bay Street Corridor (76),D52,629536.473589766,4836113.30030681
2713,6692513,1261321,10/26/2011 4:00:00 AM,1952,QUEENS PARK,QUEENS PARK CRES W,,Major Arterial,Toronto and East York,43.666745,-79.39329,,No Control,Rain,Dark,Wet,Non-Fatal Injury,Pedestrian Collisions,Vehicle Owner,unknown,,,,Other,,,,,,,,,,Yes,,Yes,,,,,Yes,,,,,,169,Bay-Cloverhill,76,Bay Street Corridor (76),D52,629536.473589766,4836113.30030681
2714,6692514,1261321,10/26/2011 4:00:00 AM,1952,QUEENS PARK,QUEENS PARK CRES W,,Major Arterial,Toronto and East York,43.666745,-79.39329,,No Control,Rain,Dark,Wet,Non-Fatal Injury,Pedestrian Collisions,Driver,20 to 24,None,,South,"Automobile, Station Wagon",Going Ahead,Driving Properly,Normal,,,,,,,Yes,,Yes,,,,,Yes,,,,,,169,Bay-Cloverhill,76,Bay Street Corridor (76),D52,629536.473589766,4836113.30030681
2715,6692515,1261321,10/26/2011 4:00:00 AM,1952,QUEENS PARK,QUEENS PARK CRES W,,Major Arterial,Toronto and East York,43.666745,-79.39329,,No Control,Rain,Dark,Wet,Non-Fatal Injury,Pedestrian Collisions,Pedestrian,70 to 74,Major,,West,Other,,,,Pedestrian hit at mid-block,"Crossing, no Traffic Control",Inattentive,,,,Yes,,Yes,,,,,Yes,,,,,,169,Bay-Cloverhill,76,Bay Street Corridor (76),D52,629536.473589766,4836113.30030681
2716,6720867,1274044,11/8/2011 5:00:00 AM,1650,MILLWOOD RD,CLEVELAND ST,,Collector,North York,43.703545,-79.37799,At Intersection,Stop Sign,Clear,Dusk,Wet,Non-Fatal Injury,Angle,Passenger,45 to 49,Major,,,Other,,,,,,,,,,,,Yes,,,,,Yes,,Yes,,,,99,Mount Pleasant East,99,Mount Pleasant East (99),D53,630690.067925542,4840224.45027615
2717,6720868,1274044,11/8/2011 5:00:00 AM,1650,MILLWOOD RD,CLEVELAND ST,,Collector,North York,43.703545,-79.37799,At Intersection,Stop Sign,Clear,Dusk,Wet,Non-Fatal Injury,Angle,Vehicle Owner,unknown,,,,Other,,,,,,,,,,,,Yes,,,,,Yes,,Yes,,,,99,Mount Pleasant East,99,Mount Pleasant East (99),D53,630690.067925542,4840224.45027615
2718,6720869,1274044,11/8/2011 5:00:00 AM,1650,MILLWOOD RD,CLEVELAND ST,,Collector,North York,43.703545,-79.37799,At Intersection,Stop Sign,Clear,Dusk,Wet,Non-Fatal Injury,Angle,Driver,40 to 44,None,,East,"Automobile, Station Wagon",Going Ahead,Driving Properly,Normal,,,,,,,,,Yes,,,,,Yes,,Yes,,,,99,Mount Pleasant East,99,Mount Pleasant East (99),D53,630690.067925542,4840224.45027615
2719,6720870,1274044,11/8/2011 5:00:00 AM,1650,MILLWOOD RD,CLEVELAND ST,,Collector,North York,43.703545,-79.37799,At Intersection,Stop Sign,Clear,Dusk,Wet,Non-Fatal Injury,Angle,Driver,45 to 49,Minimal,,North,"Automobile, Station Wagon",Going Ahead,Failed to Yield Right of Way,Normal,,,,,,,,,Yes,,,,,Yes,,Yes,,,,99,Mount Pleasant East,99,Mount Pleasant East (99),D53,630690.067925542,4840224.45027615
2720,6698089,1263764,11/10/2011 5:00:00 AM,1111,DON VALLEY PARKWAY  S,BAYVIEW BLOOR DVP RAMP,,,Toronto and East York,43.682345,-79.36239,,No Control,Clear,Daylight,Dry,Fatal,SMV Other,Vehicle Owner,unknown,,,,Other,,,,,,,,,,,,Yes,,,,,Yes,Yes,Yes,,,Yes,57,Broadview North,57,Broadview North (57),D55,631993.519496502,4837894.60549179
2721,6698090,1263764,11/10/2011 5:00:00 AM,1111,DON VALLEY PARKWAY  S,BAYVIEW BLOOR DVP RAMP,,,Toronto and East York,43.682345,-79.36239,,No Control,Clear,Daylight,Dry,Fatal,SMV Other,Driver,50 to 54,None,,South,Other,Going Ahead,Driving Properly,Normal,,,,,,,,,Yes,,,,,Yes,Yes,Yes,,,Yes,57,Broadview North,57,Broadview North (57),D55,631993.519496502,4837894.60549179
2722,6698091,1263764,11/10/2011 5:00:00 AM,1111,DON VALLEY PARKWAY  S,BAYVIEW BLOOR DVP RAMP,,,Toronto and East York,43.682345,-79.36239,,No Control,Clear,Daylight,Dry,Fatal,SMV Other,Driver,40 to 44,None,,North,"Automobile, Station Wagon",Going Ahead,Driving Properly,Normal,,,,,,,,,Yes,,,,,Yes,Yes,Yes,,,Yes,57,Broadview North,57,Broadview North (57),D55,631993.519496502,4837894.60549179
2723,6698092,1263764,11/10/2011 5:00:00 AM,1111,DON VALLEY PARKWAY  S,BAYVIEW BLOOR DVP RAMP,,,Toronto and East York,43.682345,-79.36239,,No Control,Clear,Daylight,Dry,Fatal,SMV Other,Driver,75 to 79,Fatal,31,South,"Automobile, Station Wagon",Going Ahead,Lost control,Medical or Physical Disability,,,,,,,,,Yes,,,,,Yes,Yes,Yes,,,Yes,57,Broadview North,57,Broadview North (57),D55,631993.519496502,4837894.60549179
2724,6698093,1263764,11/10/2011 5:00:00 AM,1111,DON VALLEY PARKWAY  S,BAYVIEW BLOOR DVP RAMP,,,Toronto and East York,43.682345,-79.36239,,No Control,Clear,Daylight,Dry,Fatal,SMV Other,Vehicle Owner,unknown,,,,Other,,,,,,,,,,,,Yes,,,,,Yes,Yes,Yes,,,Yes,57,Broadview North,57,Broadview North (57),D55,631993.519496502,4837894.60549179
2725,6698094,1263764,11/10/2011 5:00:00 AM,1111,DON VALLEY PARKWAY  S,BAYVIEW BLOOR DVP RAMP,,,Toronto and East York,43.682345,-79.36239,,No Control,Clear,Daylight,Dry,Fatal,SMV Other,Passenger,55 to 59,None,,,Other,,,,,,,,,,,,Yes,,,,,Yes,Yes,Yes,,,Yes,57,Broadview North,57,Broadview North (57),D55,631993.519496502,4837894.60549179
2726,6698095,1263764,11/10/2011 5:00:00 AM,1111,DON VALLEY PARKWAY  S,BAYVIEW BLOOR DVP RAMP,,,Toronto and East York,43.682345,-79.36239,,No Control,Clear,Daylight,Dry,Fatal,SMV Other,Driver,50 to 54,None,,South,"Automobile, Station Wagon",Going Ahead,Driving Properly,Normal,,,,,,,,,Yes,,,,,Yes,Yes,Yes,,,Yes,57,Broadview North,57,Broadview North (57),D55,631993.519496502,4837894.60549179
2727,7644820,1264317,11/14/2011 5:00:00 AM,1704,MILNER Aven,MORNINGSIDE Aven,,Major Arterial,Scarborough,43.800244,-79.199089,,Traffic Signal,Clear,"Dusk, artificial",Wet,Non-Fatal Injury,Rear End,Driver,80 to 84,None,,East,"Automobile, Station Wagon",Turning Left,Driving Properly,Normal,,,,,,,,,Yes,,,,,Yes,,Yes,,,,146,Malvern East,132,Malvern (132),D42,644871.297485561,4851261.95129297
2728,7644821,1264317,11/14/2011 5:00:00 AM,1704,MILNER Aven,MORNINGSIDE Aven,,Major Arterial,Scarborough,43.800244,-79.199089,,Traffic Signal,Clear,"Dusk, artificial",Wet,Non-Fatal Injury,Rear End,Passenger,80 to 84,Major,,,Other,,,,,,,,,,,,Yes,,,,,Yes,,Yes,,,,146,Malvern East,132,Malvern (132),D42,644871.297485561,4851261.95129297
2729,7644822,1264317,11/14/2011 5:00:00 AM,1704,MILNER Aven,MORNINGSIDE Aven,,Major Arterial,Scarborough,43.800244,-79.199089,,Traffic Signal,Clear,"Dusk, artificial",Wet,Non-Fatal Injury,Rear End,Driver,50 to 54,None,,East,"Automobile, Station Wagon",Turning Left,Following too Close,Normal,,,,,,,,,Yes,,,,,Yes,,Yes,,,,146,Malvern East,132,Malvern (132),D42,644871.297485561,4851261.95129297
2730,6702114,1265525,11/22/2011 5:00:00 AM,2145,BATHURST ST,BARTON AVE,,Major Arterial,Toronto and East York,43.668145,-79.41239,,No Control,Rain,"Dark, artificial",Wet,Non-Fatal Injury,Pedestrian Collisions,Passenger,30 to 34,None,,,Other,,,,,,,,,,Yes,,Yes,,,,,Yes,,,,,,95,Annex,95,Annex (95),D14,627993.59871596,4836239.14265988
2731,6702115,1265525,11/22/2011 5:00:00 AM,2145,BATHURST ST,BARTON AVE,,Major Arterial,Toronto and East York,43.668145,-79.41239,,No Control,Rain,"Dark, artificial",Wet,Non-Fatal Injury,Pedestrian Collisions,Passenger,25 to 29,None,,,Other,,,,,,,,,,Yes,,Yes,,,,,Yes,,,,,,95,Annex,95,Annex (95),D14,627993.59871596,4836239.14265988
2732,6702116,1265525,11/22/2011 5:00:00 AM,2145,BATHURST ST,BARTON AVE,,Major Arterial,Toronto and East York,43.668145,-79.41239,,No Control,Rain,"Dark, artificial",Wet,Non-Fatal Injury,Pedestrian Collisions,Passenger,30 to 34,None,,,Other,,,,,,,,,,Yes,,Yes,,,,,Yes,,,,,,95,Annex,95,Annex (95),D14,627993.59871596,4836239.14265988
2733,6702117,1265525,11/22/2011 5:00:00 AM,2145,BATHURST ST,BARTON AVE,,Major Arterial,Toronto and East York,43.668145,-79.41239,,No Control,Rain,"Dark, artificial",Wet,Non-Fatal Injury,Pedestrian Collisions,Vehicle Owner,unknown,,,,Other,,,,,,,,,,Yes,,Yes,,,,,Yes,,,,,,95,Annex,95,Annex (95),D14,627993.59871596,4836239.14265988
2734,6702118,1265525,11/22/2011 5:00:00 AM,2145,BATHURST ST,BARTON AVE,,Major Arterial,Toronto and East York,43.668145,-79.41239,,No Control,Rain,"Dark, artificial",Wet,Non-Fatal Injury,Pedestrian Collisions,Driver,55 to 59,None,,South,"Automobile, Station Wagon",Going Ahead,Driving Properly,Normal,,,,,,,Yes,,Yes,,,,,Yes,,,,,,95,Annex,95,Annex (95),D14,627993.59871596,4836239.14265988
2735,6702119,1265525,11/22/2011 5:00:00 AM,2145,BATHURST ST,BARTON AVE,,Major Arterial,Toronto and East York,43.668145,-79.41239,,No Control,Rain,"Dark, artificial",Wet,Non-Fatal Injury,Pedestrian Collisions,Pedestrian,30 to 34,Major,,East,Other,,,,Pedestrian hit at mid-block,Running onto Roadway,"Ability Impaired, Alcohol",,,,Yes,,Yes,,,,,Yes,,,,,,95,Annex,95,Annex (95),D14,627993.59871596,4836239.14265988
2736,6709229,1268545,11/26/2011 5:00:00 AM,1235,EGLINTON AVE E,FORMAN AVE,,Major Arterial,North York,43.709145,-79.38619,At Intersection,Traffic Signal,Clear,Daylight,Dry,Non-Fatal Injury,Pedestrian Collisions,Passenger,10 to 14,None,,,Other,,,,,,,,,,Yes,,Yes,,,,,Yes,,,,,,99,Mount Pleasant East,99,Mount Pleasant East (99),D53,630017.255696169,4840833.51531174
2737,6709230,1268545,11/26/2011 5:00:00 AM,1235,EGLINTON AVE E,FORMAN AVE,,Major Arterial,North York,43.709145,-79.38619,At Intersection,Traffic Signal,Clear,Daylight,Dry,Non-Fatal Injury,Pedestrian Collisions,Vehicle Owner,unknown,,,,Other,,,,,,,,,,Yes,,Yes,,,,,Yes,,,,,,99,Mount Pleasant East,99,Mount Pleasant East (99),D53,630017.255696169,4840833.51531174
2738,6709231,1268545,11/26/2011 5:00:00 AM,1235,EGLINTON AVE E,FORMAN AVE,,Major Arterial,North York,43.709145,-79.38619,At Intersection,Traffic Signal,Clear,Daylight,Dry,Non-Fatal Injury,Pedestrian Collisions,Driver,45 to 49,None,,West,"Automobile, Station Wagon",Going Ahead,Driving Properly,Normal,,,,,,,Yes,,Yes,,,,,Yes,,,,,,99,Mount Pleasant East,99,Mount Pleasant East (99),D53,630017.255696169,4840833.51531174
2739,6709232,1268545,11/26/2011 5:00:00 AM,1235,EGLINTON AVE E,FORMAN AVE,,Major Arterial,North York,43.709145,-79.38619,At Intersection,Traffic Signal,Clear,Daylight,Dry,Non-Fatal Injury,Pedestrian Collisions,Pedestrian,50 to 54,Major,,North,Other,,,,Vehicle is going straight thru inter.while ped cross without ROW,Crossing without right of way,Normal,,,,Yes,,Yes,,,,,Yes,,,,,,99,Mount Pleasant East,99,Mount Pleasant East (99),D53,630017.255696169,4840833.51531174
2740,6724500,1277427,12/4/2011 5:00:00 AM,1840,KENNEDY RD,401 C E KENNEDY RAMP RD,,Major Arterial,Scarborough,43.773045,-79.28379,,Traffic Signal,Clear,"Daylight, artificial",Wet,Non-Fatal Injury,Angle,Driver,20 to 24,None,,North,"Automobile, Station Wagon",Going Ahead,Disobeyed Traffic Control,Normal,,,,,,,,,Yes,,,,,Yes,,Yes,Yes,,,126,Dorset Park,126,Dorset Park (126),D41,638120.22240243,4848096.27775527
2741,6724501,1277427,12/4/2011 5:00:00 AM,1840,KENNEDY RD,401 C E KENNEDY RAMP RD,,Major Arterial,Scarborough,43.773045,-79.28379,,Traffic Signal,Clear,"Daylight, artificial",Wet,Non-Fatal Injury,Angle,Passenger,55 to 59,Major,,,Other,,,,,,,,,,,,Yes,,,,,Yes,,Yes,Yes,,,126,Dorset Park,126,Dorset Park (126),D41,638120.22240243,4848096.27775527
2742,6724502,1277427,12/4/2011 5:00:00 AM,1840,KENNEDY RD,401 C E KENNEDY RAMP RD,,Major Arterial,Scarborough,43.773045,-79.28379,,Traffic Signal,Clear,"Daylight, artificial",Wet,Non-Fatal Injury,Angle,Driver,45 to 49,Minor,,East,"Automobile, Station Wagon",Going Ahead,Driving Properly,Normal,,,,,,,,,Yes,,,,,Yes,,Yes,Yes,,,126,Dorset Park,126,Dorset Park (126),D41,638120.22240243,4848096.27775527
2743,6727689,1281688,12/25/2011 5:00:00 AM,1740,DUFFERIN ST,ROSECLIFFE AVE,,Major Arterial,Toronto and East York,43.682945,-79.44509,,No Control,Clear,"Dark, artificial",Dry,Non-Fatal Injury,SMV Unattended Vehicle,Other,unknown,None,,,Other,Parked,,,,,,,,,,,Yes,,,,,Yes,,Yes,,,,92,Corso Italia-Davenport,92,Corso Italia-Davenport (92),D13,625326.476728462,4837832.9487043
2744,6727690,1281688,12/25/2011 5:00:00 AM,1740,DUFFERIN ST,ROSECLIFFE AVE,,Major Arterial,Toronto and East York,43.682945,-79.44509,,No Control,Clear,"Dark, artificial",Dry,Non-Fatal Injury,SMV Unattended Vehicle,Passenger,15 to 19,Major,,,Other,,,,,,,,,,,,Yes,,,,,Yes,,Yes,,,,92,Corso Italia-Davenport,92,Corso Italia-Davenport (92),D13,625326.476728462,4837832.9487043
2745,6727691,1281688,12/25/2011 5:00:00 AM,1740,DUFFERIN ST,ROSECLIFFE AVE,,Major Arterial,Toronto and East York,43.682945,-79.44509,,No Control,Clear,"Dark, artificial",Dry,Non-Fatal Injury,SMV Unattended Vehicle,Driver,20 to 24,Major,,North,"Automobile, Station Wagon",Going Ahead,Lost control,Normal,,,,,,,,,Yes,,,,,Yes,,Yes,,,,92,Corso Italia-Davenport,92,Corso Italia-Davenport (92),D13,625326.476728462,4837832.9487043
2746,6728066,1282189,12/27/2011 5:00:00 AM,1920,GRANDSTAND ENT RD,HIGHWAY 27  S,,Other,Etobicoke York,43.706245,-79.59139,,No Control,Snow,Dark,Loose Snow,Non-Fatal Injury,SMV Other,Passenger,60 to 64,Major,,,Other,,,,,,,,,,,,Yes,,,,,Yes,Yes,Yes,,,,1,West Humber-Clairville,1,West Humber-Clairville (1),D23,613490.578881118,4840210.0542737
2747,6728067,1282189,12/27/2011 5:00:00 AM,1920,GRANDSTAND ENT RD,HIGHWAY 27  S,,Other,Etobicoke York,43.706245,-79.59139,,No Control,Snow,Dark,Loose Snow,Non-Fatal Injury,SMV Other,Driver,65 to 69,None,,West,"Automobile, Station Wagon",Turning Right,Speed too Fast For Condition,Normal,,,,,,,,,Yes,,,,,Yes,Yes,Yes,,,,1,West Humber-Clairville,1,West Humber-Clairville (1),D23,613490.578881118,4840210.0542737
2748,6809038,1282222,12/29/2011 5:00:00 AM,331,NEILSON Rd,TAPSCOTT Rd,,Minor Arterial,Scarborough,43.805645,-79.21789,,No Control,Clear,Dark,Dry,Non-Fatal Injury,SMV Other,Passenger,20 to 24,Major,,,Other,,,,,,,,,,,,Yes,,,,,Yes,Yes,Yes,,Yes,,146,Malvern East,132,Malvern (132),D42,643345.945145042,4851829.07761106
2749,6809039,1282222,12/29/2011 5:00:00 AM,331,NEILSON Rd,TAPSCOTT Rd,,Minor Arterial,Scarborough,43.805645,-79.21789,,No Control,Clear,Dark,Dry,Non-Fatal Injury,SMV Other,Driver,20 to 24,None,,North,"Automobile, Station Wagon",Going Ahead,Exceeding Speed Limit,"Ability Impaired, Alcohol",,,,,,,,,Yes,,,,,Yes,Yes,Yes,,Yes,,146,Malvern East,132,Malvern (132),D42,643345.945145042,4851829.07761106
2750,6809040,1282222,12/29/2011 5:00:00 AM,331,NEILSON Rd,TAPSCOTT Rd,,Minor Arterial,Scarborough,43.805645,-79.21789,,No Control,Clear,Dark,Dry,Non-Fatal Injury,SMV Other,Other Property Owner,unknown,,,,Other,,,,,,,,,,,,Yes,,,,,Yes,Yes,Yes,,Yes,,146,Malvern East,132,Malvern (132),D42,643345.945145042,4851829.07761106
2751,6806740,1272451,12/31/2011 5:00:00 AM,915,F G GARDINER XY  E,KIPLING Ave,,,Etobicoke York,43.618445,-79.52249,,No Control,Rain,Daylight,Wet,Non-Fatal Injury,SMV Other,Passenger,30 to 34,Minimal,,,Other,,,,,,,,,,,,Yes,,,,,Yes,Yes,Yes,,,,160,Mimico-Queensway,17,Mimico (includes Humber Bay Shores) (17),D22,619215.487419626,4830555.35210247
2752,6806741,1272451,12/31/2011 5:00:00 AM,915,F G GARDINER XY  E,KIPLING Ave,,,Etobicoke York,43.618445,-79.52249,,No Control,Rain,Daylight,Wet,Non-Fatal Injury,SMV Other,Passenger,30 to 34,Major,,,Other,,,,,,,,,,,,Yes,,,,,Yes,Yes,Yes,,,,160,Mimico-Queensway,17,Mimico (includes Humber Bay Shores) (17),D22,619215.487419626,4830555.35210247
2753,6806742,1272451,12/31/2011 5:00:00 AM,915,F G GARDINER XY  E,KIPLING Ave,,,Etobicoke York,43.618445,-79.52249,,No Control,Rain,Daylight,Wet,Non-Fatal Injury,SMV Other,Passenger,55 to 59,Minimal,,,Other,,,,,,,,,,,,Yes,,,,,Yes,Yes,Yes,,,,160,Mimico-Queensway,17,Mimico (includes Humber Bay Shores) (17),D22,619215.487419626,4830555.35210247
2754,6806743,1272451,12/31/2011 5:00:00 AM,915,F G GARDINER XY  E,KIPLING Ave,,,Etobicoke York,43.618445,-79.52249,,No Control,Rain,Daylight,Wet,Non-Fatal Injury,SMV Other,Driver,25 to 29,Minor,,East,"Automobile, Station Wagon",Going Ahead,Lost control,Normal,,,,,,,,,Yes,,,,,Yes,Yes,Yes,,,,160,Mimico-Queensway,17,Mimico (includes Humber Bay Shores) (17),D22,619215.487419626,4830555.35210247