OBJECTID,INDEX,ACCNUM,DATE,TIME,STREET1,STREET2,OFFSET,ROAD_CLASS,DISTRICT,LATITUDE,LONGITUDE,ACCLOC,TRAFFCTL,VISIBILITY,LIGHT,RDSFCOND,ACCLASS,IMPACTYPE,INVTYPE,INVAGE,INJURY,FATAL_NO,INITDIR,VEHTYPE,MANOEUVER,DRIVACT,DRIVCOND,PEDTYPE,PEDACT,PEDCOND,CYCLISTYPE,CYCACT,CYCCOND,PEDESTRIAN,CYCLIST,AUTOMOBILE,MOTORCYCLE,TRUCK,TRSN_CITY_VEH,EMERG_VEH,PASSENGER,SPEEDING,AG_DRIV,REDLIGHT,ALCOHOL,DISABILITY,HOOD_158,NEIGHBOURHOOD_158,HOOD_140,NEIGHBOURHOOD_140,DIVISION,x,y
3001,7514814,1311376,8/22/2012 4:00:00 AM,750,STEELES AVE E,TAPSCOTT RD,,Major Arterial,Scarborough,43.837245,-79.24849,,Stop Sign,Clear,Daylight,Dry,Non-Fatal Injury,Turning Movement,Passenger,20 to 24,Minor,,,Other,,,,,,,,,,,,Yes,,,,,Yes,,Yes,,,,NSA,NSA,NSA,NSA,D42,640810.260450661,4855286.22325518
3002,7514815,1311376,8/22/2012 4:00:00 AM,750,STEELES AVE E,TAPSCOTT RD,,Major Arterial,Scarborough,43.837245,-79.24849,,Stop Sign,Clear,Daylight,Dry,Non-Fatal Injury,Turning Movement,Vehicle Owner,unknown,,,,Other,,,,,,,,,,,,Yes,,,,,Yes,,Yes,,,,NSA,NSA,NSA,NSA,D42,640810.260450661,4855286.22325518
3003,7514816,1311376,8/22/2012 4:00:00 AM,750,STEELES AVE E,TAPSCOTT RD,,Major Arterial,Scarborough,43.837245,-79.24849,,Stop Sign,Clear,Daylight,Dry,Non-Fatal Injury,Turning Movement,Driver,55 to 59,Minimal,,East,"Automobile, Station Wagon",Going Ahead,Failed to Yield Right of Way,Normal,,,,,,,,,Yes,,,,,Yes,,Yes,,,,NSA,NSA,NSA,NSA,D42,640810.260450661,4855286.22325518
3004,7514817,1311376,8/22/2012 4:00:00 AM,750,STEELES AVE E,TAPSCOTT RD,,Major Arterial,Scarborough,43.837245,-79.24849,,Stop Sign,Clear,Daylight,Dry,Non-Fatal Injury,Turning Movement,Driver,40 to 44,None,,West,"Automobile, Station Wagon",Stopped,Driving Properly,Normal,,,,,,,,,Yes,,,,,Yes,,Yes,,,,NSA,NSA,NSA,NSA,D42,640810.260450661,4855286.22325518
3005,7514818,1311376,8/22/2012 4:00:00 AM,750,STEELES AVE E,TAPSCOTT RD,,Major Arterial,Scarborough,43.837245,-79.24849,,Stop Sign,Clear,Daylight,Dry,Non-Fatal Injury,Turning Movement,Driver,30 to 34,None,,West,"Automobile, Station Wagon",Stopped,Driving Properly,Normal,,,,,,,,,Yes,,,,,Yes,,Yes,,,,NSA,NSA,NSA,NSA,D42,640810.260450661,4855286.22325518
3006,7514819,1311376,8/22/2012 4:00:00 AM,750,STEELES AVE E,TAPSCOTT RD,,Major Arterial,Scarborough,43.837245,-79.24849,,Stop Sign,Clear,Daylight,Dry,Non-Fatal Injury,Turning Movement,Driver,45 to 49,Major,,North,"Automobile, Station Wagon",Turning Left,Other,Normal,,,,,,,,,Yes,,,,,Yes,,Yes,,,,NSA,NSA,NSA,NSA,D42,640810.260450661,4855286.22325518
3007,7559561,1311464,8/23/2012 4:00:00 AM,1627,ALLIANCE AVE,ROCKCLIFFE BLVD,,Collector,Etobicoke York,43.676943,-79.489391,At Intersection,Traffic Signal,Clear,Daylight,Dry,Fatal,Angle,Passenger,20 to 24,Minimal,,,Other,,,,,,,,,,,,Yes,Yes,,,,Yes,,Yes,Yes,,,111,Rockcliffe-Smythe,111,Rockcliffe-Smythe (111),D12,621767.904622697,4837100.35623271
3008,7559562,1311464,8/23/2012 4:00:00 AM,1627,ALLIANCE AVE,ROCKCLIFFE BLVD,,Collector,Etobicoke York,43.676943,-79.489391,At Intersection,Traffic Signal,Clear,Daylight,Dry,Fatal,Angle,Vehicle Owner,unknown,,,,Other,,,,,,,,,,,,Yes,Yes,,,,Yes,,Yes,Yes,,,111,Rockcliffe-Smythe,111,Rockcliffe-Smythe (111),D12,621767.904622697,4837100.35623271
3009,7559563,1311464,8/23/2012 4:00:00 AM,1627,ALLIANCE AVE,ROCKCLIFFE BLVD,,Collector,Etobicoke York,43.676943,-79.489391,At Intersection,Traffic Signal,Clear,Daylight,Dry,Fatal,Angle,Driver,25 to 29,Minimal,,West,"Automobile, Station Wagon",Going Ahead,Driving Properly,Normal,,,,,,,,,Yes,Yes,,,,Yes,,Yes,Yes,,,111,Rockcliffe-Smythe,111,Rockcliffe-Smythe (111),D12,621767.904622697,4837100.35623271
3010,7559564,1311464,8/23/2012 4:00:00 AM,1627,ALLIANCE AVE,ROCKCLIFFE BLVD,,Collector,Etobicoke York,43.676943,-79.489391,At Intersection,Traffic Signal,Clear,Daylight,Dry,Fatal,Angle,Motorcycle Driver,40 to 44,Fatal,26,North,Motorcycle,Going Ahead,Disobeyed Traffic Control,Unknown,,,,,,,,,Yes,Yes,,,,Yes,,Yes,Yes,,,111,Rockcliffe-Smythe,111,Rockcliffe-Smythe (111),D12,621767.904622697,4837100.35623271
3011,7497456,1329108,8/24/2012 4:00:00 AM,1410,ISLINGTON AVE,BERGAMOT AVE,,Major Arterial,Etobicoke York,43.716945,-79.55599,At Intersection,Traffic Signal,Clear,Daylight,Dry,Non-Fatal Injury,Angle,Passenger,85 to 89,Major,,,Other,,,,,,,,,,,,Yes,,,,,Yes,,Yes,,,,4,Rexdale-Kipling,4,Rexdale-Kipling (4),D23,616322.047805923,4841447.50619521
3012,7497457,1329108,8/24/2012 4:00:00 AM,1410,ISLINGTON AVE,BERGAMOT AVE,,Major Arterial,Etobicoke York,43.716945,-79.55599,At Intersection,Traffic Signal,Clear,Daylight,Dry,Non-Fatal Injury,Angle,Driver,50 to 54,Minor,,North,"Automobile, Station Wagon",Going Ahead,Failed to Yield Right of Way,Normal,,,,,,,,,Yes,,,,,Yes,,Yes,,,,4,Rexdale-Kipling,4,Rexdale-Kipling (4),D23,616322.047805923,4841447.50619521
3013,7497458,1329108,8/24/2012 4:00:00 AM,1410,ISLINGTON AVE,BERGAMOT AVE,,Major Arterial,Etobicoke York,43.716945,-79.55599,At Intersection,Traffic Signal,Clear,Daylight,Dry,Non-Fatal Injury,Angle,Vehicle Owner,unknown,,,,Other,,,,,,,,,,,,Yes,,,,,Yes,,Yes,,,,4,Rexdale-Kipling,4,Rexdale-Kipling (4),D23,616322.047805923,4841447.50619521
3014,7497459,1329108,8/24/2012 4:00:00 AM,1410,ISLINGTON AVE,BERGAMOT AVE,,Major Arterial,Etobicoke York,43.716945,-79.55599,At Intersection,Traffic Signal,Clear,Daylight,Dry,Non-Fatal Injury,Angle,Driver,60 to 64,Minimal,,West,"Automobile, Station Wagon",Going Ahead,Driving Properly,Normal,,,,,,,,,Yes,,,,,Yes,,Yes,,,,4,Rexdale-Kipling,4,Rexdale-Kipling (4),D23,616322.047805923,4841447.50619521
3015,7542446,1319075,8/28/2012 4:00:00 AM,1404,VICTORIA PARK AVE,SOUTHMEAD RD,,Major Arterial,North York,43.722845,-79.30189,,No Control,Clear,Daylight,Dry,Non-Fatal Injury,Other,Passenger,85 to 89,Major,,,Other,,,,,,,,,,,,,,,Yes,,Yes,,,,,,43,Victoria Village,43,Victoria Village (43),D55,636777.819605697,4842490.77588393
3016,7542447,1319075,8/28/2012 4:00:00 AM,1404,VICTORIA PARK AVE,SOUTHMEAD RD,,Major Arterial,North York,43.722845,-79.30189,,No Control,Clear,Daylight,Dry,Non-Fatal Injury,Other,Vehicle Owner,unknown,,,,Other,,,,,,,,,,,,,,,Yes,,Yes,,,,,,43,Victoria Village,43,Victoria Village (43),D55,636777.819605697,4842490.77588393
3017,7542448,1319075,8/28/2012 4:00:00 AM,1404,VICTORIA PARK AVE,SOUTHMEAD RD,,Major Arterial,North York,43.722845,-79.30189,,No Control,Clear,Daylight,Dry,Non-Fatal Injury,Other,Driver,35 to 39,None,,South,Municipal Transit Bus (TTC),Slowing or Stopping,Driving Properly,Unknown,,,,,,,,,,,,Yes,,Yes,,,,,,43,Victoria Village,43,Victoria Village (43),D55,636777.819605697,4842490.77588393
3018,7474072,1319211,8/29/2012 4:00:00 AM,112,YORKSHIRE RD,IONVIEW RD,,Local,Scarborough,43.740045,-79.27479,At Intersection,Stop Sign,Clear,"Dark, artificial",Dry,Non-Fatal Injury,SMV Other,Passenger,25 to 29,Major,,,Other,,,,,,,,,,,,Yes,,,,,Yes,,,,,,125,Ionview,125,Ionview (125),D41,638920.896209728,4844446.17643082
3019,7474073,1319211,8/29/2012 4:00:00 AM,112,YORKSHIRE RD,IONVIEW RD,,Local,Scarborough,43.740045,-79.27479,At Intersection,Stop Sign,Clear,"Dark, artificial",Dry,Non-Fatal Injury,SMV Other,Vehicle Owner,unknown,,,,Other,,,,,,,,,,,,Yes,,,,,Yes,,,,,,125,Ionview,125,Ionview (125),D41,638920.896209728,4844446.17643082
3020,7474074,1319211,8/29/2012 4:00:00 AM,112,YORKSHIRE RD,IONVIEW RD,,Local,Scarborough,43.740045,-79.27479,At Intersection,Stop Sign,Clear,"Dark, artificial",Dry,Non-Fatal Injury,SMV Other,Driver,25 to 29,Minimal,,North,"Automobile, Station Wagon",Going Ahead,Lost control,Unknown,,,,,,,,,Yes,,,,,Yes,,,,,,125,Ionview,125,Ionview (125),D41,638920.896209728,4844446.17643082
3021,7474075,1319211,8/29/2012 4:00:00 AM,112,YORKSHIRE RD,IONVIEW RD,,Local,Scarborough,43.740045,-79.27479,At Intersection,Stop Sign,Clear,"Dark, artificial",Dry,Non-Fatal Injury,SMV Other,Other Property Owner,unknown,,,,Other,,,,,,,,,,,,Yes,,,,,Yes,,,,,,125,Ionview,125,Ionview (125),D41,638920.896209728,4844446.17643082
3022,7474505,1319386,8/31/2012 4:00:00 AM,1640,ST CLAIR AVE E,WARDEN AVE,,Major Arterial,Scarborough,43.712045,-79.28099,At Intersection,Traffic Signal,Clear,Daylight,Dry,Non-Fatal Injury,Turning Movement,Driver,45 to 49,None,,South,"Automobile, Station Wagon",Stopped,Driving Properly,Normal,,,,,,,,,Yes,,,,,Yes,,Yes,Yes,,,120,Clairlea-Birchmount,120,Clairlea-Birchmount (120),D41,638486.15196015,4841325.98586588
3023,7474506,1319386,8/31/2012 4:00:00 AM,1640,ST CLAIR AVE E,WARDEN AVE,,Major Arterial,Scarborough,43.712045,-79.28099,At Intersection,Traffic Signal,Clear,Daylight,Dry,Non-Fatal Injury,Turning Movement,Passenger,65 to 69,Major,,,Other,,,,,,,,,,,,Yes,,,,,Yes,,Yes,Yes,,,120,Clairlea-Birchmount,120,Clairlea-Birchmount (120),D41,638486.15196015,4841325.98586588
3024,7474507,1319386,8/31/2012 4:00:00 AM,1640,ST CLAIR AVE E,WARDEN AVE,,Major Arterial,Scarborough,43.712045,-79.28099,At Intersection,Traffic Signal,Clear,Daylight,Dry,Non-Fatal Injury,Turning Movement,Driver,15 to 19,Minimal,,East,"Automobile, Station Wagon",Turning Left,Driving Properly,Normal,,,,,,,,,Yes,,,,,Yes,,Yes,Yes,,,120,Clairlea-Birchmount,120,Clairlea-Birchmount (120),D41,638486.15196015,4841325.98586588
3025,7474508,1319386,8/31/2012 4:00:00 AM,1640,ST CLAIR AVE E,WARDEN AVE,,Major Arterial,Scarborough,43.712045,-79.28099,At Intersection,Traffic Signal,Clear,Daylight,Dry,Non-Fatal Injury,Turning Movement,Driver,40 to 44,Minor,,West,"Automobile, Station Wagon",Going Ahead,Disobeyed Traffic Control,Normal,,,,,,,,,Yes,,,,,Yes,,Yes,Yes,,,120,Clairlea-Birchmount,120,Clairlea-Birchmount (120),D41,638486.15196015,4841325.98586588
3026,7477280,1320520,9/9/2012 4:00:00 AM,1438,1265 WILSON AVE,,,Major Arterial,North York,43.724417,-79.491901,,No Control,Clear,Daylight,Dry,Non-Fatal Injury,Turning Movement,Motorcycle Driver,35 to 39,Major,,North,Motorcycle,Turning Left,Failed to Yield Right of Way,Unknown,,,,,,,,,Yes,Yes,,,,Yes,,Yes,,,,154,Oakdale-Beverley Heights,26,Downsview-Roding-CFB (26),D31,621469.669729013,4842369.31480152
3027,7477281,1320520,9/9/2012 4:00:00 AM,1438,1265 WILSON AVE,,,Major Arterial,North York,43.724417,-79.491901,,No Control,Clear,Daylight,Dry,Non-Fatal Injury,Turning Movement,Passenger,20 to 24,Minimal,,,Other,,,,,,,,,,,,Yes,Yes,,,,Yes,,Yes,,,,154,Oakdale-Beverley Heights,26,Downsview-Roding-CFB (26),D31,621469.669729013,4842369.31480152
3028,7477282,1320520,9/9/2012 4:00:00 AM,1438,1265 WILSON AVE,,,Major Arterial,North York,43.724417,-79.491901,,No Control,Clear,Daylight,Dry,Non-Fatal Injury,Turning Movement,Driver,40 to 44,Minimal,,East,"Automobile, Station Wagon",Going Ahead,Driving Properly,Normal,,,,,,,,,Yes,Yes,,,,Yes,,Yes,,,,154,Oakdale-Beverley Heights,26,Downsview-Roding-CFB (26),D31,621469.669729013,4842369.31480152
3029,7515524,1321409,9/16/2012 4:00:00 AM,138,DUFFERIN St,SPRINGHURST Ave,,Local,Toronto and East York,43.634085,-79.425502,,Traffic Signal,Clear,"Dark, artificial",Dry,Non-Fatal Injury,SMV Other,Vehicle Owner,unknown,,,,Other,,,,,,,,,,,,Yes,,,,,Yes,,Yes,,Yes,,163,Fort York-Liberty Village,82,Niagara (82),D14,627008.267606006,4832436.18973825
3030,7515525,1321409,9/16/2012 4:00:00 AM,138,DUFFERIN St,SPRINGHURST Ave,,Local,Toronto and East York,43.634085,-79.425502,,Traffic Signal,Clear,"Dark, artificial",Dry,Non-Fatal Injury,SMV Other,Driver,35 to 39,Minimal,,North,"Automobile, Station Wagon",Going Ahead,Lost control,"Ability Impaired, Alcohol",,,,,,,,,Yes,,,,,Yes,,Yes,,Yes,,163,Fort York-Liberty Village,82,Niagara (82),D14,627008.267606006,4832436.18973825
3031,7515526,1321409,9/16/2012 4:00:00 AM,138,DUFFERIN St,SPRINGHURST Ave,,Local,Toronto and East York,43.634085,-79.425502,,Traffic Signal,Clear,"Dark, artificial",Dry,Non-Fatal Injury,SMV Other,Passenger,40 to 44,Major,,,Other,,,,,,,,,,,,Yes,,,,,Yes,,Yes,,Yes,,163,Fort York-Liberty Village,82,Niagara (82),D14,627008.267606006,4832436.18973825
3032,7515527,1321409,9/16/2012 4:00:00 AM,138,DUFFERIN St,SPRINGHURST Ave,,Local,Toronto and East York,43.634085,-79.425502,,Traffic Signal,Clear,"Dark, artificial",Dry,Non-Fatal Injury,SMV Other,Other Property Owner,unknown,,,,Other,,,,,,,,,,,,Yes,,,,,Yes,,Yes,,Yes,,163,Fort York-Liberty Village,82,Niagara (82),D14,627008.267606006,4832436.18973825
3033,7480333,1321770,9/17/2012 4:00:00 AM,1630,BAYVIEW AVE,FELDBAR CRT,,Major Arterial,North York,43.783858,-79.391902,,No Control,Clear,Daylight,Dry,Non-Fatal Injury,Rear End,Vehicle Owner,unknown,,,,Other,,,,,,,,,,,,Yes,,,,,Yes,,Yes,,,,52,Bayview Village,52,Bayview Village (52),D33,629395.97867109,4849122.55773806
3034,7480334,1321770,9/17/2012 4:00:00 AM,1630,BAYVIEW AVE,FELDBAR CRT,,Major Arterial,North York,43.783858,-79.391902,,No Control,Clear,Daylight,Dry,Non-Fatal Injury,Rear End,Driver,55 to 59,Major,,North,"Automobile, Station Wagon",Going Ahead,Following too Close,Normal,,,,,,,,,Yes,,,,,Yes,,Yes,,,,52,Bayview Village,52,Bayview Village (52),D33,629395.97867109,4849122.55773806
3035,7480335,1321770,9/17/2012 4:00:00 AM,1630,BAYVIEW AVE,FELDBAR CRT,,Major Arterial,North York,43.783858,-79.391902,,No Control,Clear,Daylight,Dry,Non-Fatal Injury,Rear End,Passenger,45 to 49,Minimal,,,Other,,,,,,,,,,,,Yes,,,,,Yes,,Yes,,,,52,Bayview Village,52,Bayview Village (52),D33,629395.97867109,4849122.55773806
3036,7480336,1321770,9/17/2012 4:00:00 AM,1630,BAYVIEW AVE,FELDBAR CRT,,Major Arterial,North York,43.783858,-79.391902,,No Control,Clear,Daylight,Dry,Non-Fatal Injury,Rear End,Driver,50 to 54,None,,North,"Automobile, Station Wagon",Slowing or Stopping,Driving Properly,Normal,,,,,,,,,Yes,,,,,Yes,,Yes,,,,52,Bayview Village,52,Bayview Village (52),D33,629395.97867109,4849122.55773806
3037,7515824,1324125,9/21/2012 4:00:00 AM,1040,MCNICOLL Ave,PHARMACY Ave,,Minor Arterial,Scarborough,43.804114,-79.330722,At Intersection,Traffic Signal,Clear,Daylight,Dry,Non-Fatal Injury,Angle,Vehicle Owner,unknown,,,,Other,,,,,,,,,,,,Yes,,Yes,,,Yes,,Yes,Yes,,,116,Steeles,116,Steeles (116),D42,634273.515783688,4851469.75710156
3038,7515825,1324125,9/21/2012 4:00:00 AM,1040,MCNICOLL Ave,PHARMACY Ave,,Minor Arterial,Scarborough,43.804114,-79.330722,At Intersection,Traffic Signal,Clear,Daylight,Dry,Non-Fatal Injury,Angle,Passenger,45 to 49,None,,,Other,,,,,,,,,,,,Yes,,Yes,,,Yes,,Yes,Yes,,,116,Steeles,116,Steeles (116),D42,634273.515783688,4851469.75710156
3039,7515826,1324125,9/21/2012 4:00:00 AM,1040,MCNICOLL Ave,PHARMACY Ave,,Minor Arterial,Scarborough,43.804114,-79.330722,At Intersection,Traffic Signal,Clear,Daylight,Dry,Non-Fatal Injury,Angle,Truck Driver,25 to 29,None,,East,Truck - Open,Going Ahead,Driving Properly,Normal,,,,,,,,,Yes,,Yes,,,Yes,,Yes,Yes,,,116,Steeles,116,Steeles (116),D42,634273.515783688,4851469.75710156
3040,7515827,1324125,9/21/2012 4:00:00 AM,1040,MCNICOLL Ave,PHARMACY Ave,,Minor Arterial,Scarborough,43.804114,-79.330722,At Intersection,Traffic Signal,Clear,Daylight,Dry,Non-Fatal Injury,Angle,Driver,45 to 49,Major,,North,"Automobile, Station Wagon",Going Ahead,Disobeyed Traffic Control,Inattentive,,,,,,,,,Yes,,Yes,,,Yes,,Yes,Yes,,,116,Steeles,116,Steeles (116),D42,634273.515783688,4851469.75710156
3041,7471737,1318227,10/3/2012 4:00:00 AM,1440,2700 KINGSTON RD,,,Major Arterial,Scarborough,43.715645,-79.24329,At Intersection,Traffic Signal,"Fog, Mist, Smoke, Dust",Daylight,Wet,Non-Fatal Injury,Pedestrian Collisions,Passenger,45 to 49,Minimal,,,Other,,,,,,,,,,Yes,,Yes,,,,,Yes,,,,,,123,Cliffcrest,123,Cliffcrest (123),D41,641514.886129779,4841789.49803039
3042,7471738,1318227,10/3/2012 4:00:00 AM,1440,2700 KINGSTON RD,,,Major Arterial,Scarborough,43.715645,-79.24329,At Intersection,Traffic Signal,"Fog, Mist, Smoke, Dust",Daylight,Wet,Non-Fatal Injury,Pedestrian Collisions,Vehicle Owner,unknown,,,,Other,,,,,,,,,,Yes,,Yes,,,,,Yes,,,,,,123,Cliffcrest,123,Cliffcrest (123),D41,641514.886129779,4841789.49803039
3043,7471739,1318227,10/3/2012 4:00:00 AM,1440,2700 KINGSTON RD,,,Major Arterial,Scarborough,43.715645,-79.24329,At Intersection,Traffic Signal,"Fog, Mist, Smoke, Dust",Daylight,Wet,Non-Fatal Injury,Pedestrian Collisions,Driver,40 to 44,None,,West,"Automobile, Station Wagon",Going Ahead,Driving Properly,Normal,,,,,,,Yes,,Yes,,,,,Yes,,,,,,123,Cliffcrest,123,Cliffcrest (123),D41,641514.886129779,4841789.49803039
3044,7471740,1318227,10/3/2012 4:00:00 AM,1440,2700 KINGSTON RD,,,Major Arterial,Scarborough,43.715645,-79.24329,At Intersection,Traffic Signal,"Fog, Mist, Smoke, Dust",Daylight,Wet,Non-Fatal Injury,Pedestrian Collisions,Pedestrian,15 to 19,Major,,North,Other,,,,Vehicle is going straight thru inter.while ped cross without ROW,Crossing without right of way,Inattentive,,,,Yes,,Yes,,,,,Yes,,,,,,123,Cliffcrest,123,Cliffcrest (123),D41,641514.886129779,4841789.49803039
3045,7516355,1328243,10/18/2012 4:00:00 AM,2108,LAKE SHORE Blvd W,BATHURST St,,Major Arterial,Toronto and East York,43.636473,-79.399638,At Intersection,Traffic Signal,Rain,"Dark, artificial",Wet,Non-Fatal Injury,Angle,Driver,20 to 24,None,,West,"Automobile, Station Wagon",Going Ahead,Disobeyed Traffic Control,Inattentive,,,,,,,,,Yes,,,,,Yes,,Yes,Yes,,,165,Harbourfront-CityPlace,77,Waterfront Communities-The Island (77),D14,629089.518193979,4832741.30595142
3046,7516356,1328243,10/18/2012 4:00:00 AM,2108,LAKE SHORE Blvd W,BATHURST St,,Major Arterial,Toronto and East York,43.636473,-79.399638,At Intersection,Traffic Signal,Rain,"Dark, artificial",Wet,Non-Fatal Injury,Angle,Vehicle Owner,unknown,,,,Other,,,,,,,,,,,,Yes,,,,,Yes,,Yes,Yes,,,165,Harbourfront-CityPlace,77,Waterfront Communities-The Island (77),D14,629089.518193979,4832741.30595142
3047,7516357,1328243,10/18/2012 4:00:00 AM,2108,LAKE SHORE Blvd W,BATHURST St,,Major Arterial,Toronto and East York,43.636473,-79.399638,At Intersection,Traffic Signal,Rain,"Dark, artificial",Wet,Non-Fatal Injury,Angle,Passenger,75 to 79,Major,,,Other,,,,,,,,,,,,Yes,,,,,Yes,,Yes,Yes,,,165,Harbourfront-CityPlace,77,Waterfront Communities-The Island (77),D14,629089.518193979,4832741.30595142
3048,7516358,1328243,10/18/2012 4:00:00 AM,2108,LAKE SHORE Blvd W,BATHURST St,,Major Arterial,Toronto and East York,43.636473,-79.399638,At Intersection,Traffic Signal,Rain,"Dark, artificial",Wet,Non-Fatal Injury,Angle,Driver,40 to 44,Minor,,North,"Automobile, Station Wagon",Going Ahead,Driving Properly,Normal,,,,,,,,,Yes,,,,,Yes,,Yes,Yes,,,165,Harbourfront-CityPlace,77,Waterfront Communities-The Island (77),D14,629089.518193979,4832741.30595142
3049,7515451,1320791,10/19/2012 4:00:00 AM,8,WILSON AVE,RIDGE RD,,Major Arterial,North York,43.723945,-79.49419,,Traffic Signal,Clear,Dark,Wet,Non-Fatal Injury,Rear End,Passenger,unknown,None,,,Other,,,,,,,,,,,,Yes,,,,,Yes,,,,,,154,Oakdale-Beverley Heights,26,Downsview-Roding-CFB (26),D31,621286.253459696,4842313.54006177
3050,7515452,1320791,10/19/2012 4:00:00 AM,8,WILSON AVE,RIDGE RD,,Major Arterial,North York,43.723945,-79.49419,,Traffic Signal,Clear,Dark,Wet,Non-Fatal Injury,Rear End,Driver,60 to 64,Major,,West,"Automobile, Station Wagon",Going Ahead,Driving Properly,Normal,,,,,,,,,Yes,,,,,Yes,,,,,,154,Oakdale-Beverley Heights,26,Downsview-Roding-CFB (26),D31,621286.253459696,4842313.54006177
3051,7515453,1320791,10/19/2012 4:00:00 AM,8,WILSON AVE,RIDGE RD,,Major Arterial,North York,43.723945,-79.49419,,Traffic Signal,Clear,Dark,Wet,Non-Fatal Injury,Rear End,Vehicle Owner,unknown,,,,Other,,,,,,,,,,,,Yes,,,,,Yes,,,,,,154,Oakdale-Beverley Heights,26,Downsview-Roding-CFB (26),D31,621286.253459696,4842313.54006177
3052,7515454,1320791,10/19/2012 4:00:00 AM,8,WILSON AVE,RIDGE RD,,Major Arterial,North York,43.723945,-79.49419,,Traffic Signal,Clear,Dark,Wet,Non-Fatal Injury,Rear End,Passenger,20 to 24,Major,,,Other,,,,,,,,,,,,Yes,,,,,Yes,,,,,,154,Oakdale-Beverley Heights,26,Downsview-Roding-CFB (26),D31,621286.253459696,4842313.54006177
3053,7515455,1320791,10/19/2012 4:00:00 AM,8,WILSON AVE,RIDGE RD,,Major Arterial,North York,43.723945,-79.49419,,Traffic Signal,Clear,Dark,Wet,Non-Fatal Injury,Rear End,Driver,20 to 24,Major,,West,"Automobile, Station Wagon",Overtaking,Improper Lane Change,Normal,,,,,,,,,Yes,,,,,Yes,,,,,,154,Oakdale-Beverley Heights,26,Downsview-Roding-CFB (26),D31,621286.253459696,4842313.54006177
3054,7515456,1320791,10/19/2012 4:00:00 AM,8,WILSON AVE,RIDGE RD,,Major Arterial,North York,43.723945,-79.49419,,Traffic Signal,Clear,Dark,Wet,Non-Fatal Injury,Rear End,Vehicle Owner,unknown,,,,Other,,,,,,,,,,,,Yes,,,,,Yes,,,,,,154,Oakdale-Beverley Heights,26,Downsview-Roding-CFB (26),D31,621286.253459696,4842313.54006177
3055,7515457,1320791,10/19/2012 4:00:00 AM,8,WILSON AVE,RIDGE RD,,Major Arterial,North York,43.723945,-79.49419,,Traffic Signal,Clear,Dark,Wet,Non-Fatal Injury,Rear End,Driver,60 to 64,Minor,,East,"Automobile, Station Wagon",Going Ahead,Driving Properly,Normal,,,,,,,,,Yes,,,,,Yes,,,,,,154,Oakdale-Beverley Heights,26,Downsview-Roding-CFB (26),D31,621286.253459696,4842313.54006177
3056,7515458,1320791,10/19/2012 4:00:00 AM,8,WILSON AVE,RIDGE RD,,Major Arterial,North York,43.723945,-79.49419,,Traffic Signal,Clear,Dark,Wet,Non-Fatal Injury,Rear End,Other Property Owner,unknown,,,,Other,,,,,,,,,,,,Yes,,,,,Yes,,,,,,154,Oakdale-Beverley Heights,26,Downsview-Roding-CFB (26),D31,621286.253459696,4842313.54006177
3057,7515459,1320791,10/19/2012 4:00:00 AM,8,WILSON AVE,RIDGE RD,,Major Arterial,North York,43.723945,-79.49419,,Traffic Signal,Clear,Dark,Wet,Non-Fatal Injury,Rear End,Other Property Owner,unknown,,,,Other,,,,,,,,,,,,Yes,,,,,Yes,,,,,,154,Oakdale-Beverley Heights,26,Downsview-Roding-CFB (26),D31,621286.253459696,4842313.54006177
3058,7515492,1321027,10/20/2012 4:00:00 AM,518,DON VALLEY PARKWAY  S,SPANBRIDGE RD,,,North York,43.714343,-79.325488,,No Control,Clear,"Dark, artificial",Wet,Fatal,SMV Other,Passenger,15 to 19,Minor,,,Other,,,,,,,,,,,,Yes,,,,,Yes,,,,,,44,Flemingdon Park,44,Flemingdon Park (44),D55,634896.126616781,4841507.8283721
3059,7515493,1321027,10/20/2012 4:00:00 AM,518,DON VALLEY PARKWAY  S,SPANBRIDGE RD,,,North York,43.714343,-79.325488,,No Control,Clear,"Dark, artificial",Wet,Fatal,SMV Other,Vehicle Owner,unknown,,,,Other,,,,,,,,,,,,Yes,,,,,Yes,,,,,,44,Flemingdon Park,44,Flemingdon Park (44),D55,634896.126616781,4841507.8283721
3060,7515494,1321027,10/20/2012 4:00:00 AM,518,DON VALLEY PARKWAY  S,SPANBRIDGE RD,,,North York,43.714343,-79.325488,,No Control,Clear,"Dark, artificial",Wet,Fatal,SMV Other,Driver,15 to 19,Fatal,35,South,"Automobile, Station Wagon",Going Ahead,Lost control,Unknown,,,,,,,,,Yes,,,,,Yes,,,,,,44,Flemingdon Park,44,Flemingdon Park (44),D55,634896.126616781,4841507.8283721
3061,7515495,1321027,10/20/2012 4:00:00 AM,518,DON VALLEY PARKWAY  S,SPANBRIDGE RD,,,North York,43.714343,-79.325488,,No Control,Clear,"Dark, artificial",Wet,Fatal,SMV Other,Other Property Owner,unknown,,,,Other,,,,,,,,,,,,Yes,,,,,Yes,,,,,,44,Flemingdon Park,44,Flemingdon Park (44),D55,634896.126616781,4841507.8283721
3062,7515508,1321216,10/21/2012 4:00:00 AM,325,MCNICOLL AVE,BIRCHMOUNT RD,,Minor Arterial,Scarborough,43.807944,-79.314189,At Intersection,No Control,Clear,"Dark, artificial",Dry,Fatal,SMV Other,Passenger,20 to 24,Fatal,36,,Other,,,,,,,,,,,,Yes,,,,,Yes,Yes,Yes,,Yes,,116,Steeles,116,Steeles (116),D42,635594.745749958,4851922.10028712
3063,7515509,1321216,10/21/2012 4:00:00 AM,325,MCNICOLL AVE,BIRCHMOUNT RD,,Minor Arterial,Scarborough,43.807944,-79.314189,At Intersection,No Control,Clear,"Dark, artificial",Dry,Fatal,SMV Other,Vehicle Owner,unknown,,,,Other,,,,,,,,,,,,Yes,,,,,Yes,Yes,Yes,,Yes,,116,Steeles,116,Steeles (116),D42,635594.745749958,4851922.10028712
3064,7515510,1321216,10/21/2012 4:00:00 AM,325,MCNICOLL AVE,BIRCHMOUNT RD,,Minor Arterial,Scarborough,43.807944,-79.314189,At Intersection,No Control,Clear,"Dark, artificial",Dry,Fatal,SMV Other,Driver,20 to 24,Minor,,East,"Automobile, Station Wagon",Going Ahead,Exceeding Speed Limit,"Ability Impaired, Alcohol Over .08",,,,,,,,,Yes,,,,,Yes,Yes,Yes,,Yes,,116,Steeles,116,Steeles (116),D42,635594.745749958,4851922.10028712