OBJECTID,INDEX,ACCNUM,DATE,TIME,STREET1,STREET2,OFFSET,ROAD_CLASS,DISTRICT,LATITUDE,LONGITUDE,ACCLOC,TRAFFCTL,VISIBILITY,LIGHT,RDSFCOND,ACCLASS,IMPACTYPE,INVTYPE,INVAGE,INJURY,FATAL_NO,INITDIR,VEHTYPE,MANOEUVER,DRIVACT,DRIVCOND,PEDTYPE,PEDACT,PEDCOND,CYCLISTYPE,CYCACT,CYCCOND,PEDESTRIAN,CYCLIST,AUTOMOBILE,MOTORCYCLE,TRUCK,TRSN_CITY_VEH,EMERG_VEH,PASSENGER,SPEEDING,AG_DRIV,REDLIGHT,ALCOHOL,DISABILITY,HOOD_158,NEIGHBOURHOOD_158,HOOD_140,NEIGHBOURHOOD_140,DIVISION,x,y
3433,7892221,1387447,9/17/2013 4:00:00 AM,1527,KINGSTON RD,MIDLAND AVE,,Major Arterial,Scarborough,43.711112,-79.24818,,Traffic Signal,Clear,Daylight,Dry,Non-Fatal Injury,Turning Movement,Passenger,60 to 64,Major,,,Other,,,,,,,,,,,,Yes,,,,,Yes,,,,,,123,Cliffcrest,123,Cliffcrest (123),D41,641131.599451443,4841277.70437327
3434,7892222,1387447,9/17/2013 4:00:00 AM,1527,KINGSTON RD,MIDLAND AVE,,Major Arterial,Scarborough,43.711112,-79.24818,,Traffic Signal,Clear,Daylight,Dry,Non-Fatal Injury,Turning Movement,Driver,85 to 89,Minor,,West,"Automobile, Station Wagon",Turning Left,Improper Turn,Inattentive,,,,,,,,,Yes,,,,,Yes,,,,,,123,Cliffcrest,123,Cliffcrest (123),D41,641131.599451443,4841277.70437327
3435,7892223,1387447,9/17/2013 4:00:00 AM,1527,KINGSTON RD,MIDLAND AVE,,Major Arterial,Scarborough,43.711112,-79.24818,,Traffic Signal,Clear,Daylight,Dry,Non-Fatal Injury,Turning Movement,Driver,65 to 69,None,,North,"Automobile, Station Wagon",Stopped,Driving Properly,Normal,,,,,,,,,Yes,,,,,Yes,,,,,,123,Cliffcrest,123,Cliffcrest (123),D41,641131.599451443,4841277.70437327
3436,7864812,1376061,9/18/2013 4:00:00 AM,1634,LAKE SHORE BLVD W,DWIGHT AVE,,Major Arterial,Etobicoke York,43.602343,-79.497989,,No Control,Clear,Daylight,Dry,Fatal,Cyclist Collisions,Passenger,unknown,None,,,,,,,,,,,,,,Yes,Yes,,,,,Yes,,,,,,18,New Toronto,18,New Toronto (18),D22,621224.754551965,4828802.49841258
3437,7864813,1376061,9/18/2013 4:00:00 AM,1634,LAKE SHORE BLVD W,DWIGHT AVE,,Major Arterial,Etobicoke York,43.602343,-79.497989,,No Control,Clear,Daylight,Dry,Fatal,Cyclist Collisions,Driver,60 to 64,None,,East,"Automobile, Station Wagon",Going Ahead,Driving Properly,Normal,,,,,,,,Yes,Yes,,,,,Yes,,,,,,18,New Toronto,18,New Toronto (18),D22,621224.754551965,4828802.49841258
3438,7864814,1376061,9/18/2013 4:00:00 AM,1634,LAKE SHORE BLVD W,DWIGHT AVE,,Major Arterial,Etobicoke York,43.602343,-79.497989,,No Control,Clear,Daylight,Dry,Fatal,Cyclist Collisions,Cyclist,50 to 54,Fatal,41,West,Bicycle,Unknown,,,,,,"Cyclist without ROW rides into path of motorist at inter, lnwy, dwy-Cyclist not turn.",Lost control,Unknown,,Yes,Yes,,,,,Yes,,,,,,18,New Toronto,18,New Toronto (18),D22,621224.754551965,4828802.49841258
3439,7895174,1388506,9/22/2013 4:00:00 AM,1750,KIPLING Ave,ESTHER LORRIE Dr,,Major Arterial,Etobicoke York,43.731658,-79.576381,,No Control,Clear,Daylight,Dry,Non-Fatal Injury,Rear End,Vehicle Owner,unknown,,,,Other,,,,,,,,,,,,Yes,,,,,Yes,,Yes,,,,4,Rexdale-Kipling,4,Rexdale-Kipling (4),D23,614651.372469993,4843053.17653364
3440,7895175,1388506,9/22/2013 4:00:00 AM,1750,KIPLING Ave,ESTHER LORRIE Dr,,Major Arterial,Etobicoke York,43.731658,-79.576381,,No Control,Clear,Daylight,Dry,Non-Fatal Injury,Rear End,Driver,40 to 44,None,,South,"Automobile, Station Wagon",Going Ahead,Following too Close,Inattentive,,,,,,,,,Yes,,,,,Yes,,Yes,,,,4,Rexdale-Kipling,4,Rexdale-Kipling (4),D23,614651.372469993,4843053.17653364
3441,7895176,1388506,9/22/2013 4:00:00 AM,1750,KIPLING Ave,ESTHER LORRIE Dr,,Major Arterial,Etobicoke York,43.731658,-79.576381,,No Control,Clear,Daylight,Dry,Non-Fatal Injury,Rear End,Passenger,30 to 34,Major,,,Other,,,,,,,,,,,,Yes,,,,,Yes,,Yes,,,,4,Rexdale-Kipling,4,Rexdale-Kipling (4),D23,614651.372469993,4843053.17653364
3442,7895177,1388506,9/22/2013 4:00:00 AM,1750,KIPLING Ave,ESTHER LORRIE Dr,,Major Arterial,Etobicoke York,43.731658,-79.576381,,No Control,Clear,Daylight,Dry,Non-Fatal Injury,Rear End,Driver,35 to 39,Minor,,South,"Automobile, Station Wagon",Turning Right,Improper Turn,Inattentive,,,,,,,,,Yes,,,,,Yes,,Yes,,,,4,Rexdale-Kipling,4,Rexdale-Kipling (4),D23,614651.372469993,4843053.17653364
3443,7892188,1387438,9/25/2013 4:00:00 AM,1127,DIXON Rd,MARTIN GROVE Rd,,Major Arterial,Etobicoke York,43.691245,-79.572307,,No Control,Clear,Daylight,Dry,Non-Fatal Injury,Sideswipe,Driver,40 to 44,None,,East,"Automobile, Station Wagon",Going Ahead,Driving Properly,Normal,,,,,,,,,Yes,,,,,Yes,,Yes,,,,1,West Humber-Clairville,1,West Humber-Clairville (1),D23,615056.776859757,4838570.40173915
3444,7892189,1387438,9/25/2013 4:00:00 AM,1127,DIXON Rd,MARTIN GROVE Rd,,Major Arterial,Etobicoke York,43.691245,-79.572307,,No Control,Clear,Daylight,Dry,Non-Fatal Injury,Sideswipe,Passenger,5 to 9,Major,,,Other,,,,,,,,,,,,Yes,,,,,Yes,,Yes,,,,1,West Humber-Clairville,1,West Humber-Clairville (1),D23,615056.776859757,4838570.40173915
3445,7892190,1387438,9/25/2013 4:00:00 AM,1127,DIXON Rd,MARTIN GROVE Rd,,Major Arterial,Etobicoke York,43.691245,-79.572307,,No Control,Clear,Daylight,Dry,Non-Fatal Injury,Sideswipe,Passenger,20 to 24,Minor,,,Other,,,,,,,,,,,,Yes,,,,,Yes,,Yes,,,,1,West Humber-Clairville,1,West Humber-Clairville (1),D23,615056.776859757,4838570.40173915
3446,7892191,1387438,9/25/2013 4:00:00 AM,1127,DIXON Rd,MARTIN GROVE Rd,,Major Arterial,Etobicoke York,43.691245,-79.572307,,No Control,Clear,Daylight,Dry,Non-Fatal Injury,Sideswipe,Driver,20 to 24,Minor,,East,"Automobile, Station Wagon",Changing Lanes,Failed to Yield Right of Way,Inattentive,,,,,,,,,Yes,,,,,Yes,,Yes,,,,1,West Humber-Clairville,1,West Humber-Clairville (1),D23,615056.776859757,4838570.40173915
3447,7892345,1387491,9/25/2013 4:00:00 AM,2025,923 AVENUE Rd,,,Major Arterial,Toronto and East York,43.701007,-79.407092,,No Control,Clear,"Dark, artificial",Dry,Non-Fatal Injury,SMV Other,Vehicle Owner,unknown,,,,Other,,,,,,,,,,,,Yes,,,,,Yes,,,,,,100,Yonge-Eglinton,100,Yonge-Eglinton (100),D53,628350.627780901,4839897.10462146
3448,7892346,1387491,9/25/2013 4:00:00 AM,2025,923 AVENUE Rd,,,Major Arterial,Toronto and East York,43.701007,-79.407092,,No Control,Clear,"Dark, artificial",Dry,Non-Fatal Injury,SMV Other,Passenger,55 to 59,Major,,,Other,,,,,,,,,,,,Yes,,,,,Yes,,,,,,100,Yonge-Eglinton,100,Yonge-Eglinton (100),D53,628350.627780901,4839897.10462146
3449,7892347,1387491,9/25/2013 4:00:00 AM,2025,923 AVENUE Rd,,,Major Arterial,Toronto and East York,43.701007,-79.407092,,No Control,Clear,"Dark, artificial",Dry,Non-Fatal Injury,SMV Other,Other Property Owner,unknown,,,,Other,,,,,,,,,,,,Yes,,,,,Yes,,,,,,100,Yonge-Eglinton,100,Yonge-Eglinton (100),D53,628350.627780901,4839897.10462146
3450,7895708,1387491,9/25/2013 4:00:00 AM,2025,923 AVENUE Rd,,,Major Arterial,Toronto and East York,43.701007,-79.407092,,No Control,Clear,"Dark, artificial",Dry,Non-Fatal Injury,SMV Other,Driver,50 to 54,Minor,,North,"Automobile, Station Wagon",Going Ahead,Lost control,Normal,,,,,,,,,Yes,,,,,Yes,,,,,,100,Yonge-Eglinton,100,Yonge-Eglinton (100),D53,628350.627780901,4839897.10462146
3451,7895709,1387491,9/25/2013 4:00:00 AM,2025,923 AVENUE Rd,,,Major Arterial,Toronto and East York,43.701007,-79.407092,,No Control,Clear,"Dark, artificial",Dry,Non-Fatal Injury,SMV Other,Vehicle Owner,unknown,,,,Other,,,,,,,,,,,,Yes,,,,,Yes,,,,,,100,Yonge-Eglinton,100,Yonge-Eglinton (100),D53,628350.627780901,4839897.10462146
3452,7878153,1381801,9/27/2013 4:00:00 AM,422,BAYVIEW BLOOR DVP RAMP,BAYVIEW BLOOR DVP N RAMP,,,Toronto and East York,43.683283,-79.36021,,Yield Sign,Clear,Dark,Dry,Non-Fatal Injury,SMV Other,Passenger,unknown,Minor,,,Other,,,,,,,,,,,,Yes,,,,,Yes,,,,Yes,,57,Broadview North,57,Broadview North (57),D55,632167.172431391,4838002.25515678
3453,7878154,1381801,9/27/2013 4:00:00 AM,422,BAYVIEW BLOOR DVP RAMP,BAYVIEW BLOOR DVP N RAMP,,,Toronto and East York,43.683283,-79.36021,,Yield Sign,Clear,Dark,Dry,Non-Fatal Injury,SMV Other,Driver,30 to 34,Major,,North,"Automobile, Station Wagon",Merging,,"Ability Impaired, Alcohol",,,,,,,,,Yes,,,,,Yes,,,,Yes,,57,Broadview North,57,Broadview North (57),D55,632167.172431391,4838002.25515678
3454,7893455,1387900,9/29/2013 4:00:00 AM,1305,BIRCHMOUNT Rd,BERTRAND Ave,,Major Arterial,Scarborough,43.735228,-79.279865,,Traffic Signal,Clear,Daylight,Dry,Non-Fatal Injury,Turning Movement,Passenger,55 to 59,Major,,,Other,,,,,,,,,,,,Yes,,,,,Yes,,Yes,,,,119,Wexford/Maryvale,119,Wexford/Maryvale (119),D41,638523.339712547,4843902.67893623
3455,7893456,1387900,9/29/2013 4:00:00 AM,1305,BIRCHMOUNT Rd,BERTRAND Ave,,Major Arterial,Scarborough,43.735228,-79.279865,,Traffic Signal,Clear,Daylight,Dry,Non-Fatal Injury,Turning Movement,Driver,40 to 44,Minor,,South,"Automobile, Station Wagon",Turning Left,Failed to Yield Right of Way,Normal,,,,,,,,,Yes,,,,,Yes,,Yes,,,,119,Wexford/Maryvale,119,Wexford/Maryvale (119),D41,638523.339712547,4843902.67893623
3456,7893457,1387900,9/29/2013 4:00:00 AM,1305,BIRCHMOUNT Rd,BERTRAND Ave,,Major Arterial,Scarborough,43.735228,-79.279865,,Traffic Signal,Clear,Daylight,Dry,Non-Fatal Injury,Turning Movement,Passenger,70 to 74,Minor,,,Other,,,,,,,,,,,,Yes,,,,,Yes,,Yes,,,,119,Wexford/Maryvale,119,Wexford/Maryvale (119),D41,638523.339712547,4843902.67893623
3457,7893458,1387900,9/29/2013 4:00:00 AM,1305,BIRCHMOUNT Rd,BERTRAND Ave,,Major Arterial,Scarborough,43.735228,-79.279865,,Traffic Signal,Clear,Daylight,Dry,Non-Fatal Injury,Turning Movement,Driver,75 to 79,Minor,,North,"Automobile, Station Wagon",Going Ahead,Driving Properly,Normal,,,,,,,,,Yes,,,,,Yes,,Yes,,,,119,Wexford/Maryvale,119,Wexford/Maryvale (119),D41,638523.339712547,4843902.67893623
3458,7883705,1384076,9/29/2013 4:00:00 AM,1939,ISLINGTON Ave,BEAUMONDE HEIGHTS Dr,,Major Arterial,Etobicoke York,43.743189,-79.568057,,No Control,Clear,"Dark, artificial",Dry,Non-Fatal Injury,Approaching,Passenger,45 to 49,Minimal,,,Other,,,,,,,,,,,,Yes,,,,,Yes,,,,Yes,,3,Thistletown-Beaumond Heights,3,Thistletown-Beaumond Heights (3),D23,615299.61894401,4844345.40888723
3459,7883706,1384076,9/29/2013 4:00:00 AM,1939,ISLINGTON Ave,BEAUMONDE HEIGHTS Dr,,Major Arterial,Etobicoke York,43.743189,-79.568057,,No Control,Clear,"Dark, artificial",Dry,Non-Fatal Injury,Approaching,Passenger,30 to 34,Minor,,,Other,,,,,,,,,,,,Yes,,,,,Yes,,,,Yes,,3,Thistletown-Beaumond Heights,3,Thistletown-Beaumond Heights (3),D23,615299.61894401,4844345.40888723
3460,7883707,1384076,9/29/2013 4:00:00 AM,1939,ISLINGTON Ave,BEAUMONDE HEIGHTS Dr,,Major Arterial,Etobicoke York,43.743189,-79.568057,,No Control,Clear,"Dark, artificial",Dry,Non-Fatal Injury,Approaching,Driver,45 to 49,Major,,North,"Automobile, Station Wagon",Going Ahead,Driving Properly,Normal,,,,,,,,,Yes,,,,,Yes,,,,Yes,,3,Thistletown-Beaumond Heights,3,Thistletown-Beaumond Heights (3),D23,615299.61894401,4844345.40888723
3461,7883708,1384076,9/29/2013 4:00:00 AM,1939,ISLINGTON Ave,BEAUMONDE HEIGHTS Dr,,Major Arterial,Etobicoke York,43.743189,-79.568057,,No Control,Clear,"Dark, artificial",Dry,Non-Fatal Injury,Approaching,Driver,45 to 49,Major,,South,"Automobile, Station Wagon",Going Ahead,Lost control,"Ability Impaired, Alcohol Over .08",,,,,,,,,Yes,,,,,Yes,,,,Yes,,3,Thistletown-Beaumond Heights,3,Thistletown-Beaumond Heights (3),D23,615299.61894401,4844345.40888723
3462,7883709,1384076,9/29/2013 4:00:00 AM,1939,ISLINGTON Ave,BEAUMONDE HEIGHTS Dr,,Major Arterial,Etobicoke York,43.743189,-79.568057,,No Control,Clear,"Dark, artificial",Dry,Non-Fatal Injury,Approaching,Vehicle Owner,unknown,,,,Other,,,,,,,,,,,,Yes,,,,,Yes,,,,Yes,,3,Thistletown-Beaumond Heights,3,Thistletown-Beaumond Heights (3),D23,615299.61894401,4844345.40888723
3463,7887166,1385611,9/30/2013 4:00:00 AM,857,LAKE SHORE BLVD W,NET DR,,Major Arterial,Toronto and East York,43.634032,-79.438045,,No Control,Clear,Daylight,Dry,Fatal,Turning Movement,Vehicle Owner,unknown,,,,,,,,,,,,,,,,Yes,,,,,Yes,,,,,,85,South Parkdale,85,South Parkdale (85),D14,625996.576229008,4832411.18856429
3464,7887167,1385611,9/30/2013 4:00:00 AM,857,LAKE SHORE BLVD W,NET DR,,Major Arterial,Toronto and East York,43.634032,-79.438045,,No Control,Clear,Daylight,Dry,Fatal,Turning Movement,Driver,20 to 24,None,,West,"Automobile, Station Wagon",Turning Left,Improper Turn,Normal,,,,,,,,,Yes,,,,,Yes,,,,,,85,South Parkdale,85,South Parkdale (85),D14,625996.576229008,4832411.18856429
3465,7887168,1385611,9/30/2013 4:00:00 AM,857,LAKE SHORE BLVD W,NET DR,,Major Arterial,Toronto and East York,43.634032,-79.438045,,No Control,Clear,Daylight,Dry,Fatal,Turning Movement,Vehicle Owner,unknown,,,,,,,,,,,,,,,,Yes,,,,,Yes,,,,,,85,South Parkdale,85,South Parkdale (85),D14,625996.576229008,4832411.18856429
3466,7887169,1385611,9/30/2013 4:00:00 AM,857,LAKE SHORE BLVD W,NET DR,,Major Arterial,Toronto and East York,43.634032,-79.438045,,No Control,Clear,Daylight,Dry,Fatal,Turning Movement,Passenger,55 to 59,Fatal,46,,,,,,,,,,,,,,Yes,,,,,Yes,,,,,,85,South Parkdale,85,South Parkdale (85),D14,625996.576229008,4832411.18856429
3467,7887170,1385611,9/30/2013 4:00:00 AM,857,LAKE SHORE BLVD W,NET DR,,Major Arterial,Toronto and East York,43.634032,-79.438045,,No Control,Clear,Daylight,Dry,Fatal,Turning Movement,Driver,35 to 39,None,,East,"Automobile, Station Wagon",Going Ahead,Driving Properly,Normal,,,,,,,,,Yes,,,,,Yes,,,,,,85,South Parkdale,85,South Parkdale (85),D14,625996.576229008,4832411.18856429
3468,7889716,1386536,10/5/2013 4:00:00 AM,1922,4750 DUFFERIN ST,,,Major Arterial,North York,43.776274,-79.468707,,No Control,Clear,Dark,Dry,Non-Fatal Injury,Turning Movement,Motorcycle Passenger,50 to 54,Minor,,,,,,,,,,,,,,,Yes,Yes,,,,Yes,,Yes,,,,34,Bathurst Manor,34,Bathurst Manor (34),D32,623231.374052662,4848163.0541607
3469,7889717,1386536,10/5/2013 4:00:00 AM,1922,4750 DUFFERIN ST,,,Major Arterial,North York,43.776274,-79.468707,,No Control,Clear,Dark,Dry,Non-Fatal Injury,Turning Movement,Motorcycle Driver,25 to 29,Major,,South,Motorcycle,Going Ahead,Driving Properly,Normal,,,,,,,,,Yes,Yes,,,,Yes,,Yes,,,,34,Bathurst Manor,34,Bathurst Manor (34),D32,623231.374052662,4848163.0541607
3470,7889718,1386536,10/5/2013 4:00:00 AM,1922,4750 DUFFERIN ST,,,Major Arterial,North York,43.776274,-79.468707,,No Control,Clear,Dark,Dry,Non-Fatal Injury,Turning Movement,Driver,55 to 59,None,,North,"Automobile, Station Wagon",Turning Left,Failed to Yield Right of Way,Normal,,,,,,,,,Yes,Yes,,,,Yes,,Yes,,,,34,Bathurst Manor,34,Bathurst Manor (34),D32,623231.374052662,4848163.0541607
3471,7871584,1379013,10/5/2013 4:00:00 AM,1945,FINCH AVE W,WILMINGTON AVE,,Major Arterial,North York,43.771441,-79.455066,,No Control,Clear,"Dark, artificial",Dry,Fatal,Pedestrian Collisions,Passenger,50 to 54,None,,,,,,,,,,,,,Yes,,Yes,,,,,Yes,,,,,,35,Westminster-Branson,35,Westminster-Branson (35),D32,624339.163235419,4847646.66971961
3472,7871585,1379013,10/5/2013 4:00:00 AM,1945,FINCH AVE W,WILMINGTON AVE,,Major Arterial,North York,43.771441,-79.455066,,No Control,Clear,"Dark, artificial",Dry,Fatal,Pedestrian Collisions,Driver,55 to 59,None,,West,Passenger Van,Going Ahead,Driving Properly,Normal,,,,,,,Yes,,Yes,,,,,Yes,,,,,,35,Westminster-Branson,35,Westminster-Branson (35),D32,624339.163235419,4847646.66971961
3473,7871586,1379013,10/5/2013 4:00:00 AM,1945,FINCH AVE W,WILMINGTON AVE,,Major Arterial,North York,43.771441,-79.455066,,No Control,Clear,"Dark, artificial",Dry,Fatal,Pedestrian Collisions,Pedestrian,70 to 74,Fatal,45,South,,,,,Pedestrian hit at mid-block,Running onto Roadway,Unknown,,,,Yes,,Yes,,,,,Yes,,,,,,35,Westminster-Branson,35,Westminster-Branson (35),D32,624339.163235419,4847646.66971961
3474,7877869,1381694,10/8/2013 4:00:00 AM,1130,O CONNOR Dr,SUNRISE Ave,,Major Arterial,Toronto and East York,43.718432,-79.304561,,No Control,Clear,Daylight,Dry,Non-Fatal Injury,Other,Passenger,65 to 69,Major,,,Other,,,,,,,,,,,,Yes,,,Yes,,Yes,,,,,,43,Victoria Village,43,Victoria Village (43),D55,636572.702735305,4841996.24294312
3475,7877870,1381694,10/8/2013 4:00:00 AM,1130,O CONNOR Dr,SUNRISE Ave,,Major Arterial,Toronto and East York,43.718432,-79.304561,,No Control,Clear,Daylight,Dry,Non-Fatal Injury,Other,Vehicle Owner,unknown,,,,Other,,,,,,,,,,,,Yes,,,Yes,,Yes,,,,,,43,Victoria Village,43,Victoria Village (43),D55,636572.702735305,4841996.24294312
3476,7877871,1381694,10/8/2013 4:00:00 AM,1130,O CONNOR Dr,SUNRISE Ave,,Major Arterial,Toronto and East York,43.718432,-79.304561,,No Control,Clear,Daylight,Dry,Non-Fatal Injury,Other,Driver,50 to 54,None,,North,Municipal Transit Bus (TTC),Slowing or Stopping,Driving Properly,Unknown,,,,,,,,,Yes,,,Yes,,Yes,,,,,,43,Victoria Village,43,Victoria Village (43),D55,636572.702735305,4841996.24294312
3477,7877872,1381694,10/8/2013 4:00:00 AM,1130,O CONNOR Dr,SUNRISE Ave,,Major Arterial,Toronto and East York,43.718432,-79.304561,,No Control,Clear,Daylight,Dry,Non-Fatal Injury,Other,Driver,unknown,None,,North,Taxi,Making U Turn,Improper Turn,Unknown,,,,,,,,,Yes,,,Yes,,Yes,,,,,,43,Victoria Village,43,Victoria Village (43),D55,636572.702735305,4841996.24294312
3478,7875611,1380760,10/8/2013 4:00:00 AM,2115,STEELES AVE E,TURFF  AVE,,Major Arterial,Scarborough,43.824481,-79.303623,,No Control,Clear,Dark,Dry,Fatal,Pedestrian Collisions,Passenger,20 to 24,None,,,,,,,,,,,,,Yes,,Yes,,,,,Yes,,,,,,130,Milliken,130,Milliken (130),D42,636406.948226567,4853776.17254375
3479,7875612,1380760,10/8/2013 4:00:00 AM,2115,STEELES AVE E,TURFF  AVE,,Major Arterial,Scarborough,43.824481,-79.303623,,No Control,Clear,Dark,Dry,Fatal,Pedestrian Collisions,Driver,20 to 24,None,,West,"Automobile, Station Wagon",Going Ahead,Driving Properly,Normal,,,,,,,Yes,,Yes,,,,,Yes,,,,,,130,Milliken,130,Milliken (130),D42,636406.948226567,4853776.17254375
3480,7875613,1380760,10/8/2013 4:00:00 AM,2115,STEELES AVE E,TURFF  AVE,,Major Arterial,Scarborough,43.824481,-79.303623,,No Control,Clear,Dark,Dry,Fatal,Pedestrian Collisions,Pedestrian,80 to 84,Fatal,47,North,,,,,Pedestrian hit at mid-block,"Crossing, no Traffic Control",Normal,,,,Yes,,Yes,,,,,Yes,,,,,,130,Milliken,130,Milliken (130),D42,636406.948226567,4853776.17254375
3481,7873218,1379704,10/9/2013 4:00:00 AM,245,SHEPPARD Ave W,SEELEY Dr,,Major Arterial,North York,43.743098,-79.494228,,No Control,Clear,"Dark, artificial",Dry,Non-Fatal Injury,SMV Other,Passenger,20 to 24,Minor,,,Other,,,,,,,,,,,,Yes,,,,,Yes,Yes,Yes,,,,155,Downsview,26,Downsview-Roding-CFB (26),D31,621244.536622304,4844440.69969366
3482,7873219,1379704,10/9/2013 4:00:00 AM,245,SHEPPARD Ave W,SEELEY Dr,,Major Arterial,North York,43.743098,-79.494228,,No Control,Clear,"Dark, artificial",Dry,Non-Fatal Injury,SMV Other,Driver,20 to 24,Major,,West,"Automobile, Station Wagon",Going Ahead,Speed too Fast For Condition,Had Been Drinking,,,,,,,,,Yes,,,,,Yes,Yes,Yes,,,,155,Downsview,26,Downsview-Roding-CFB (26),D31,621244.536622304,4844440.69969366
3483,7889861,1386590,10/9/2013 4:00:00 AM,1658,SECORD AVE,BARRINGTON AVE,,Collector,Toronto and East York,43.692603,-79.302364,,Stop Sign,Clear,Daylight,Dry,Non-Fatal Injury,Pedestrian Collisions,Passenger,0 to 4,None,,,Other,,,,,,,,,,Yes,,Yes,,,,,Yes,,Yes,,,,61,Taylor-Massey,61,Taylor-Massey (61),D55,636808.425813263,4839131.18552724
3484,7889862,1386590,10/9/2013 4:00:00 AM,1658,SECORD AVE,BARRINGTON AVE,,Collector,Toronto and East York,43.692603,-79.302364,,Stop Sign,Clear,Daylight,Dry,Non-Fatal Injury,Pedestrian Collisions,Passenger,20 to 24,None,,,Other,,,,,,,,,,Yes,,Yes,,,,,Yes,,Yes,,,,61,Taylor-Massey,61,Taylor-Massey (61),D55,636808.425813263,4839131.18552724
3485,7889863,1386590,10/9/2013 4:00:00 AM,1658,SECORD AVE,BARRINGTON AVE,,Collector,Toronto and East York,43.692603,-79.302364,,Stop Sign,Clear,Daylight,Dry,Non-Fatal Injury,Pedestrian Collisions,Driver,20 to 24,None,,West,"Automobile, Station Wagon",Going Ahead,Failed to Yield Right of Way,Inattentive,,,,,,,Yes,,Yes,,,,,Yes,,Yes,,,,61,Taylor-Massey,61,Taylor-Massey (61),D55,636808.425813263,4839131.18552724
3486,7889864,1386590,10/9/2013 4:00:00 AM,1658,SECORD AVE,BARRINGTON AVE,,Collector,Toronto and East York,43.692603,-79.302364,,Stop Sign,Clear,Daylight,Dry,Non-Fatal Injury,Pedestrian Collisions,Pedestrian,40 to 44,Major,,North,Other,,,,Vehicle is going straight thru inter.while ped cross with ROW,Crossing with right of way,Normal,,,,Yes,,Yes,,,,,Yes,,Yes,,,,61,Taylor-Massey,61,Taylor-Massey (61),D55,636808.425813263,4839131.18552724
3487,7874701,1380363,10/12/2013 4:00:00 AM,1055,MOUNT PLEASANT Rd,BALLIOL St,,Local,North York,43.699385,-79.386318,,No Control,Clear,Daylight,Dry,Non-Fatal Injury,SMV Other,Vehicle Owner,unknown,,,,Other,,,,,,,,,,,,Yes,,,,,Yes,,,,,Yes,99,Mount Pleasant East,99,Mount Pleasant East (99),D53,630028.042694208,4839749.32922125
3488,7874702,1380363,10/12/2013 4:00:00 AM,1055,MOUNT PLEASANT Rd,BALLIOL St,,Local,North York,43.699385,-79.386318,,No Control,Clear,Daylight,Dry,Non-Fatal Injury,SMV Other,Passenger,25 to 29,None,,,Other,,,,,,,,,,,,Yes,,,,,Yes,,,,,Yes,99,Mount Pleasant East,99,Mount Pleasant East (99),D53,630028.042694208,4839749.32922125
3489,7874703,1380363,10/12/2013 4:00:00 AM,1055,MOUNT PLEASANT Rd,BALLIOL St,,Local,North York,43.699385,-79.386318,,No Control,Clear,Daylight,Dry,Non-Fatal Injury,SMV Other,Driver,60 to 64,Major,,East,"Automobile, Station Wagon",Going Ahead,Lost control,Medical or Physical Disability,,,,,,,,,Yes,,,,,Yes,,,,,Yes,99,Mount Pleasant East,99,Mount Pleasant East (99),D53,630028.042694208,4839749.32922125
3490,7891756,1387287,10/13/2013 4:00:00 AM,1331,SHEPPARD Ave W,SENTINEL Rd,,Major Arterial,North York,43.743838,-79.490878,,No Control,Rain,Daylight,Wet,Non-Fatal Injury,Rear End,Driver,40 to 44,Major,,East,"Automobile, Station Wagon",Making U Turn,Improper Turn,Inattentive,,,,,,,,,Yes,,,,,Yes,,,,,,155,Downsview,26,Downsview-Roding-CFB (26),D31,621512.783159296,4844527.79557818
3491,7891757,1387287,10/13/2013 4:00:00 AM,1331,SHEPPARD Ave W,SENTINEL Rd,,Major Arterial,North York,43.743838,-79.490878,,No Control,Rain,Daylight,Wet,Non-Fatal Injury,Rear End,Passenger,5 to 9,Major,,,Other,,,,,,,,,,,,Yes,,,,,Yes,,,,,,155,Downsview,26,Downsview-Roding-CFB (26),D31,621512.783159296,4844527.79557818
3492,7891758,1387287,10/13/2013 4:00:00 AM,1331,SHEPPARD Ave W,SENTINEL Rd,,Major Arterial,North York,43.743838,-79.490878,,No Control,Rain,Daylight,Wet,Non-Fatal Injury,Rear End,Passenger,10 to 14,Major,,,Other,,,,,,,,,,,,Yes,,,,,Yes,,,,,,155,Downsview,26,Downsview-Roding-CFB (26),D31,621512.783159296,4844527.79557818
3493,7891759,1387287,10/13/2013 4:00:00 AM,1331,SHEPPARD Ave W,SENTINEL Rd,,Major Arterial,North York,43.743838,-79.490878,,No Control,Rain,Daylight,Wet,Non-Fatal Injury,Rear End,Passenger,40 to 44,Major,,,Other,,,,,,,,,,,,Yes,,,,,Yes,,,,,,155,Downsview,26,Downsview-Roding-CFB (26),D31,621512.783159296,4844527.79557818
3494,7891760,1387287,10/13/2013 4:00:00 AM,1331,SHEPPARD Ave W,SENTINEL Rd,,Major Arterial,North York,43.743838,-79.490878,,No Control,Rain,Daylight,Wet,Non-Fatal Injury,Rear End,Driver,50 to 54,Major,,East,"Automobile, Station Wagon",Going Ahead,Driving Properly,Normal,,,,,,,,,Yes,,,,,Yes,,,,,,155,Downsview,26,Downsview-Roding-CFB (26),D31,621512.783159296,4844527.79557818
3495,7887927,1385893,10/20/2013 4:00:00 AM,2014,SHALLMAR BLVD,BATHURST ST,,Major Arterial,North York,43.704264,-79.426135,,No Control,Clear,"Dark, artificial",Dry,Non-Fatal Injury,Pedestrian Collisions,Pedestrian,50 to 54,Major,,South,Other,,,,Vehicle turns left while ped crosses with ROW at inter.,Crossing with right of way,Had Been Drinking,,,,Yes,,Yes,,,,,Yes,,Yes,,,,102,Forest Hill North,102,Forest Hill North (102),D53,626809.331703078,4840229.53541058