OBJECTID,INDEX,ACCNUM,DATE,TIME,STREET1,STREET2,OFFSET,ROAD_CLASS,DISTRICT,LATITUDE,LONGITUDE,ACCLOC,TRAFFCTL,VISIBILITY,LIGHT,RDSFCOND,ACCLASS,IMPACTYPE,INVTYPE,INVAGE,INJURY,FATAL_NO,INITDIR,VEHTYPE,MANOEUVER,DRIVACT,DRIVCOND,PEDTYPE,PEDACT,PEDCOND,CYCLISTYPE,CYCACT,CYCCOND,PEDESTRIAN,CYCLIST,AUTOMOBILE,MOTORCYCLE,TRUCK,TRSN_CITY_VEH,EMERG_VEH,PASSENGER,SPEEDING,AG_DRIV,REDLIGHT,ALCOHOL,DISABILITY,HOOD_158,NEIGHBOURHOOD_158,HOOD_140,NEIGHBOURHOOD_140,DIVISION,x,y
3496,7887928,1385893,10/20/2013 4:00:00 AM,2014,SHALLMAR BLVD,BATHURST ST,,Major Arterial,North York,43.704264,-79.426135,,No Control,Clear,"Dark, artificial",Dry,Non-Fatal Injury,Pedestrian Collisions,Passenger,85 to 89,None,,,Other,,,,,,,,,,Yes,,Yes,,,,,Yes,,Yes,,,,102,Forest Hill North,102,Forest Hill North (102),D53,626809.331703078,4840229.53541058
3497,7887929,1385893,10/20/2013 4:00:00 AM,2014,SHALLMAR BLVD,BATHURST ST,,Major Arterial,North York,43.704264,-79.426135,,No Control,Clear,"Dark, artificial",Dry,Non-Fatal Injury,Pedestrian Collisions,Driver,80 to 84,None,,South,"Automobile, Station Wagon",Turning Left,Failed to Yield Right of Way,Inattentive,,,,,,,Yes,,Yes,,,,,Yes,,Yes,,,,102,Forest Hill North,102,Forest Hill North (102),D53,626809.331703078,4840229.53541058
3498,7883023,1383802,10/29/2013 4:00:00 AM,1130,DUNDAS ST W,ROYAL YORK RD,,Major Arterial,Etobicoke York,43.658003,-79.517085,,No Control,Clear,Daylight,Dry,Non-Fatal Injury,SMV Other,Passenger,65 to 69,None,,,Other,,,,,,,,,,,,Yes,,,,,Yes,,,,,Yes,15,Kingsway South,15,Kingsway South (15),D22,619573.114557249,4834956.53862538
3499,7883024,1383802,10/29/2013 4:00:00 AM,1130,DUNDAS ST W,ROYAL YORK RD,,Major Arterial,Etobicoke York,43.658003,-79.517085,,No Control,Clear,Daylight,Dry,Non-Fatal Injury,SMV Other,Driver,80 to 84,Major,,West,"Automobile, Station Wagon",Going Ahead,Lost control,Medical or Physical Disability,,,,,,,,,Yes,,,,,Yes,,,,,Yes,15,Kingsway South,15,Kingsway South (15),D22,619573.114557249,4834956.53862538
3500,7894764,1388364,10/29/2013 4:00:00 AM,1525,DON MILLS Rd,DON VALLEY PARKWAY  S,,Major Arterial,Toronto and East York,43.700644,-79.337688,,No Control,Clear,Daylight,Dry,Non-Fatal Injury,Approaching,Passenger,30 to 34,Major,,,Other,,,,,,,,,,,,Yes,,,,,Yes,,,,,,58,Old East York,58,Old East York (58),D55,633943.812365452,4839966.57591753
3501,7894765,1388364,10/29/2013 4:00:00 AM,1525,DON MILLS Rd,DON VALLEY PARKWAY  S,,Major Arterial,Toronto and East York,43.700644,-79.337688,,No Control,Clear,Daylight,Dry,Non-Fatal Injury,Approaching,Driver,55 to 59,Major,,South,"Automobile, Station Wagon",Going Ahead,Driving Properly,Normal,,,,,,,,,Yes,,,,,Yes,,,,,,58,Old East York,58,Old East York (58),D55,633943.812365452,4839966.57591753
3502,7894766,1388364,10/29/2013 4:00:00 AM,1525,DON MILLS Rd,DON VALLEY PARKWAY  S,,Major Arterial,Toronto and East York,43.700644,-79.337688,,No Control,Clear,Daylight,Dry,Non-Fatal Injury,Approaching,Driver,35 to 39,Major,,North,"Automobile, Station Wagon",Going Ahead,Lost control,Inattentive,,,,,,,,,Yes,,,,,Yes,,,,,,58,Old East York,58,Old East York (58),D55,633943.812365452,4839966.57591753
3503,7894898,1388412,11/3/2013 4:00:00 AM,920,THE DONWAY  W,LAWRENCE AVE E,,Minor Arterial,North York,43.738459,-79.347087,,No Control,Clear,Daylight,Dry,Non-Fatal Injury,SMV Other,Passenger,25 to 29,Major,,,Other,,,,,,,,,,,,Yes,,,,,Yes,Yes,Yes,,,,42,Banbury-Don Mills,42,Banbury-Don Mills (42),D33,633102.700813581,4844151.33579305
3504,7894899,1388412,11/3/2013 4:00:00 AM,920,THE DONWAY  W,LAWRENCE AVE E,,Minor Arterial,North York,43.738459,-79.347087,,No Control,Clear,Daylight,Dry,Non-Fatal Injury,SMV Other,Driver,20 to 24,Minor,,North,"Automobile, Station Wagon",Going Ahead,Exceeding Speed Limit,Inattentive,,,,,,,,,Yes,,,,,Yes,Yes,Yes,,,,42,Banbury-Don Mills,42,Banbury-Don Mills (42),D33,633102.700813581,4844151.33579305
3505,7894900,1388412,11/3/2013 4:00:00 AM,920,THE DONWAY  W,LAWRENCE AVE E,,Minor Arterial,North York,43.738459,-79.347087,,No Control,Clear,Daylight,Dry,Non-Fatal Injury,SMV Other,Other Property Owner,unknown,,,,Other,,,,,,,,,,,,Yes,,,,,Yes,Yes,Yes,,,,42,Banbury-Don Mills,42,Banbury-Don Mills (42),D33,633102.700813581,4844151.33579305
3506,7895003,1388451,11/4/2013 5:00:00 AM,2009,YONGE St,DAVISVILLE Ave,,Major Arterial,Toronto and East York,43.698291,-79.396632,,No Control,Clear,"Dawn, artificial",Dry,Non-Fatal Injury,Rear End,Passenger,65 to 69,Major,,,Other,,,,,,,,,,,,Yes,,,,,Yes,,Yes,,,,174,South Eglinton-Davisville,104,Mount Pleasant West (104),D53,629199.297640768,4839611.70139777
3507,7895004,1388451,11/4/2013 5:00:00 AM,2009,YONGE St,DAVISVILLE Ave,,Major Arterial,Toronto and East York,43.698291,-79.396632,,No Control,Clear,"Dawn, artificial",Dry,Non-Fatal Injury,Rear End,Passenger,75 to 79,Major,,,Other,,,,,,,,,,,,Yes,,,,,Yes,,Yes,,,,174,South Eglinton-Davisville,104,Mount Pleasant West (104),D53,629199.297640768,4839611.70139777
3508,7895005,1388451,11/4/2013 5:00:00 AM,2009,YONGE St,DAVISVILLE Ave,,Major Arterial,Toronto and East York,43.698291,-79.396632,,No Control,Clear,"Dawn, artificial",Dry,Non-Fatal Injury,Rear End,Driver,30 to 34,None,,South,"Automobile, Station Wagon",Going Ahead,Driving Properly,Normal,,,,,,,,,Yes,,,,,Yes,,Yes,,,,174,South Eglinton-Davisville,104,Mount Pleasant West (104),D53,629199.297640768,4839611.70139777
3509,7895006,1388451,11/4/2013 5:00:00 AM,2009,YONGE St,DAVISVILLE Ave,,Major Arterial,Toronto and East York,43.698291,-79.396632,,No Control,Clear,"Dawn, artificial",Dry,Non-Fatal Injury,Rear End,Driver,30 to 34,None,,South,"Automobile, Station Wagon",Going Ahead,Following too Close,Normal,,,,,,,,,Yes,,,,,Yes,,Yes,,,,174,South Eglinton-Davisville,104,Mount Pleasant West (104),D53,629199.297640768,4839611.70139777
3510,80197579,3000936141,11/8/2013 5:00:00 AM,1813,QUEEN ST W,RONCESVALLES AVE,,Major Arterial,Toronto and East York,43.638579,-79.44688,Non Intersection,No Control,Clear,"Dark, artificial",Dry,Non-Fatal Injury,SMV Other,Driver,55 to 59,None,,West,Passenger Van,Going Ahead,Lost control,Normal,,,,,,,,,Yes,,,,,Yes,,,,,,87,High Park-Swansea,87,High Park-Swansea (87),D11,625274.436806029,4832902.81838092
3511,80197580,3000936141,11/8/2013 5:00:00 AM,1813,QUEEN ST W,RONCESVALLES AVE,,Major Arterial,Toronto and East York,43.638579,-79.44688,Non Intersection,No Control,Clear,"Dark, artificial",Dry,Non-Fatal Injury,SMV Other,Passenger,65 to 69,Major,,,,,,,,,,,,,,,Yes,,,,,Yes,,,,,,87,High Park-Swansea,87,High Park-Swansea (87),D11,625274.436806029,4832902.81838092
3512,3738220,977199,11/15/2013 5:00:00 AM,1440,64 ST CLAIR AVE W,,,Major Arterial,Toronto and East York,43.68751,-79.396922,,No Control,Clear,Daylight,Dry,Fatal,Pedestrian Collisions,Passenger,unknown,None,,,,,,,,,,,,,Yes,,Yes,,,Yes,,Yes,,,,,,97,Yonge-St.Clair,97,Yonge-St.Clair (97),D53,629199.077838766,4838413.87027918
3513,3738221,977199,11/15/2013 5:00:00 AM,1440,64 ST CLAIR AVE W,,,Major Arterial,Toronto and East York,43.68751,-79.396922,,No Control,Clear,Daylight,Dry,Fatal,Pedestrian Collisions,Passenger,unknown,None,,,,,,,,,,,,,Yes,,Yes,,,Yes,,Yes,,,,,,97,Yonge-St.Clair,97,Yonge-St.Clair (97),D53,629199.077838766,4838413.87027918
3514,3738222,977199,11/15/2013 5:00:00 AM,1440,64 ST CLAIR AVE W,,,Major Arterial,Toronto and East York,43.68751,-79.396922,,No Control,Clear,Daylight,Dry,Fatal,Pedestrian Collisions,Pedestrian,80 to 84,Fatal,53,South,,,,,Pedestrian involved in a collision with transit vehicle anywhere along roadway,"Crossing, no Traffic Control",Inattentive,,,,Yes,,Yes,,,Yes,,Yes,,,,,,97,Yonge-St.Clair,97,Yonge-St.Clair (97),D53,629199.077838766,4838413.87027918
3515,7541892,977199,11/15/2013 5:00:00 AM,1440,64 ST CLAIR AVE W,,,Major Arterial,Toronto and East York,43.68751,-79.396922,,No Control,Clear,Daylight,Dry,Fatal,Pedestrian Collisions,Passenger,35 to 39,None,,,,,,,,,,,,,Yes,,Yes,,,Yes,,Yes,,,,,,97,Yonge-St.Clair,97,Yonge-St.Clair (97),D53,629199.077838766,4838413.87027918
3516,7541893,977199,11/15/2013 5:00:00 AM,1440,64 ST CLAIR AVE W,,,Major Arterial,Toronto and East York,43.68751,-79.396922,,No Control,Clear,Daylight,Dry,Fatal,Pedestrian Collisions,Driver,25 to 29,None,,West,Street Car,Going Ahead,Driving Properly,Normal,,,,,,,Yes,,Yes,,,Yes,,Yes,,,,,,97,Yonge-St.Clair,97,Yonge-St.Clair (97),D53,629199.077838766,4838413.87027918
3517,7541894,977199,11/15/2013 5:00:00 AM,1440,64 ST CLAIR AVE W,,,Major Arterial,Toronto and East York,43.68751,-79.396922,,No Control,Clear,Daylight,Dry,Fatal,Pedestrian Collisions,Driver,40 to 44,None,,West,"Automobile, Station Wagon",Going Ahead,Driving Properly,Normal,,,,,,,Yes,,Yes,,,Yes,,Yes,,,,,,97,Yonge-St.Clair,97,Yonge-St.Clair (97),D53,629199.077838766,4838413.87027918
3518,80198008,3000983486,11/16/2013 5:00:00 AM,1516,FAIRFAX CR,WARDEN AV,,Major Arterial,Scarborough,43.71617,-79.282756,At Intersection,Traffic Signal,Clear,Daylight,Dry,Non-Fatal Injury,Turning Movement,Driver,75 to 79,Major,,North,"Automobile, Station Wagon",Turning Left,Failed to Yield Right of Way,Normal,,,,,,,,,Yes,,,,,Yes,Yes,Yes,,,,120,Clairlea-Birchmount,120,Clairlea-Birchmount (120),D41,638334.386609286,4841781.17792443
3519,80198009,3000983486,11/16/2013 5:00:00 AM,1516,FAIRFAX CR,WARDEN AV,,Major Arterial,Scarborough,43.71617,-79.282756,At Intersection,Traffic Signal,Clear,Daylight,Dry,Non-Fatal Injury,Turning Movement,Driver,40 to 44,None,,South,Pick Up Truck,Going Ahead,Driving Properly,Normal,,,,,,,,,Yes,,,,,Yes,Yes,Yes,,,,120,Clairlea-Birchmount,120,Clairlea-Birchmount (120),D41,638334.386609286,4841781.17792443
3520,80198010,3000983486,11/16/2013 5:00:00 AM,1516,FAIRFAX CR,WARDEN AV,,Major Arterial,Scarborough,43.71617,-79.282756,At Intersection,Traffic Signal,Clear,Daylight,Dry,Non-Fatal Injury,Turning Movement,Passenger,60 to 64,None,,,,,,,,,,,,,,,Yes,,,,,Yes,Yes,Yes,,,,120,Clairlea-Birchmount,120,Clairlea-Birchmount (120),D41,638334.386609286,4841781.17792443
3521,80198087,3000989119,11/17/2013 5:00:00 AM,1506,MEADOWVALE RD,DEAN PARK  RD,,Minor Arterial,Scarborough,43.804213,-79.168781,At Intersection,Traffic Signal,Clear,Daylight,Dry,Non-Fatal Injury,Angle,Driver,60 to 64,Major,,South,"Automobile, Station Wagon",Going Ahead,Disobeyed Traffic Control,Inattentive,,,,,,,,,Yes,,,,,Yes,,Yes,Yes,,,143,West Rouge,131,Rouge (131),D42,647299.649541878,4851756.2800877
3522,80198088,3000989119,11/17/2013 5:00:00 AM,1506,MEADOWVALE RD,DEAN PARK  RD,,Minor Arterial,Scarborough,43.804213,-79.168781,At Intersection,Traffic Signal,Clear,Daylight,Dry,Non-Fatal Injury,Angle,Driver,25 to 29,None,,West,Passenger Van,Going Ahead,Driving Properly,Normal,,,,,,,,,Yes,,,,,Yes,,Yes,Yes,,,143,West Rouge,131,Rouge (131),D42,647299.649541878,4851756.2800877
3523,80198089,3000989119,11/17/2013 5:00:00 AM,1506,MEADOWVALE RD,DEAN PARK  RD,,Minor Arterial,Scarborough,43.804213,-79.168781,At Intersection,Traffic Signal,Clear,Daylight,Dry,Non-Fatal Injury,Angle,Passenger,0 to 4,None,,,,,,,,,,,,,,,Yes,,,,,Yes,,Yes,Yes,,,143,West Rouge,131,Rouge (131),D42,647299.649541878,4851756.2800877
3524,80145123,3000996799,11/18/2013 5:00:00 AM,2035,BATHURST ST,FRONTENAC AVE,,Major Arterial,North York,43.716799,-79.42921,Non Intersection,No Control,Clear,"Dark, artificial",Dry,Non-Fatal Injury,SMV Other,Driver,20 to 24,Minimal,,South,"Automobile, Station Wagon",Other,Lost control,"Ability Impaired, Alcohol",,,,,,,,,Yes,,,,,Yes,,,,Yes,,39,Bedford Park-Nortown,39,Bedford Park-Nortown (39),D53,626535.189796319,4841617.02466468
3525,80145124,3000996799,11/18/2013 5:00:00 AM,2035,BATHURST ST,FRONTENAC AVE,,Major Arterial,North York,43.716799,-79.42921,Non Intersection,No Control,Clear,"Dark, artificial",Dry,Non-Fatal Injury,SMV Other,Passenger,30 to 34,Major,,,,,,,,,,,,,,,Yes,,,,,Yes,,,,Yes,,39,Bedford Park-Nortown,39,Bedford Park-Nortown (39),D53,626535.189796319,4841617.02466468
3526,80198191,3001000463,11/19/2013 5:00:00 AM,1327,MOUNT PLEASANT RD,TED ROGERS WAY,,Major Arterial,Toronto and East York,43.669963,-79.379894,Intersection Related,Traffic Signal,Clear,Daylight,Dry,Non-Fatal Injury,Rear End,Driver,45 to 49,None,,West,"Automobile, Station Wagon",Going Ahead,Following too Close,Inattentive,,,,,,,,,Yes,,,,,Yes,,Yes,,,,74,North St.James Town,74,North St.James Town (74),D51,630609.519818134,4836491.70689657
3527,80198192,3001000463,11/19/2013 5:00:00 AM,1327,MOUNT PLEASANT RD,TED ROGERS WAY,,Major Arterial,Toronto and East York,43.669963,-79.379894,Intersection Related,Traffic Signal,Clear,Daylight,Dry,Non-Fatal Injury,Rear End,Driver,65 to 69,None,,West,"Automobile, Station Wagon",Going Ahead,Driving Properly,Normal,,,,,,,,,Yes,,,,,Yes,,Yes,,,,74,North St.James Town,74,North St.James Town (74),D51,630609.519818134,4836491.70689657
3528,80198193,3001000463,11/19/2013 5:00:00 AM,1327,MOUNT PLEASANT RD,TED ROGERS WAY,,Major Arterial,Toronto and East York,43.669963,-79.379894,Intersection Related,Traffic Signal,Clear,Daylight,Dry,Non-Fatal Injury,Rear End,Driver,35 to 39,None,,West,"Automobile, Station Wagon",Going Ahead,Driving Properly,Normal,,,,,,,,,Yes,,,,,Yes,,Yes,,,,74,North St.James Town,74,North St.James Town (74),D51,630609.519818134,4836491.70689657
3529,80198194,3001000463,11/19/2013 5:00:00 AM,1327,MOUNT PLEASANT RD,TED ROGERS WAY,,Major Arterial,Toronto and East York,43.669963,-79.379894,Intersection Related,Traffic Signal,Clear,Daylight,Dry,Non-Fatal Injury,Rear End,Passenger,40 to 44,Major,,,,,,,,,,,,,,,Yes,,,,,Yes,,Yes,,,,74,North St.James Town,74,North St.James Town (74),D51,630609.519818134,4836491.70689657
3530,80198195,3001000463,11/19/2013 5:00:00 AM,1327,MOUNT PLEASANT RD,TED ROGERS WAY,,Major Arterial,Toronto and East York,43.669963,-79.379894,Intersection Related,Traffic Signal,Clear,Daylight,Dry,Non-Fatal Injury,Rear End,Passenger,60 to 64,Minor,,,,,,,,,,,,,,,Yes,,,,,Yes,,Yes,,,,74,North St.James Town,74,North St.James Town (74),D51,630609.519818134,4836491.70689657
3531,80198600,3001029733,11/24/2013 5:00:00 AM,1018,EGLINTON AVE E,OSWEGO RD,,Major Arterial,Scarborough,43.737418,-79.244701,Non Intersection,No Control,Clear,Daylight,Dry,Fatal,Approaching,Driver,40 to 44,None,,West,"Automobile, Station Wagon",Changing Lanes,Speed too Fast For Condition,Normal,,,,,,,,,Yes,,,,,Yes,Yes,Yes,,,,138,Eglinton East,138,Eglinton East (138),D43,641349.995064591,4844205.30456899
3532,80198601,3001029733,11/24/2013 5:00:00 AM,1018,EGLINTON AVE E,OSWEGO RD,,Major Arterial,Scarborough,43.737418,-79.244701,Non Intersection,No Control,Clear,Daylight,Dry,Fatal,Approaching,Driver,45 to 49,Minor,,East,"Automobile, Station Wagon",Going Ahead,Driving Properly,Normal,,,,,,,,,Yes,,,,,Yes,Yes,Yes,,,,138,Eglinton East,138,Eglinton East (138),D43,641349.995064591,4844205.30456899
3533,80198602,3001029733,11/24/2013 5:00:00 AM,1018,EGLINTON AVE E,OSWEGO RD,,Major Arterial,Scarborough,43.737418,-79.244701,Non Intersection,No Control,Clear,Daylight,Dry,Fatal,Approaching,Passenger,30 to 34,None,,,,,,,,,,,,,,,Yes,,,,,Yes,Yes,Yes,,,,138,Eglinton East,138,Eglinton East (138),D43,641349.995064591,4844205.30456899
3534,80198604,3001029733,11/24/2013 5:00:00 AM,1018,EGLINTON AVE E,OSWEGO RD,,Major Arterial,Scarborough,43.737418,-79.244701,Non Intersection,No Control,Clear,Daylight,Dry,Fatal,Approaching,Passenger,30 to 34,Fatal,57,,,,,,,,,,,,,,Yes,,,,,Yes,Yes,Yes,,,,138,Eglinton East,138,Eglinton East (138),D43,641349.995064591,4844205.30456899
3535,80198605,3001029733,11/24/2013 5:00:00 AM,1018,EGLINTON AVE E,OSWEGO RD,,Major Arterial,Scarborough,43.737418,-79.244701,Non Intersection,No Control,Clear,Daylight,Dry,Fatal,Approaching,Passenger,35 to 39,Minor,,,,,,,,,,,,,,,Yes,,,,,Yes,Yes,Yes,,,,138,Eglinton East,138,Eglinton East (138),D43,641349.995064591,4844205.30456899
3536,80503925,3001029733,11/24/2013 5:00:00 AM,1018,EGLINTON AVE E,OSWEGO RD,,Major Arterial,Scarborough,43.737418,-79.244701,Non Intersection,No Control,Clear,Daylight,Dry,Fatal,Approaching,Passenger,35 to 39,Minor,,,"Automobile, Station Wagon",,,,,,,,,,,,Yes,,,,,Yes,Yes,Yes,,,,138,Eglinton East,138,Eglinton East (138),D43,641349.995064591,4844205.30456899
3537,80622701,3000108221,12/2/2013 5:00:00 AM,20,BLACK CREEK DR,TRETHEWEY DR,,Major Arterial,Etobicoke York,43.694541,-79.486064,At Intersection,Traffic Signal,Clear,"Dark, artificial",Dry,Non-Fatal Injury,Pedestrian Collisions,Driver,40 to 44,None,,West,"Automobile, Station Wagon",Turning Right,Failed to Yield Right of Way,Inattentive,,,,,,,Yes,,Yes,,,,,Yes,,Yes,,,,112,Beechborough-Greenbrook,112,Beechborough-Greenbrook (112),D12,622000.41246096,4839059.74103154
3538,80622702,3000108221,12/2/2013 5:00:00 AM,20,BLACK CREEK DR,TRETHEWEY DR,,Major Arterial,Etobicoke York,43.694541,-79.486064,At Intersection,Traffic Signal,Clear,"Dark, artificial",Dry,Non-Fatal Injury,Pedestrian Collisions,Passenger,35 to 39,None,,,,,,,,,,,,,Yes,,Yes,,,,,Yes,,Yes,,,,112,Beechborough-Greenbrook,112,Beechborough-Greenbrook (112),D12,622000.41246096,4839059.74103154
3539,80622703,3000108221,12/2/2013 5:00:00 AM,20,BLACK CREEK DR,TRETHEWEY DR,,Major Arterial,Etobicoke York,43.694541,-79.486064,At Intersection,Traffic Signal,Clear,"Dark, artificial",Dry,Non-Fatal Injury,Pedestrian Collisions,Pedestrian,10 to 14,Major,,East,,,,,Vehicle turns right while ped crosses with ROW at inter.,Crossing with right of way,Normal,,,,Yes,,Yes,,,,,Yes,,Yes,,,,112,Beechborough-Greenbrook,112,Beechborough-Greenbrook (112),D12,622000.41246096,4839059.74103154
3540,80199278,3001098840,12/5/2013 5:00:00 AM,1905,LAKE SHORE BLVD W,BATHURST ST,,Major Arterial,Toronto and East York,43.636473,-79.399638,Intersection Related,Traffic Signal,Clear,"Dark, artificial",Dry,Non-Fatal Injury,Turning Movement,Driver,35 to 39,None,,West,"Automobile, Station Wagon",Turning Left,Improper Turn,Normal,,,,,,,,,Yes,Yes,,,,Yes,,,,,,165,Harbourfront-CityPlace,77,Waterfront Communities-The Island (77),D14,629089.518193979,4832741.30595142
3541,80199279,3001098840,12/5/2013 5:00:00 AM,1905,LAKE SHORE BLVD W,BATHURST ST,,Major Arterial,Toronto and East York,43.636473,-79.399638,Intersection Related,Traffic Signal,Clear,"Dark, artificial",Dry,Non-Fatal Injury,Turning Movement,Motorcycle Driver,45 to 49,Major,,East,Motorcycle,Going Ahead,Driving Properly,Normal,,,,,,,,,Yes,Yes,,,,Yes,,,,,,165,Harbourfront-CityPlace,77,Waterfront Communities-The Island (77),D14,629089.518193979,4832741.30595142
3542,80199280,3001098840,12/5/2013 5:00:00 AM,1905,LAKE SHORE BLVD W,BATHURST ST,,Major Arterial,Toronto and East York,43.636473,-79.399638,Intersection Related,Traffic Signal,Clear,"Dark, artificial",Dry,Non-Fatal Injury,Turning Movement,Motorcycle Passenger,25 to 29,Minimal,,,,,,,,,,,,,,,Yes,Yes,,,,Yes,,,,,,165,Harbourfront-CityPlace,77,Waterfront Communities-The Island (77),D14,629089.518193979,4832741.30595142
3543,80682322,3001131937,12/11/2013 5:00:00 AM,1153,CLAREMORE AVE,KINGSTON RD,450 m West o,Minor Arterial,Scarborough,43.699797,-79.257335,Non Intersection,No Control,Clear,Daylight,Dry,Non-Fatal Injury,Sideswipe,Driver,15 to 19,Major,,West,"Automobile, Station Wagon",Changing Lanes,Other,Normal,,,,,,,,,Yes,,,,,Yes,Yes,Yes,,,,122,Birchcliffe-Cliffside,122,Birchcliffe-Cliffside (122),D41,640420.455741847,4840005.46296386
3544,80682323,3001131937,12/11/2013 5:00:00 AM,1153,CLAREMORE AVE,KINGSTON RD,450 m West o,Minor Arterial,Scarborough,43.699797,-79.257335,Non Intersection,No Control,Clear,Daylight,Dry,Non-Fatal Injury,Sideswipe,Passenger,15 to 19,None,,,,,,,,,,,,,,,Yes,,,,,Yes,Yes,Yes,,,,122,Birchcliffe-Cliffside,122,Birchcliffe-Cliffside (122),D41,640420.455741847,4840005.46296386
3545,80682324,3001131937,12/11/2013 5:00:00 AM,1153,CLAREMORE AVE,KINGSTON RD,450 m West o,Minor Arterial,Scarborough,43.699797,-79.257335,Non Intersection,No Control,Clear,Daylight,Dry,Non-Fatal Injury,Sideswipe,Passenger,15 to 19,Major,,,,,,,,,,,,,,,Yes,,,,,Yes,Yes,Yes,,,,122,Birchcliffe-Cliffside,122,Birchcliffe-Cliffside (122),D41,640420.455741847,4840005.46296386
3546,80682325,3001131937,12/11/2013 5:00:00 AM,1153,CLAREMORE AVE,KINGSTON RD,450 m West o,Minor Arterial,Scarborough,43.699797,-79.257335,Non Intersection,No Control,Clear,Daylight,Dry,Non-Fatal Injury,Sideswipe,Passenger,15 to 19,Major,,,,,,,,,,,,,,,Yes,,,,,Yes,Yes,Yes,,,,122,Birchcliffe-Cliffside,122,Birchcliffe-Cliffside (122),D41,640420.455741847,4840005.46296386
3547,80903557,3001133431,12/11/2013 5:00:00 AM,1605,SHEPPARD AVE W,DON RIVER BLVD,7 m West of,Major Arterial,North York,43.756991,-79.430812,At Intersection,No Control,Clear,Dusk,Dry,Non-Fatal Injury,Pedestrian Collisions,Pedestrian,15 to 19,Major,,South,,,,,Vehicle is going straight thru inter.while ped cross without ROW,Running onto Roadway,Inattentive,,,,Yes,,Yes,,,,,Yes,,,,,,38,Lansing-Westgate,38,Lansing-Westgate (38),D32,626321.597270723,4846078.48655198
3548,80903558,3001133431,12/11/2013 5:00:00 AM,1605,SHEPPARD AVE W,DON RIVER BLVD,7 m West of,Major Arterial,North York,43.756991,-79.430812,At Intersection,No Control,Clear,Dusk,Dry,Non-Fatal Injury,Pedestrian Collisions,Passenger,85 to 89,None,,,,,,,,,,,,,Yes,,Yes,,,,,Yes,,,,,,38,Lansing-Westgate,38,Lansing-Westgate (38),D32,626321.597270723,4846078.48655198
3549,80903559,3001133431,12/11/2013 5:00:00 AM,1605,SHEPPARD AVE W,DON RIVER BLVD,7 m West of,Major Arterial,North York,43.756991,-79.430812,At Intersection,No Control,Clear,Dusk,Dry,Non-Fatal Injury,Pedestrian Collisions,Driver,35 to 39,None,,East,"Automobile, Station Wagon",Going Ahead,Driving Properly,Normal,,,,,,,Yes,,Yes,,,,,Yes,,,,,,38,Lansing-Westgate,38,Lansing-Westgate (38),D32,626321.597270723,4846078.48655198
3550,80623384,3001161677,12/16/2013 5:00:00 AM,1237,DUFFERIN ST,OVERBROOK PL,,Major Arterial,North York,43.76097,-79.465167,At Intersection,Traffic Signal,Clear,Daylight,Wet,Non-Fatal Injury,Turning Movement,Driver,80 to 84,Major,,South,"Automobile, Station Wagon",Turning Left,Failed to Yield Right of Way,Normal,,,,,,,,,Yes,,,,,Yes,,Yes,,,,34,Bathurst Manor,34,Bathurst Manor (34),D32,623547.763680598,4846468.58973327
3551,80623385,3001161677,12/16/2013 5:00:00 AM,1237,DUFFERIN ST,OVERBROOK PL,,Major Arterial,North York,43.76097,-79.465167,At Intersection,Traffic Signal,Clear,Daylight,Wet,Non-Fatal Injury,Turning Movement,Driver,15 to 19,Minor,,North,"Automobile, Station Wagon",Going Ahead,Driving Properly,Normal,,,,,,,,,Yes,,,,,Yes,,Yes,,,,34,Bathurst Manor,34,Bathurst Manor (34),D32,623547.763680598,4846468.58973327
3552,80623386,3001161677,12/16/2013 5:00:00 AM,1237,DUFFERIN ST,OVERBROOK PL,,Major Arterial,North York,43.76097,-79.465167,At Intersection,Traffic Signal,Clear,Daylight,Wet,Non-Fatal Injury,Turning Movement,Passenger,15 to 19,Minor,,,,,,,,,,,,,,,Yes,,,,,Yes,,Yes,,,,34,Bathurst Manor,34,Bathurst Manor (34),D32,623547.763680598,4846468.58973327
3553,80623387,3001161677,12/16/2013 5:00:00 AM,1237,DUFFERIN ST,OVERBROOK PL,,Major Arterial,North York,43.76097,-79.465167,At Intersection,Traffic Signal,Clear,Daylight,Wet,Non-Fatal Injury,Turning Movement,Passenger,20 to 24,Minor,,,,,,,,,,,,,,,Yes,,,,,Yes,,Yes,,,,34,Bathurst Manor,34,Bathurst Manor (34),D32,623547.763680598,4846468.58973327
3554,81113890,3001238664,12/28/2013 5:00:00 AM,942,ELLESMERE RD,DUNDALK DR,,Major Arterial,Scarborough,43.765097,-79.283801,At Intersection,Traffic Signal,Clear,Daylight,Wet,Non-Fatal Injury,Turning Movement,Driver,75 to 79,None,,East,"Automobile, Station Wagon",Turning Left,Failed to Yield Right of Way,Normal,,,,,,,,,Yes,,,,,Yes,,Yes,,,,126,Dorset Park,126,Dorset Park (126),D41,638137.633421788,4847213.51087576