OBJECTID,INDEX,ACCNUM,DATE,TIME,STREET1,STREET2,OFFSET,ROAD_CLASS,DISTRICT,LATITUDE,LONGITUDE,ACCLOC,TRAFFCTL,VISIBILITY,LIGHT,RDSFCOND,ACCLASS,IMPACTYPE,INVTYPE,INVAGE,INJURY,FATAL_NO,INITDIR,VEHTYPE,MANOEUVER,DRIVACT,DRIVCOND,PEDTYPE,PEDACT,PEDCOND,CYCLISTYPE,CYCACT,CYCCOND,PEDESTRIAN,CYCLIST,AUTOMOBILE,MOTORCYCLE,TRUCK,TRSN_CITY_VEH,EMERG_VEH,PASSENGER,SPEEDING,AG_DRIV,REDLIGHT,ALCOHOL,DISABILITY,HOOD_158,NEIGHBOURHOOD_158,HOOD_140,NEIGHBOURHOOD_140,DIVISION,x,y
3555,81113891,3001238664,12/28/2013 5:00:00 AM,942,ELLESMERE RD,DUNDALK DR,,Major Arterial,Scarborough,43.765097,-79.283801,At Intersection,Traffic Signal,Clear,Daylight,Wet,Non-Fatal Injury,Turning Movement,Driver,60 to 64,Minor,,West,"Automobile, Station Wagon",Going Ahead,Driving Properly,Normal,,,,,,,,,Yes,,,,,Yes,,Yes,,,,126,Dorset Park,126,Dorset Park (126),D41,638137.633421788,4847213.51087576
3556,81113892,3001238664,12/28/2013 5:00:00 AM,942,ELLESMERE RD,DUNDALK DR,,Major Arterial,Scarborough,43.765097,-79.283801,At Intersection,Traffic Signal,Clear,Daylight,Wet,Non-Fatal Injury,Turning Movement,Passenger,30 to 34,Major,,,,,,,,,,,,,,,Yes,,,,,Yes,,Yes,,,,126,Dorset Park,126,Dorset Park (126),D41,638137.633421788,4847213.51087576
3557,80148474,4001361731,1/17/2014 5:00:00 AM,1528,JANE ST,PRITCHARD AVE,,Major Arterial,Etobicoke York,43.669467,-79.492801,At Intersection,Traffic Signal,Clear,Daylight,Dry,Non-Fatal Injury,Pedestrian Collisions,Driver,20 to 24,None,,South,"Automobile, Station Wagon",Turning Left,Driving Properly,Normal,,,,,,,Yes,,Yes,,,,,Yes,,Yes,Yes,,,111,Rockcliffe-Smythe,111,Rockcliffe-Smythe (111),D12,621508.113512302,4836265.04707752
3558,80148475,4001361731,1/17/2014 5:00:00 AM,1528,JANE ST,PRITCHARD AVE,,Major Arterial,Etobicoke York,43.669467,-79.492801,At Intersection,Traffic Signal,Clear,Daylight,Dry,Non-Fatal Injury,Pedestrian Collisions,Driver,65 to 69,None,,North,"Automobile, Station Wagon",Going Ahead,Disobeyed Traffic Control,Normal,,,,,,,Yes,,Yes,,,,,Yes,,Yes,Yes,,,111,Rockcliffe-Smythe,111,Rockcliffe-Smythe (111),D12,621508.113512302,4836265.04707752
3559,80148476,4001361731,1/17/2014 5:00:00 AM,1528,JANE ST,PRITCHARD AVE,,Major Arterial,Etobicoke York,43.669467,-79.492801,At Intersection,Traffic Signal,Clear,Daylight,Dry,Non-Fatal Injury,Pedestrian Collisions,Passenger,25 to 29,None,,,,,,,,,,,,,Yes,,Yes,,,,,Yes,,Yes,Yes,,,111,Rockcliffe-Smythe,111,Rockcliffe-Smythe (111),D12,621508.113512302,4836265.04707752
3560,80148477,4001361731,1/17/2014 5:00:00 AM,1528,JANE ST,PRITCHARD AVE,,Major Arterial,Etobicoke York,43.669467,-79.492801,At Intersection,Traffic Signal,Clear,Daylight,Dry,Non-Fatal Injury,Pedestrian Collisions,Passenger,60 to 64,Minor,,,,,,,,,,,,,Yes,,Yes,,,,,Yes,,Yes,Yes,,,111,Rockcliffe-Smythe,111,Rockcliffe-Smythe (111),D12,621508.113512302,4836265.04707752
3561,80148478,4001361731,1/17/2014 5:00:00 AM,1528,JANE ST,PRITCHARD AVE,,Major Arterial,Etobicoke York,43.669467,-79.492801,At Intersection,Traffic Signal,Clear,Daylight,Dry,Non-Fatal Injury,Pedestrian Collisions,Pedestrian,45 to 49,Major,,Unknown,,,,,Pedestrian hit on sidewalk or shoulder,On Sidewalk or Shoulder,Normal,,,,Yes,,Yes,,,,,Yes,,Yes,Yes,,,111,Rockcliffe-Smythe,111,Rockcliffe-Smythe (111),D12,621508.113512302,4836265.04707752
3562,80200914,4001374034,1/19/2014 5:00:00 AM,1702,KINGSTON RD,GLEN EVEREST RD,,Major Arterial,Scarborough,43.697543,-79.256786,At Intersection,Traffic Signal,Snow,"Dark, artificial",Ice,Non-Fatal Injury,SMV Other,Driver,50 to 54,Minor,,East,"Automobile, Station Wagon",Going Ahead,Speed too Fast For Condition,Normal,,,,,,,,,Yes,,,,,Yes,Yes,Yes,,,,122,Birchcliffe-Cliffside,122,Birchcliffe-Cliffside (122),D41,640469.957225585,4839756.05401382
3563,80200915,4001374034,1/19/2014 5:00:00 AM,1702,KINGSTON RD,GLEN EVEREST RD,,Major Arterial,Scarborough,43.697543,-79.256786,At Intersection,Traffic Signal,Snow,"Dark, artificial",Ice,Non-Fatal Injury,SMV Other,Passenger,60 to 64,Major,,,,,,,,,,,,,,,Yes,,,,,Yes,Yes,Yes,,,,122,Birchcliffe-Cliffside,122,Birchcliffe-Cliffside (122),D41,640469.957225585,4839756.05401382
3564,80201044,4001383742,1/21/2014 5:00:00 AM,1000,KINGSTON RD,TOLLGATE MEWS,100 m East o,Major Arterial,Scarborough,43.732688,-79.223819,Intersection Related,No Control,Clear,Daylight,Dry,Non-Fatal Injury,Rear End,Truck Driver,35 to 39,Minor,,West,Truck-Tractor,Going Ahead,Following too Close,Inattentive,,,,,,,,,Yes,,Yes,,,Yes,,Yes,,,,139,Scarborough Village,139,Scarborough Village (139),D43,643042.855223364,4843715.80662209
3565,80201045,4001383742,1/21/2014 5:00:00 AM,1000,KINGSTON RD,TOLLGATE MEWS,100 m East o,Major Arterial,Scarborough,43.732688,-79.223819,Intersection Related,No Control,Clear,Daylight,Dry,Non-Fatal Injury,Rear End,Driver,50 to 54,Major,,West,Pick Up Truck,Stopped,Driving Properly,Normal,,,,,,,,,Yes,,Yes,,,Yes,,Yes,,,,139,Scarborough Village,139,Scarborough Village (139),D43,643042.855223364,4843715.80662209
3566,80201046,4001383742,1/21/2014 5:00:00 AM,1000,KINGSTON RD,TOLLGATE MEWS,100 m East o,Major Arterial,Scarborough,43.732688,-79.223819,Intersection Related,No Control,Clear,Daylight,Dry,Non-Fatal Injury,Rear End,Driver,45 to 49,Minor,,West,"Automobile, Station Wagon",Stopped,Driving Properly,Normal,,,,,,,,,Yes,,Yes,,,Yes,,Yes,,,,139,Scarborough Village,139,Scarborough Village (139),D43,643042.855223364,4843715.80662209
3567,80201047,4001383742,1/21/2014 5:00:00 AM,1000,KINGSTON RD,TOLLGATE MEWS,100 m East o,Major Arterial,Scarborough,43.732688,-79.223819,Intersection Related,No Control,Clear,Daylight,Dry,Non-Fatal Injury,Rear End,Driver,55 to 59,Minor,,West,"Automobile, Station Wagon",Stopped,Driving Properly,Normal,,,,,,,,,Yes,,Yes,,,Yes,,Yes,,,,139,Scarborough Village,139,Scarborough Village (139),D43,643042.855223364,4843715.80662209
3568,80201048,4001383742,1/21/2014 5:00:00 AM,1000,KINGSTON RD,TOLLGATE MEWS,100 m East o,Major Arterial,Scarborough,43.732688,-79.223819,Intersection Related,No Control,Clear,Daylight,Dry,Non-Fatal Injury,Rear End,Driver,35 to 39,Minor,,West,"Automobile, Station Wagon",Stopped,Driving Properly,Normal,,,,,,,,,Yes,,Yes,,,Yes,,Yes,,,,139,Scarborough Village,139,Scarborough Village (139),D43,643042.855223364,4843715.80662209
3569,80201049,4001383742,1/21/2014 5:00:00 AM,1000,KINGSTON RD,TOLLGATE MEWS,100 m East o,Major Arterial,Scarborough,43.732688,-79.223819,Intersection Related,No Control,Clear,Daylight,Dry,Non-Fatal Injury,Rear End,Driver,50 to 54,Minor,,West,"Automobile, Station Wagon",Stopped,Driving Properly,Normal,,,,,,,,,Yes,,Yes,,,Yes,,Yes,,,,139,Scarborough Village,139,Scarborough Village (139),D43,643042.855223364,4843715.80662209
3570,80201050,4001383742,1/21/2014 5:00:00 AM,1000,KINGSTON RD,TOLLGATE MEWS,100 m East o,Major Arterial,Scarborough,43.732688,-79.223819,Intersection Related,No Control,Clear,Daylight,Dry,Non-Fatal Injury,Rear End,Driver,60 to 64,None,,West,"Automobile, Station Wagon",Stopped,Driving Properly,Normal,,,,,,,,,Yes,,Yes,,,Yes,,Yes,,,,139,Scarborough Village,139,Scarborough Village (139),D43,643042.855223364,4843715.80662209
3571,80201051,4001383742,1/21/2014 5:00:00 AM,1000,KINGSTON RD,TOLLGATE MEWS,100 m East o,Major Arterial,Scarborough,43.732688,-79.223819,Intersection Related,No Control,Clear,Daylight,Dry,Non-Fatal Injury,Rear End,Driver,45 to 49,None,,West,"Automobile, Station Wagon",Stopped,Driving Properly,Normal,,,,,,,,,Yes,,Yes,,,Yes,,Yes,,,,139,Scarborough Village,139,Scarborough Village (139),D43,643042.855223364,4843715.80662209
3572,80201052,4001383742,1/21/2014 5:00:00 AM,1000,KINGSTON RD,TOLLGATE MEWS,100 m East o,Major Arterial,Scarborough,43.732688,-79.223819,Intersection Related,No Control,Clear,Daylight,Dry,Non-Fatal Injury,Rear End,Truck Driver,40 to 44,None,,West,"Truck - Closed (Blazer, etc)",Stopped,Driving Properly,Normal,,,,,,,,,Yes,,Yes,,,Yes,,Yes,,,,139,Scarborough Village,139,Scarborough Village (139),D43,643042.855223364,4843715.80662209
3573,80201053,4001383742,1/21/2014 5:00:00 AM,1000,KINGSTON RD,TOLLGATE MEWS,100 m East o,Major Arterial,Scarborough,43.732688,-79.223819,Intersection Related,No Control,Clear,Daylight,Dry,Non-Fatal Injury,Rear End,Passenger,20 to 24,Minor,,,,,,,,,,,,,,,Yes,,Yes,,,Yes,,Yes,,,,139,Scarborough Village,139,Scarborough Village (139),D43,643042.855223364,4843715.80662209
3574,80201054,4001383742,1/21/2014 5:00:00 AM,1000,KINGSTON RD,TOLLGATE MEWS,100 m East o,Major Arterial,Scarborough,43.732688,-79.223819,Intersection Related,No Control,Clear,Daylight,Dry,Non-Fatal Injury,Rear End,Passenger,25 to 29,Minor,,,,,,,,,,,,,,,Yes,,Yes,,,Yes,,Yes,,,,139,Scarborough Village,139,Scarborough Village (139),D43,643042.855223364,4843715.80662209
3575,8000001,141413547,1/26/2014 5:00:00 AM,1310,SHEPPARD AVE E,CONSUMERS RD,,Major Arterial,North York,43.775088,-79.331226,,Traffic Signal,Snow,Daylight,Loose Snow,Fatal,Rear End,Driver,50 to 54,Minimal,,East,"Automobile, Station Wagon",Stopped,Driving Properly,Normal,,,,,,,,,Yes,,,,,Yes,,,,,,53,Henry Farm,53,Henry Farm (53),D33,634297.969424377,4848245.14529817
3576,8000003,141413547,1/26/2014 5:00:00 AM,1310,SHEPPARD AVE E,CONSUMERS RD,,Major Arterial,North York,43.775088,-79.331226,,Traffic Signal,Snow,Daylight,Loose Snow,Fatal,Rear End,Passenger,50 to 54,Minimal,,,,,,,,,,,,,,,Yes,,,,,Yes,,,,,,53,Henry Farm,53,Henry Farm (53),D33,634297.969424377,4848245.14529817
3577,8000004,141413547,1/26/2014 5:00:00 AM,1310,SHEPPARD AVE E,CONSUMERS RD,,Major Arterial,North York,43.775088,-79.331226,,Traffic Signal,Snow,Daylight,Loose Snow,Fatal,Rear End,Passenger,15 to 19,Minimal,,,,,,,,,,,,,,,Yes,,,,,Yes,,,,,,53,Henry Farm,53,Henry Farm (53),D33,634297.969424377,4848245.14529817
3578,80000021,141413547,1/26/2014 5:00:00 AM,1310,SHEPPARD AVE E,CONSUMERS RD,,Major Arterial,North York,43.775088,-79.331226,,Traffic Signal,Snow,Daylight,Loose Snow,Fatal,Rear End,Driver,70 to 74,Fatal,2,East,Passenger Van,Going Ahead,Other,Unknown,,,,,,,,,Yes,,,,,Yes,,,,,,53,Henry Farm,53,Henry Farm (53),D33,634297.969424377,4848245.14529817
3579,80201377,4001414099,1/26/2014 5:00:00 AM,1510,DUNDAS ST E,HAMILTON ST,,Major Arterial,Toronto and East York,43.662223,-79.352245,Intersection Related,Stop Sign,Snow,Daylight,Slush,Non-Fatal Injury,Angle,Driver,55 to 59,None,,South,"Automobile, Station Wagon",Going Ahead,Failed to Yield Right of Way,Normal,,,,,,,,,Yes,,,,,Yes,,Yes,,,,70,South Riverdale,70,South Riverdale (70),D55,632855.621901784,4835675.98020106
3580,80201378,4001414099,1/26/2014 5:00:00 AM,1510,DUNDAS ST E,HAMILTON ST,,Major Arterial,Toronto and East York,43.662223,-79.352245,Intersection Related,Stop Sign,Snow,Daylight,Slush,Non-Fatal Injury,Angle,Driver,40 to 44,None,,East,"Automobile, Station Wagon",Going Ahead,Driving Properly,Normal,,,,,,,,,Yes,,,,,Yes,,Yes,,,,70,South Riverdale,70,South Riverdale (70),D55,632855.621901784,4835675.98020106
3581,80201379,4001414099,1/26/2014 5:00:00 AM,1510,DUNDAS ST E,HAMILTON ST,,Major Arterial,Toronto and East York,43.662223,-79.352245,Intersection Related,Stop Sign,Snow,Daylight,Slush,Non-Fatal Injury,Angle,Passenger,unknown,Major,,,,,,,,,,,,,,,Yes,,,,,Yes,,Yes,,,,70,South Riverdale,70,South Riverdale (70),D55,632855.621901784,4835675.98020106
3582,80201573,4001426631,1/28/2014 5:00:00 AM,1740,BRIMLEY RD,HIGHWAY 401 C  W,,Major Arterial,Scarborough,43.779536,-79.264842,Non Intersection,No Control,Clear,"Dark, artificial",Dry,Non-Fatal Injury,Approaching,Driver,65 to 69,None,,North,Pick Up Truck,Going Ahead,Lost control,Inattentive,,,,,,,,,Yes,,,,,Yes,,Yes,,,,128,Agincourt South-Malvern West,128,Agincourt South-Malvern West (128),D42,639630.061249259,4848848.98897796
3583,80201574,4001426631,1/28/2014 5:00:00 AM,1740,BRIMLEY RD,HIGHWAY 401 C  W,,Major Arterial,Scarborough,43.779536,-79.264842,Non Intersection,No Control,Clear,"Dark, artificial",Dry,Non-Fatal Injury,Approaching,Driver,40 to 44,Minimal,,South,Passenger Van,Going Ahead,Driving Properly,Normal,,,,,,,,,Yes,,,,,Yes,,Yes,,,,128,Agincourt South-Malvern West,128,Agincourt South-Malvern West (128),D42,639630.061249259,4848848.98897796
3584,80201575,4001426631,1/28/2014 5:00:00 AM,1740,BRIMLEY RD,HIGHWAY 401 C  W,,Major Arterial,Scarborough,43.779536,-79.264842,Non Intersection,No Control,Clear,"Dark, artificial",Dry,Non-Fatal Injury,Approaching,Passenger,60 to 64,Major,,,,,,,,,,,,,,,Yes,,,,,Yes,,Yes,,,,128,Agincourt South-Malvern West,128,Agincourt South-Malvern West (128),D42,639630.061249259,4848848.98897796
3585,80201576,4001426631,1/28/2014 5:00:00 AM,1740,BRIMLEY RD,HIGHWAY 401 C  W,,Major Arterial,Scarborough,43.779536,-79.264842,Non Intersection,No Control,Clear,"Dark, artificial",Dry,Non-Fatal Injury,Approaching,Passenger,5 to 9,None,,,,,,,,,,,,,,,Yes,,,,,Yes,,Yes,,,,128,Agincourt South-Malvern West,128,Agincourt South-Malvern West (128),D42,639630.061249259,4848848.98897796
3586,80201577,4001426631,1/28/2014 5:00:00 AM,1740,BRIMLEY RD,HIGHWAY 401 C  W,,Major Arterial,Scarborough,43.779536,-79.264842,Non Intersection,No Control,Clear,"Dark, artificial",Dry,Non-Fatal Injury,Approaching,Passenger,5 to 9,None,,,,,,,,,,,,,,,Yes,,,,,Yes,,Yes,,,,128,Agincourt South-Malvern West,128,Agincourt South-Malvern West (128),D42,639630.061249259,4848848.98897796
3587,80201700,4001435138,1/30/2014 5:00:00 AM,640,1970 ELLESMERE RD,,,Major Arterial,Scarborough,43.775023,-79.238376,Non Intersection,No Control,Clear,Daylight,Dry,Non-Fatal Injury,Approaching,Driver,25 to 29,Major,,East,"Automobile, Station Wagon",Going Ahead,Lost control,Inattentive,,,,,,,,,Yes,,,,,Yes,,,,,,142,Woburn North,137,Woburn (137),D43,641770.49969454,4848392.72911193
3588,80201701,4001435138,1/30/2014 5:00:00 AM,640,1970 ELLESMERE RD,,,Major Arterial,Scarborough,43.775023,-79.238376,Non Intersection,No Control,Clear,Daylight,Dry,Non-Fatal Injury,Approaching,Driver,45 to 49,Major,,West,"Automobile, Station Wagon",Going Ahead,Driving Properly,Normal,,,,,,,,,Yes,,,,,Yes,,,,,,142,Woburn North,137,Woburn (137),D43,641770.49969454,4848392.72911193
3589,80201702,4001435138,1/30/2014 5:00:00 AM,640,1970 ELLESMERE RD,,,Major Arterial,Scarborough,43.775023,-79.238376,Non Intersection,No Control,Clear,Daylight,Dry,Non-Fatal Injury,Approaching,Passenger,15 to 19,Major,,,,,,,,,,,,,,,Yes,,,,,Yes,,,,,,142,Woburn North,137,Woburn (137),D43,641770.49969454,4848392.72911193
3590,80202305,4001484501,2/7/2014 5:00:00 AM,806,LAKE SHORE BLVD W,PRIMROSE AVE,,Major Arterial,Etobicoke York,43.614035,-79.489146,Non Intersection,No Control,Clear,Daylight,Wet,Non-Fatal Injury,Angle,Driver,55 to 59,Major,,North,"Automobile, Station Wagon",Going Ahead,Improper Turn,Unknown,,,,,,,,,Yes,,,,,Yes,Yes,Yes,,,,161,Humber Bay Shores,17,Mimico (includes Humber Bay Shores) (17),D22,621914.841870774,4830113.98042921
3591,80202306,4001484501,2/7/2014 5:00:00 AM,806,LAKE SHORE BLVD W,PRIMROSE AVE,,Major Arterial,Etobicoke York,43.614035,-79.489146,Non Intersection,No Control,Clear,Daylight,Wet,Non-Fatal Injury,Angle,Driver,20 to 24,None,,East,Pick Up Truck,Going Ahead,Driving Properly,Normal,,,,,,,,,Yes,,,,,Yes,Yes,Yes,,,,161,Humber Bay Shores,17,Mimico (includes Humber Bay Shores) (17),D22,621914.841870774,4830113.98042921
3592,80202307,4001484501,2/7/2014 5:00:00 AM,806,LAKE SHORE BLVD W,PRIMROSE AVE,,Major Arterial,Etobicoke York,43.614035,-79.489146,Non Intersection,No Control,Clear,Daylight,Wet,Non-Fatal Injury,Angle,Passenger,20 to 24,None,,,,,,,,,,,,,,,Yes,,,,,Yes,Yes,Yes,,,,161,Humber Bay Shores,17,Mimico (includes Humber Bay Shores) (17),D22,621914.841870774,4830113.98042921
3593,80150884,4001490210,2/8/2014 5:00:00 AM,241,QUEEN ST W,LISGAR ST,,Major Arterial,Toronto and East York,43.643557,-79.421954,Non Intersection,No Control,Clear,"Dark, artificial",Slush,Non-Fatal Injury,Pedestrian Collisions,Driver,20 to 24,None,,West,"Automobile, Station Wagon",Going Ahead,Exceeding Speed Limit,Unknown,,,,,,,Yes,,Yes,,,,,Yes,Yes,Yes,,,,162,West Queen West,82,Niagara (82),D14,627274.472775793,4833493.61130648
3594,80150885,4001490210,2/8/2014 5:00:00 AM,241,QUEEN ST W,LISGAR ST,,Major Arterial,Toronto and East York,43.643557,-79.421954,Non Intersection,No Control,Clear,"Dark, artificial",Slush,Non-Fatal Injury,Pedestrian Collisions,Driver,25 to 29,None,,West,"Automobile, Station Wagon",Overtaking,Failed to Yield Right of Way,Normal,,,,,,,Yes,,Yes,,,,,Yes,Yes,Yes,,,,162,West Queen West,82,Niagara (82),D14,627274.472775793,4833493.61130648
3595,80150886,4001490210,2/8/2014 5:00:00 AM,241,QUEEN ST W,LISGAR ST,,Major Arterial,Toronto and East York,43.643557,-79.421954,Non Intersection,No Control,Clear,"Dark, artificial",Slush,Non-Fatal Injury,Pedestrian Collisions,Passenger,unknown,None,,,,,,,,,,,,,Yes,,Yes,,,,,Yes,Yes,Yes,,,,162,West Queen West,82,Niagara (82),D14,627274.472775793,4833493.61130648
3596,80150887,4001490210,2/8/2014 5:00:00 AM,241,QUEEN ST W,LISGAR ST,,Major Arterial,Toronto and East York,43.643557,-79.421954,Non Intersection,No Control,Clear,"Dark, artificial",Slush,Non-Fatal Injury,Pedestrian Collisions,Passenger,unknown,Minimal,,,,,,,,,,,,,Yes,,Yes,,,,,Yes,Yes,Yes,,,,162,West Queen West,82,Niagara (82),D14,627274.472775793,4833493.61130648
3597,80150888,4001490210,2/8/2014 5:00:00 AM,241,QUEEN ST W,LISGAR ST,,Major Arterial,Toronto and East York,43.643557,-79.421954,Non Intersection,No Control,Clear,"Dark, artificial",Slush,Non-Fatal Injury,Pedestrian Collisions,Pedestrian,30 to 34,Major,,Unknown,,,,,Pedestrian hit at mid-block,Person Getting on/off Vehicle,Normal,,,,Yes,,Yes,,,,,Yes,Yes,Yes,,,,162,West Queen West,82,Niagara (82),D14,627274.472775793,4833493.61130648
3598,80150889,4001490210,2/8/2014 5:00:00 AM,241,QUEEN ST W,LISGAR ST,,Major Arterial,Toronto and East York,43.643557,-79.421954,Non Intersection,No Control,Clear,"Dark, artificial",Slush,Non-Fatal Injury,Pedestrian Collisions,Other,unknown,None,,,"Automobile, Station Wagon",Parked,,,,,,,,,Yes,,Yes,,,,,Yes,Yes,Yes,,,,162,West Queen West,82,Niagara (82),D14,627274.472775793,4833493.61130648
3599,80150941,4001492410,2/8/2014 5:00:00 AM,1309,CARLAW AVE,GERRARD ST E,,Minor Arterial,Toronto and East York,43.668029,-79.342914,Non Intersection,No Control,Clear,Daylight,Wet,Non-Fatal Injury,Pedestrian Collisions,Driver,55 to 59,None,,North,"Automobile, Station Wagon",Going Ahead,Driving Properly,Normal,,,,,,,Yes,,Yes,,,,,Yes,,,,,,68,North Riverdale,68,North Riverdale (68),D55,633595.092499513,4836335.79931517
3600,80150942,4001492410,2/8/2014 5:00:00 AM,1309,CARLAW AVE,GERRARD ST E,,Minor Arterial,Toronto and East York,43.668029,-79.342914,Non Intersection,No Control,Clear,Daylight,Wet,Non-Fatal Injury,Pedestrian Collisions,Passenger,50 to 54,None,,,,,,,,,,,,,Yes,,Yes,,,,,Yes,,,,,,68,North Riverdale,68,North Riverdale (68),D55,633595.092499513,4836335.79931517
3601,80150943,4001492410,2/8/2014 5:00:00 AM,1309,CARLAW AVE,GERRARD ST E,,Minor Arterial,Toronto and East York,43.668029,-79.342914,Non Intersection,No Control,Clear,Daylight,Wet,Non-Fatal Injury,Pedestrian Collisions,Pedestrian,60 to 64,Major,,West,,Going Ahead,,,Pedestrian hit at mid-block,Running onto Roadway,Normal,,,,Yes,,Yes,,,,,Yes,,,,,,68,North Riverdale,68,North Riverdale (68),D55,633595.092499513,4836335.79931517
3602,80202983,4001533324,2/15/2014 5:00:00 AM,643,VICTORIA PARK AVE,PARMA CRT,8 m North of,Major Arterial,Toronto and East York,43.716658,-79.299274,Non Intersection,Traffic Signal,Clear,Dawn,Dry,Non-Fatal Injury,Approaching,Driver,20 to 24,Minor,,North,"Automobile, Station Wagon",Going Ahead,Lost control,Fatigue,,,,,,,,,Yes,,,,,Yes,,,,,,120,Clairlea-Birchmount,120,Clairlea-Birchmount (120),D41,637002.634375271,4841807.94034825
3603,80202984,4001533324,2/15/2014 5:00:00 AM,643,VICTORIA PARK AVE,PARMA CRT,8 m North of,Major Arterial,Toronto and East York,43.716658,-79.299274,Non Intersection,Traffic Signal,Clear,Dawn,Dry,Non-Fatal Injury,Approaching,Driver,40 to 44,Major,,South,"Automobile, Station Wagon",Going Ahead,Driving Properly,Normal,,,,,,,,,Yes,,,,,Yes,,,,,,120,Clairlea-Birchmount,120,Clairlea-Birchmount (120),D41,637002.634375271,4841807.94034825
3604,80202985,4001533324,2/15/2014 5:00:00 AM,643,VICTORIA PARK AVE,PARMA CRT,8 m North of,Major Arterial,Toronto and East York,43.716658,-79.299274,Non Intersection,Traffic Signal,Clear,Dawn,Dry,Non-Fatal Injury,Approaching,Passenger,15 to 19,Minimal,,,,,,,,,,,,,,,Yes,,,,,Yes,,,,,,120,Clairlea-Birchmount,120,Clairlea-Birchmount (120),D41,637002.634375271,4841807.94034825
3605,80202986,4001533324,2/15/2014 5:00:00 AM,643,VICTORIA PARK AVE,PARMA CRT,8 m North of,Major Arterial,Toronto and East York,43.716658,-79.299274,Non Intersection,Traffic Signal,Clear,Dawn,Dry,Non-Fatal Injury,Approaching,Passenger,15 to 19,Minimal,,,,,,,,,,,,,,,Yes,,,,,Yes,,,,,,120,Clairlea-Birchmount,120,Clairlea-Birchmount (120),D41,637002.634375271,4841807.94034825
3606,80626610,4001540834,2/16/2014 5:00:00 AM,1321,BAY ST,HARBOUR ST,,Major Arterial,Toronto and East York,43.642073,-79.377429,At Intersection,Traffic Signal,Clear,Daylight,Dry,Non-Fatal Injury,Pedestrian Collisions,Driver,70 to 74,None,,East,"Automobile, Station Wagon",Turning Left,Improper Turn,Normal,,,,,,,Yes,,Yes,,,,,Yes,,Yes,,,,166,St Lawrence-East Bayfront-The Islands,77,Waterfront Communities-The Island (77),D52,630868.816879113,4833398.03752649
3607,80626611,4001540834,2/16/2014 5:00:00 AM,1321,BAY ST,HARBOUR ST,,Major Arterial,Toronto and East York,43.642073,-79.377429,At Intersection,Traffic Signal,Clear,Daylight,Dry,Non-Fatal Injury,Pedestrian Collisions,Driver,15 to 19,None,,East,"Automobile, Station Wagon",Going Ahead,Driving Properly,Normal,,,,,,,Yes,,Yes,,,,,Yes,,Yes,,,,166,St Lawrence-East Bayfront-The Islands,77,Waterfront Communities-The Island (77),D52,630868.816879113,4833398.03752649
3608,80626612,4001540834,2/16/2014 5:00:00 AM,1321,BAY ST,HARBOUR ST,,Major Arterial,Toronto and East York,43.642073,-79.377429,At Intersection,Traffic Signal,Clear,Daylight,Dry,Non-Fatal Injury,Pedestrian Collisions,Pedestrian,35 to 39,Major,,Unknown,,,,,Pedestrian hit on sidewalk or shoulder,On Sidewalk or Shoulder,Normal,,,,Yes,,Yes,,,,,Yes,,Yes,,,,166,St Lawrence-East Bayfront-The Islands,77,Waterfront Communities-The Island (77),D52,630868.816879113,4833398.03752649
3609,80626613,4001540834,2/16/2014 5:00:00 AM,1321,BAY ST,HARBOUR ST,,Major Arterial,Toronto and East York,43.642073,-79.377429,At Intersection,Traffic Signal,Clear,Daylight,Dry,Non-Fatal Injury,Pedestrian Collisions,Passenger,70 to 74,Minor,,,,,,,,,,,,,Yes,,Yes,,,,,Yes,,Yes,,,,166,St Lawrence-East Bayfront-The Islands,77,Waterfront Communities-The Island (77),D52,630868.816879113,4833398.03752649
3610,80151882,4001551952,2/18/2014 5:00:00 AM,1237,MORNINGSIDE AVE,KINGSTON RD,,Major Arterial,Scarborough,43.770602,-79.186862,At Intersection,Traffic Signal,Clear,Daylight,Wet,Non-Fatal Injury,Pedestrian Collisions,Driver,20 to 24,None,,North,"Automobile, Station Wagon",Going Ahead,Driving Properly,Normal,,,,,,,Yes,,Yes,,,,,Yes,,Yes,,,,136,West Hill,136,West Hill (136),D43,645927.004923496,4847991.21011981
3611,80151883,4001551952,2/18/2014 5:00:00 AM,1237,MORNINGSIDE AVE,KINGSTON RD,,Major Arterial,Scarborough,43.770602,-79.186862,At Intersection,Traffic Signal,Clear,Daylight,Wet,Non-Fatal Injury,Pedestrian Collisions,Driver,25 to 29,None,,South,"Automobile, Station Wagon",Turning Left,Failed to Yield Right of Way,Inattentive,,,,,,,Yes,,Yes,,,,,Yes,,Yes,,,,136,West Hill,136,West Hill (136),D43,645927.004923496,4847991.21011981
3612,80151884,4001551952,2/18/2014 5:00:00 AM,1237,MORNINGSIDE AVE,KINGSTON RD,,Major Arterial,Scarborough,43.770602,-79.186862,At Intersection,Traffic Signal,Clear,Daylight,Wet,Non-Fatal Injury,Pedestrian Collisions,Passenger,20 to 24,None,,,,,,,,,,,,,Yes,,Yes,,,,,Yes,,Yes,,,,136,West Hill,136,West Hill (136),D43,645927.004923496,4847991.21011981