OBJECTID,INDEX,ACCNUM,DATE,TIME,STREET1,STREET2,OFFSET,ROAD_CLASS,DISTRICT,LATITUDE,LONGITUDE,ACCLOC,TRAFFCTL,VISIBILITY,LIGHT,RDSFCOND,ACCLASS,IMPACTYPE,INVTYPE,INVAGE,INJURY,FATAL_NO,INITDIR,VEHTYPE,MANOEUVER,DRIVACT,DRIVCOND,PEDTYPE,PEDACT,PEDCOND,CYCLISTYPE,CYCACT,CYCCOND,PEDESTRIAN,CYCLIST,AUTOMOBILE,MOTORCYCLE,TRUCK,TRSN_CITY_VEH,EMERG_VEH,PASSENGER,SPEEDING,AG_DRIV,REDLIGHT,ALCOHOL,DISABILITY,HOOD_158,NEIGHBOURHOOD_158,HOOD_140,NEIGHBOURHOOD_140,DIVISION,x,y
3613,80151885,4001551952,2/18/2014 5:00:00 AM,1237,MORNINGSIDE AVE,KINGSTON RD,,Major Arterial,Scarborough,43.770602,-79.186862,At Intersection,Traffic Signal,Clear,Daylight,Wet,Non-Fatal Injury,Pedestrian Collisions,Pedestrian,55 to 59,Major,,Unknown,,,,,Pedestrian hit on sidewalk or shoulder,On Sidewalk or Shoulder,Normal,,,,Yes,,Yes,,,,,Yes,,Yes,,,,136,West Hill,136,West Hill (136),D43,645927.004923496,4847991.21011981
3614,80152336,4001580826,2/22/2014 5:00:00 AM,2334,PARLIAMENT ST,KING ST E,,Major Arterial,Toronto and East York,43.652712,-79.363246,Non Intersection,Traffic Signal,Clear,"Dark, artificial",Dry,Non-Fatal Injury,Other,Driver,40 to 44,None,,South,Street Car,Turning Right,Driving Properly,Normal,,,,,,,,,,,,Yes,,Yes,,,,,,73,Moss Park,73,Moss Park (73),D51,631989.458060589,4834602.09962397
3615,80152337,4001580826,2/22/2014 5:00:00 AM,2334,PARLIAMENT ST,KING ST E,,Major Arterial,Toronto and East York,43.652712,-79.363246,Non Intersection,Traffic Signal,Clear,"Dark, artificial",Dry,Non-Fatal Injury,Other,Passenger,25 to 29,Major,,,,,,,,,,,,,,,,,,Yes,,Yes,,,,,,73,Moss Park,73,Moss Park (73),D51,631989.458060589,4834602.09962397
3616,8000006,141603063,2/26/2014 5:00:00 AM,1646,YORK MILLS RD,UPJOHN RD,,Major Arterial,North York,43.75495,-79.350871,,No Control,Clear,Daylight,Dry,Fatal,Turning Movement,Passenger,10 to 14,Minimal,,,,,,,,,,,,,,,Yes,,,,,Yes,,Yes,,,,42,Banbury-Don Mills,42,Banbury-Don Mills (42),D33,632761.523936888,4845976.83514385
3617,8000007,141603063,2/26/2014 5:00:00 AM,1646,YORK MILLS RD,UPJOHN RD,,Major Arterial,North York,43.75495,-79.350871,,No Control,Clear,Daylight,Dry,Fatal,Turning Movement,Driver,30 to 34,None,,West,"Automobile, Station Wagon",Turning Left,Failed to Yield Right of Way,Inattentive,,,,,,,,,Yes,,,,,Yes,,Yes,,,,42,Banbury-Don Mills,42,Banbury-Don Mills (42),D33,632761.523936888,4845976.83514385
3618,8000008,141603063,2/26/2014 5:00:00 AM,1646,YORK MILLS RD,UPJOHN RD,,Major Arterial,North York,43.75495,-79.350871,,No Control,Clear,Daylight,Dry,Fatal,Turning Movement,Driver,55 to 59,None,,West,"Automobile, Station Wagon",Stopped,Driving Properly,Normal,,,,,,,,,Yes,,,,,Yes,,Yes,,,,42,Banbury-Don Mills,42,Banbury-Don Mills (42),D33,632761.523936888,4845976.83514385
3619,80000024,141603063,2/26/2014 5:00:00 AM,1646,YORK MILLS RD,UPJOHN RD,,Major Arterial,North York,43.75495,-79.350871,,No Control,Clear,Daylight,Dry,Fatal,Turning Movement,Driver,80 to 84,Fatal,5,East,"Automobile, Station Wagon",Going Ahead,Driving Properly,Normal,,,,,,,,,Yes,,,,,Yes,,Yes,,,,42,Banbury-Don Mills,42,Banbury-Don Mills (42),D33,632761.523936888,4845976.83514385
3620,80204277,4001645257,3/5/2014 5:00:00 AM,1528,ROGERS RD,WESTON RD,,Minor Arterial,Etobicoke York,43.681712,-79.476039,Non Intersection,No Control,Clear,Daylight,Dry,Non-Fatal Injury,Turning Movement,Driver,40 to 44,None,,West,"Automobile, Station Wagon",Making U Turn,Improper Turn,Inattentive,,,,,,,,,Yes,,,,,Yes,,Yes,,,,110,Keelesdale-Eglinton West,110,Keelesdale-Eglinton West (110),D12,622834.466763072,4837649.70541294
3621,80204278,4001645257,3/5/2014 5:00:00 AM,1528,ROGERS RD,WESTON RD,,Minor Arterial,Etobicoke York,43.681712,-79.476039,Non Intersection,No Control,Clear,Daylight,Dry,Non-Fatal Injury,Turning Movement,Driver,25 to 29,Minimal,,West,"Automobile, Station Wagon",Going Ahead,Driving Properly,Normal,,,,,,,,,Yes,,,,,Yes,,Yes,,,,110,Keelesdale-Eglinton West,110,Keelesdale-Eglinton West (110),D12,622834.466763072,4837649.70541294
3622,80204279,4001645257,3/5/2014 5:00:00 AM,1528,ROGERS RD,WESTON RD,,Minor Arterial,Etobicoke York,43.681712,-79.476039,Non Intersection,No Control,Clear,Daylight,Dry,Non-Fatal Injury,Turning Movement,Passenger,20 to 24,Major,,,,,,,,,,,,,,,Yes,,,,,Yes,,Yes,,,,110,Keelesdale-Eglinton West,110,Keelesdale-Eglinton West (110),D12,622834.466763072,4837649.70541294
3623,80204301,4001647653,3/5/2014 5:00:00 AM,2309,MCCOWAN RD,BENLEIGH  DR,30 m North o,Major Arterial,Scarborough,43.758967,-79.246433,Non Intersection,No Control,Clear,"Dark, artificial",Wet,Non-Fatal Injury,SMV Other,Driver,35 to 39,None,,North,"Automobile, Station Wagon",Going Ahead,Exceeding Speed Limit,Unknown,,,,,,,,,Yes,,,,,Yes,Yes,Yes,,,,156,Bendale-Glen Andrew,127,Bendale (127),D43,641159.852399487,4846595.69540993
3624,80204302,4001647653,3/5/2014 5:00:00 AM,2309,MCCOWAN RD,BENLEIGH  DR,30 m North o,Major Arterial,Scarborough,43.758967,-79.246433,Non Intersection,No Control,Clear,"Dark, artificial",Wet,Non-Fatal Injury,SMV Other,Passenger,20 to 24,Minimal,,,,,,,,,,,,,,,Yes,,,,,Yes,Yes,Yes,,,,156,Bendale-Glen Andrew,127,Bendale (127),D43,641159.852399487,4846595.69540993
3625,80204303,4001647653,3/5/2014 5:00:00 AM,2309,MCCOWAN RD,BENLEIGH  DR,30 m North o,Major Arterial,Scarborough,43.758967,-79.246433,Non Intersection,No Control,Clear,"Dark, artificial",Wet,Non-Fatal Injury,SMV Other,Passenger,20 to 24,Major,,,,,,,,,,,,,,,Yes,,,,,Yes,Yes,Yes,,,,156,Bendale-Glen Andrew,127,Bendale (127),D43,641159.852399487,4846595.69540993
3626,80154456,4001700272,3/14/2014 4:00:00 AM,1545,YORK ST,YORK ST GARDINER W  RAMP,,Major Arterial,Toronto and East York,43.641421,-79.380862,At Intersection,Traffic Signal,Clear,Daylight,Dry,Non-Fatal Injury,Pedestrian Collisions,Driver,20 to 24,None,,South,"Automobile, Station Wagon",Turning Right,Failed to Yield Right of Way,Inattentive,,,,,,,Yes,,Yes,,,,,Yes,,Yes,,,,165,Harbourfront-CityPlace,77,Waterfront Communities-The Island (77),D52,630593.337194656,4833320.21702513
3627,80154457,4001700272,3/14/2014 4:00:00 AM,1545,YORK ST,YORK ST GARDINER W  RAMP,,Major Arterial,Toronto and East York,43.641421,-79.380862,At Intersection,Traffic Signal,Clear,Daylight,Dry,Non-Fatal Injury,Pedestrian Collisions,Passenger,20 to 24,None,,,,,,,,,,,,,Yes,,Yes,,,,,Yes,,Yes,,,,165,Harbourfront-CityPlace,77,Waterfront Communities-The Island (77),D52,630593.337194656,4833320.21702513
3628,80154458,4001700272,3/14/2014 4:00:00 AM,1545,YORK ST,YORK ST GARDINER W  RAMP,,Major Arterial,Toronto and East York,43.641421,-79.380862,At Intersection,Traffic Signal,Clear,Daylight,Dry,Non-Fatal Injury,Pedestrian Collisions,Pedestrian,55 to 59,Major,,North,,,,,Vehicle turns right while ped crosses with ROW at inter.,Crossing with right of way,Normal,,,,Yes,,Yes,,,,,Yes,,Yes,,,,165,Harbourfront-CityPlace,77,Waterfront Communities-The Island (77),D52,630593.337194656,4833320.21702513
3629,80154491,4001701923,3/14/2014 4:00:00 AM,2041,DANFORTH RD,TRUDELLE ST,,Major Arterial,Scarborough,43.739905,-79.245532,Intersection Related,Traffic Signal,Clear,"Dark, artificial",Dry,Non-Fatal Injury,Pedestrian Collisions,Driver,40 to 44,None,,North,"Automobile, Station Wagon",Going Ahead,Driving Properly,Unknown,,,,,,,Yes,,Yes,,,,,Yes,,Yes,,,,138,Eglinton East,138,Eglinton East (138),D43,641277.226275622,4844480.10588877
3630,80154492,4001701923,3/14/2014 4:00:00 AM,2041,DANFORTH RD,TRUDELLE ST,,Major Arterial,Scarborough,43.739905,-79.245532,Intersection Related,Traffic Signal,Clear,"Dark, artificial",Dry,Non-Fatal Injury,Pedestrian Collisions,Driver,30 to 34,None,,West,"Automobile, Station Wagon",Stopped,Driving Properly,Unknown,,,,,,,Yes,,Yes,,,,,Yes,,Yes,,,,138,Eglinton East,138,Eglinton East (138),D43,641277.226275622,4844480.10588877
3631,80154493,4001701923,3/14/2014 4:00:00 AM,2041,DANFORTH RD,TRUDELLE ST,,Major Arterial,Scarborough,43.739905,-79.245532,Intersection Related,Traffic Signal,Clear,"Dark, artificial",Dry,Non-Fatal Injury,Pedestrian Collisions,Driver,15 to 19,None,,South,"Automobile, Station Wagon",Turning Left,Failed to Yield Right of Way,Unknown,,,,,,,Yes,,Yes,,,,,Yes,,Yes,,,,138,Eglinton East,138,Eglinton East (138),D43,641277.226275622,4844480.10588877
3632,80154494,4001701923,3/14/2014 4:00:00 AM,2041,DANFORTH RD,TRUDELLE ST,,Major Arterial,Scarborough,43.739905,-79.245532,Intersection Related,Traffic Signal,Clear,"Dark, artificial",Dry,Non-Fatal Injury,Pedestrian Collisions,Passenger,25 to 29,None,,,,,,,,,,,,,Yes,,Yes,,,,,Yes,,Yes,,,,138,Eglinton East,138,Eglinton East (138),D43,641277.226275622,4844480.10588877
3633,80154495,4001701923,3/14/2014 4:00:00 AM,2041,DANFORTH RD,TRUDELLE ST,,Major Arterial,Scarborough,43.739905,-79.245532,Intersection Related,Traffic Signal,Clear,"Dark, artificial",Dry,Non-Fatal Injury,Pedestrian Collisions,Passenger,0 to 4,None,,,,,,,,,,,,,Yes,,Yes,,,,,Yes,,Yes,,,,138,Eglinton East,138,Eglinton East (138),D43,641277.226275622,4844480.10588877
3634,80154496,4001701923,3/14/2014 4:00:00 AM,2041,DANFORTH RD,TRUDELLE ST,,Major Arterial,Scarborough,43.739905,-79.245532,Intersection Related,Traffic Signal,Clear,"Dark, artificial",Dry,Non-Fatal Injury,Pedestrian Collisions,Pedestrian,50 to 54,Major,,Unknown,,,,,Vehicle is going straight thru inter.while ped cross with ROW,Crossing with right of way,Unknown,,,,Yes,,Yes,,,,,Yes,,Yes,,,,138,Eglinton East,138,Eglinton East (138),D43,641277.226275622,4844480.10588877
3635,80205476,4001752528,3/23/2014 4:00:00 AM,1059,BATHURST  ST,HOTSPUR RD,,Major Arterial,North York,43.733172,-79.433002,At Intersection,No Control,Clear,Daylight,Dry,Non-Fatal Injury,Turning Movement,Driver,35 to 39,Minimal,,North,"Automobile, Station Wagon",Turning Left,Failed to Yield Right of Way,Normal,,,,,,,,,Yes,,,,,Yes,,Yes,,,,39,Bedford Park-Nortown,39,Bedford Park-Nortown (39),D32,626195.337719884,4843429.69885086
3636,80205477,4001752528,3/23/2014 4:00:00 AM,1059,BATHURST  ST,HOTSPUR RD,,Major Arterial,North York,43.733172,-79.433002,At Intersection,No Control,Clear,Daylight,Dry,Non-Fatal Injury,Turning Movement,Driver,55 to 59,Major,,South,"Automobile, Station Wagon",Going Ahead,Driving Properly,Normal,,,,,,,,,Yes,,,,,Yes,,Yes,,,,39,Bedford Park-Nortown,39,Bedford Park-Nortown (39),D32,626195.337719884,4843429.69885086
3637,80205478,4001752528,3/23/2014 4:00:00 AM,1059,BATHURST  ST,HOTSPUR RD,,Major Arterial,North York,43.733172,-79.433002,At Intersection,No Control,Clear,Daylight,Dry,Non-Fatal Injury,Turning Movement,Driver,50 to 54,None,,East,"Automobile, Station Wagon",Stopped,Driving Properly,Normal,,,,,,,,,Yes,,,,,Yes,,Yes,,,,39,Bedford Park-Nortown,39,Bedford Park-Nortown (39),D32,626195.337719884,4843429.69885086
3638,80205479,4001752528,3/23/2014 4:00:00 AM,1059,BATHURST  ST,HOTSPUR RD,,Major Arterial,North York,43.733172,-79.433002,At Intersection,No Control,Clear,Daylight,Dry,Non-Fatal Injury,Turning Movement,Passenger,20 to 24,None,,,,,,,,,,,,,,,Yes,,,,,Yes,,Yes,,,,39,Bedford Park-Nortown,39,Bedford Park-Nortown (39),D32,626195.337719884,4843429.69885086
3639,80205480,4001752528,3/23/2014 4:00:00 AM,1059,BATHURST  ST,HOTSPUR RD,,Major Arterial,North York,43.733172,-79.433002,At Intersection,No Control,Clear,Daylight,Dry,Non-Fatal Injury,Turning Movement,Passenger,30 to 34,None,,,,,,,,,,,,,,,Yes,,,,,Yes,,Yes,,,,39,Bedford Park-Nortown,39,Bedford Park-Nortown (39),D32,626195.337719884,4843429.69885086
3640,80205836,4001787575,3/29/2014 4:00:00 AM,236,455 MILNER AVE,,,Minor Arterial,Scarborough,43.791693,-79.228359,Non Intersection,No Control,Clear,"Dark, artificial",Dry,Non-Fatal Injury,SMV Other,Driver,25 to 29,Major,,East,Delivery Van,Going Ahead,Lost control,"Ability Impaired, Alcohol",,,,,,,,,Yes,,,,,Yes,,,,Yes,,146,Malvern East,132,Malvern (132),D42,642537.023765745,4850261.39934265
3641,80205837,4001787575,3/29/2014 4:00:00 AM,236,455 MILNER AVE,,,Minor Arterial,Scarborough,43.791693,-79.228359,Non Intersection,No Control,Clear,"Dark, artificial",Dry,Non-Fatal Injury,SMV Other,Passenger,15 to 19,Major,,,,,,,,,,,,,,,Yes,,,,,Yes,,,,Yes,,146,Malvern East,132,Malvern (132),D42,642537.023765745,4850261.39934265
3642,80156688,4001840034,4/6/2014 4:00:00 AM,1730,DUNDAS ST W,MABELLE AVE,,Major Arterial,Etobicoke York,43.646765,-79.530544,At Intersection,Traffic Signal,Clear,Daylight,Dry,Non-Fatal Injury,Pedestrian Collisions,Driver,70 to 74,None,,North,"Automobile, Station Wagon",Turning Left,Failed to Yield Right of Way,Inattentive,,,,,,,Yes,,Yes,,,,,Yes,,Yes,,,,159,Etobicoke City Centre,14,Islington-City Centre West (14),D22,618509.95605254,4833689.10799353
3643,80156689,4001840034,4/6/2014 4:00:00 AM,1730,DUNDAS ST W,MABELLE AVE,,Major Arterial,Etobicoke York,43.646765,-79.530544,At Intersection,Traffic Signal,Clear,Daylight,Dry,Non-Fatal Injury,Pedestrian Collisions,Passenger,80 to 84,None,,,,,,,,,,,,,Yes,,Yes,,,,,Yes,,Yes,,,,159,Etobicoke City Centre,14,Islington-City Centre West (14),D22,618509.95605254,4833689.10799353
3644,80156690,4001840034,4/6/2014 4:00:00 AM,1730,DUNDAS ST W,MABELLE AVE,,Major Arterial,Etobicoke York,43.646765,-79.530544,At Intersection,Traffic Signal,Clear,Daylight,Dry,Non-Fatal Injury,Pedestrian Collisions,Pedestrian,55 to 59,Major,,South,,,,,Vehicle turns left while ped crosses with ROW at inter.,Crossing with right of way,Unknown,,,,Yes,,Yes,,,,,Yes,,Yes,,,,159,Etobicoke City Centre,14,Islington-City Centre West (14),D22,618509.95605254,4833689.10799353
3645,80156695,4001840724,4/6/2014 4:00:00 AM,2002,BAYVIEW AVE,PARKHURST BLVD,,Major Arterial,North York,43.708693,-79.376323,At Intersection,Pedestrian Crossover,Clear,"Dark, artificial",Dry,Non-Fatal Injury,Pedestrian Collisions,Driver,15 to 19,None,,South,Passenger Van,Going Ahead,Failed to Yield Right of Way,Inattentive,,,,,,,Yes,,Yes,,,,,Yes,,Yes,,,,56,Leaside-Bennington,56,Leaside-Bennington (56),D53,630813.185879193,4840798.83766583
3646,80156696,4001840724,4/6/2014 4:00:00 AM,2002,BAYVIEW AVE,PARKHURST BLVD,,Major Arterial,North York,43.708693,-79.376323,At Intersection,Pedestrian Crossover,Clear,"Dark, artificial",Dry,Non-Fatal Injury,Pedestrian Collisions,Pedestrian,20 to 24,Major,,East,,,,,Pedestrian hit a PXO/ped. Mid-block signal,"Crossing, Pedestrian Crossover",Normal,,,,Yes,,Yes,,,,,Yes,,Yes,,,,56,Leaside-Bennington,56,Leaside-Bennington (56),D53,630813.185879193,4840798.83766583
3647,80156697,4001840724,4/6/2014 4:00:00 AM,2002,BAYVIEW AVE,PARKHURST BLVD,,Major Arterial,North York,43.708693,-79.376323,At Intersection,Pedestrian Crossover,Clear,"Dark, artificial",Dry,Non-Fatal Injury,Pedestrian Collisions,Passenger,15 to 19,None,,,,,,,,,,,,,Yes,,Yes,,,,,Yes,,Yes,,,,56,Leaside-Bennington,56,Leaside-Bennington (56),D53,630813.185879193,4840798.83766583
3648,80207051,4001910374,4/8/2014 4:00:00 AM,1955,HARBORD ST,SPADINA AVE,25 m East of,Major Arterial,Toronto and East York,43.663043,-79.402095,Non Intersection,No Control,Other,Daylight,Dry,Non-Fatal Injury,Cyclist Collisions,Driver,20 to 24,None,,East,"Automobile, Station Wagon",Parked,Other,Unknown,,,,,,,,Yes,Yes,,,,,Yes,,,,,,79,University,79,University (79),D52,628834.507068033,4835688.43301365
3649,80207052,4001910374,4/8/2014 4:00:00 AM,1955,HARBORD ST,SPADINA AVE,25 m East of,Major Arterial,Toronto and East York,43.663043,-79.402095,Non Intersection,No Control,Other,Daylight,Dry,Non-Fatal Injury,Cyclist Collisions,Cyclist,20 to 24,Major,,East,Bicycle,Going Ahead,,,,,,Cyclist struck opened vehicle door,Driving Properly,Normal,,Yes,Yes,,,,,Yes,,,,,,79,University,79,University (79),D52,628834.507068033,4835688.43301365
3650,80207053,4001910374,4/8/2014 4:00:00 AM,1955,HARBORD ST,SPADINA AVE,25 m East of,Major Arterial,Toronto and East York,43.663043,-79.402095,Non Intersection,No Control,Other,Daylight,Dry,Non-Fatal Injury,Cyclist Collisions,Passenger,50 to 54,None,,,,,,,,,,,,,,Yes,Yes,,,,,Yes,,,,,,79,University,79,University (79),D52,628834.507068033,4835688.43301365
3651,80206543,4001856099,4/9/2014 4:00:00 AM,1005,STEELES AVE W,TORRESDALE AVE,,Major Arterial,North York,43.790801,-79.453021,At Intersection,Traffic Signal,Clear,Daylight,Dry,Non-Fatal Injury,Turning Movement,Driver,60 to 64,Major,,West,"Automobile, Station Wagon",Turning Left,Failed to Yield Right of Way,Normal,,,,,,,,,Yes,,,,,Yes,Yes,Yes,,,,35,Westminster-Branson,35,Westminster-Branson (35),D32,624463.57114813,4849799.96671207
3652,80206544,4001856099,4/9/2014 4:00:00 AM,1005,STEELES AVE W,TORRESDALE AVE,,Major Arterial,North York,43.790801,-79.453021,At Intersection,Traffic Signal,Clear,Daylight,Dry,Non-Fatal Injury,Turning Movement,Driver,15 to 19,Minimal,,East,"Automobile, Station Wagon",Going Ahead,Exceeding Speed Limit,Normal,,,,,,,,,Yes,,,,,Yes,Yes,Yes,,,,35,Westminster-Branson,35,Westminster-Branson (35),D32,624463.57114813,4849799.96671207
3653,80206545,4001856099,4/9/2014 4:00:00 AM,1005,STEELES AVE W,TORRESDALE AVE,,Major Arterial,North York,43.790801,-79.453021,At Intersection,Traffic Signal,Clear,Daylight,Dry,Non-Fatal Injury,Turning Movement,Passenger,15 to 19,Minor,,,,,,,,,,,,,,,Yes,,,,,Yes,Yes,Yes,,,,35,Westminster-Branson,35,Westminster-Branson (35),D32,624463.57114813,4849799.96671207
3654,80206546,4001856099,4/9/2014 4:00:00 AM,1005,STEELES AVE W,TORRESDALE AVE,,Major Arterial,North York,43.790801,-79.453021,At Intersection,Traffic Signal,Clear,Daylight,Dry,Non-Fatal Injury,Turning Movement,Passenger,15 to 19,Minor,,,,,,,,,,,,,,,Yes,,,,,Yes,Yes,Yes,,,,35,Westminster-Branson,35,Westminster-Branson (35),D32,624463.57114813,4849799.96671207
3655,80206547,4001856099,4/9/2014 4:00:00 AM,1005,STEELES AVE W,TORRESDALE AVE,,Major Arterial,North York,43.790801,-79.453021,At Intersection,Traffic Signal,Clear,Daylight,Dry,Non-Fatal Injury,Turning Movement,Passenger,15 to 19,Minor,,,,,,,,,,,,,,,Yes,,,,,Yes,Yes,Yes,,,,35,Westminster-Branson,35,Westminster-Branson (35),D32,624463.57114813,4849799.96671207
3656,80206548,4001856099,4/9/2014 4:00:00 AM,1005,STEELES AVE W,TORRESDALE AVE,,Major Arterial,North York,43.790801,-79.453021,At Intersection,Traffic Signal,Clear,Daylight,Dry,Non-Fatal Injury,Turning Movement,Passenger,15 to 19,Minor,,,,,,,,,,,,,,,Yes,,,,,Yes,Yes,Yes,,,,35,Westminster-Branson,35,Westminster-Branson (35),D32,624463.57114813,4849799.96671207
3657,80206716,4001876057,4/12/2014 4:00:00 AM,1030,WESTON RD,EGLINTON AVE W,,Major Arterial,Etobicoke York,43.686984,-79.48952,Intersection Related,Traffic Signal,Clear,Daylight,Dry,Non-Fatal Injury,Turning Movement,Driver,75 to 79,Minimal,,South,"Automobile, Station Wagon",Going Ahead,Driving Properly,Normal,,,,,,,,,Yes,,,,,Yes,,,,,,115,Mount Dennis,115,Mount Dennis (115),D12,621737.196412082,4838215.35458106
3658,80206717,4001876057,4/12/2014 4:00:00 AM,1030,WESTON RD,EGLINTON AVE W,,Major Arterial,Etobicoke York,43.686984,-79.48952,Intersection Related,Traffic Signal,Clear,Daylight,Dry,Non-Fatal Injury,Turning Movement,Driver,40 to 44,Major,,North,"Automobile, Station Wagon",Turning Left,Improper Turn,Normal,,,,,,,,,Yes,,,,,Yes,,,,,,115,Mount Dennis,115,Mount Dennis (115),D12,621737.196412082,4838215.35458106
3659,80206718,4001876057,4/12/2014 4:00:00 AM,1030,WESTON RD,EGLINTON AVE W,,Major Arterial,Etobicoke York,43.686984,-79.48952,Intersection Related,Traffic Signal,Clear,Daylight,Dry,Non-Fatal Injury,Turning Movement,Passenger,20 to 24,Major,,,,,,,,,,,,,,,Yes,,,,,Yes,,,,,,115,Mount Dennis,115,Mount Dennis (115),D12,621737.196412082,4838215.35458106
3660,80157476,4001887812,4/14/2014 4:00:00 AM,934,BLOOR ST W,RUNNYMEDE RD,,Major Arterial,Toronto and East York,43.651122,-79.476299,Intersection Related,Traffic Signal,Clear,Daylight,Dry,Non-Fatal Injury,Sideswipe,Driver,50 to 54,Minimal,,West,"Automobile, Station Wagon",Stopped,Driving Properly,Normal,,,,,,,,,Yes,,,,,Yes,,,,,Yes,87,High Park-Swansea,87,High Park-Swansea (87),D11,622875.907446948,4834251.89825354
3661,80157477,4001887812,4/14/2014 4:00:00 AM,934,BLOOR ST W,RUNNYMEDE RD,,Major Arterial,Toronto and East York,43.651122,-79.476299,Intersection Related,Traffic Signal,Clear,Daylight,Dry,Non-Fatal Injury,Sideswipe,Driver,35 to 39,None,,West,"Automobile, Station Wagon",Stopped,Driving Properly,Normal,,,,,,,,,Yes,,,,,Yes,,,,,Yes,87,High Park-Swansea,87,High Park-Swansea (87),D11,622875.907446948,4834251.89825354
3662,80157478,4001887812,4/14/2014 4:00:00 AM,934,BLOOR ST W,RUNNYMEDE RD,,Major Arterial,Toronto and East York,43.651122,-79.476299,Intersection Related,Traffic Signal,Clear,Daylight,Dry,Non-Fatal Injury,Sideswipe,Driver,75 to 79,Major,,West,"Automobile, Station Wagon",Going Ahead,Lost control,Medical or Physical Disability,,,,,,,,,Yes,,,,,Yes,,,,,Yes,87,High Park-Swansea,87,High Park-Swansea (87),D11,622875.907446948,4834251.89825354
3663,80157479,4001887812,4/14/2014 4:00:00 AM,934,BLOOR ST W,RUNNYMEDE RD,,Major Arterial,Toronto and East York,43.651122,-79.476299,Intersection Related,Traffic Signal,Clear,Daylight,Dry,Non-Fatal Injury,Sideswipe,Passenger,75 to 79,Minimal,,,,,,,,,,,,,,,Yes,,,,,Yes,,,,,Yes,87,High Park-Swansea,87,High Park-Swansea (87),D11,622875.907446948,4834251.89825354
3664,80157480,4001887812,4/14/2014 4:00:00 AM,934,BLOOR ST W,RUNNYMEDE RD,,Major Arterial,Toronto and East York,43.651122,-79.476299,Intersection Related,Traffic Signal,Clear,Daylight,Dry,Non-Fatal Injury,Sideswipe,Passenger,30 to 34,None,,,,,,,,,,,,,,,Yes,,,,,Yes,,,,,Yes,87,High Park-Swansea,87,High Park-Swansea (87),D11,622875.907446948,4834251.89825354
3665,80485405,4001902313,4/16/2014 4:00:00 AM,1453,STEELES AVE W,GIHON SPRING DR,60 m East of,Major Arterial,Etobicoke York,43.759448,-79.596225,Non Intersection,No Control,Clear,Daylight,Dry,Non-Fatal Injury,Approaching,Driver,15 to 19,None,,West,Passenger Van,Going Ahead,Lost control,Normal,,,,,,,,,Yes,,,,,Yes,Yes,Yes,,,,2,Mount Olive-Silverstone-Jamestown,2,Mount Olive-Silverstone-Jamestown (2),D23,613000.923760596,4846112.38990764
3666,80485406,4001902313,4/16/2014 4:00:00 AM,1453,STEELES AVE W,GIHON SPRING DR,60 m East of,Major Arterial,Etobicoke York,43.759448,-79.596225,Non Intersection,No Control,Clear,Daylight,Dry,Non-Fatal Injury,Approaching,Driver,40 to 44,Major,,East,"Automobile, Station Wagon",Going Ahead,Driving Properly,Normal,,,,,,,,,Yes,,,,,Yes,Yes,Yes,,,,2,Mount Olive-Silverstone-Jamestown,2,Mount Olive-Silverstone-Jamestown (2),D23,613000.923760596,4846112.38990764
3667,80485407,4001902313,4/16/2014 4:00:00 AM,1453,STEELES AVE W,GIHON SPRING DR,60 m East of,Major Arterial,Etobicoke York,43.759448,-79.596225,Non Intersection,No Control,Clear,Daylight,Dry,Non-Fatal Injury,Approaching,Passenger,15 to 19,Minor,,,,,,,,,,,,,,,Yes,,,,,Yes,Yes,Yes,,,,2,Mount Olive-Silverstone-Jamestown,2,Mount Olive-Silverstone-Jamestown (2),D23,613000.923760596,4846112.38990764
3668,80485408,4001902313,4/16/2014 4:00:00 AM,1453,STEELES AVE W,GIHON SPRING DR,60 m East of,Major Arterial,Etobicoke York,43.759448,-79.596225,Non Intersection,No Control,Clear,Daylight,Dry,Non-Fatal Injury,Approaching,Passenger,15 to 19,Minor,,,,,,,,,,,,,,,Yes,,,,,Yes,Yes,Yes,,,,2,Mount Olive-Silverstone-Jamestown,2,Mount Olive-Silverstone-Jamestown (2),D23,613000.923760596,4846112.38990764
3669,80485409,4001902313,4/16/2014 4:00:00 AM,1453,STEELES AVE W,GIHON SPRING DR,60 m East of,Major Arterial,Etobicoke York,43.759448,-79.596225,Non Intersection,No Control,Clear,Daylight,Dry,Non-Fatal Injury,Approaching,Passenger,15 to 19,None,,,,,,,,,,,,,,,Yes,,,,,Yes,Yes,Yes,,,,2,Mount Olive-Silverstone-Jamestown,2,Mount Olive-Silverstone-Jamestown (2),D23,613000.923760596,4846112.38990764