OBJECTID,INDEX,ACCNUM,DATE,TIME,STREET1,STREET2,OFFSET,ROAD_CLASS,DISTRICT,LATITUDE,LONGITUDE,ACCLOC,TRAFFCTL,VISIBILITY,LIGHT,RDSFCOND,ACCLASS,IMPACTYPE,INVTYPE,INVAGE,INJURY,FATAL_NO,INITDIR,VEHTYPE,MANOEUVER,DRIVACT,DRIVCOND,PEDTYPE,PEDACT,PEDCOND,CYCLISTYPE,CYCACT,CYCCOND,PEDESTRIAN,CYCLIST,AUTOMOBILE,MOTORCYCLE,TRUCK,TRSN_CITY_VEH,EMERG_VEH,PASSENGER,SPEEDING,AG_DRIV,REDLIGHT,ALCOHOL,DISABILITY,HOOD_158,NEIGHBOURHOOD_158,HOOD_140,NEIGHBOURHOOD_140,DIVISION,x,y
3670,80485410,4001902313,4/16/2014 4:00:00 AM,1453,STEELES AVE W,GIHON SPRING DR,60 m East of,Major Arterial,Etobicoke York,43.759448,-79.596225,Non Intersection,No Control,Clear,Daylight,Dry,Non-Fatal Injury,Approaching,Passenger,15 to 19,None,,,,,,,,,,,,,,,Yes,,,,,Yes,Yes,Yes,,,,2,Mount Olive-Silverstone-Jamestown,2,Mount Olive-Silverstone-Jamestown (2),D23,613000.923760596,4846112.38990764
3671,80485411,4001902313,4/16/2014 4:00:00 AM,1453,STEELES AVE W,GIHON SPRING DR,60 m East of,Major Arterial,Etobicoke York,43.759448,-79.596225,Non Intersection,No Control,Clear,Daylight,Dry,Non-Fatal Injury,Approaching,Passenger,45 to 49,Minor,,,,,,,,,,,,,,,Yes,,,,,Yes,Yes,Yes,,,,2,Mount Olive-Silverstone-Jamestown,2,Mount Olive-Silverstone-Jamestown (2),D23,613000.923760596,4846112.38990764
3672,80207060,4001911454,4/17/2014 4:00:00 AM,2030,THE QUEENSWAY,SOUTH KINGSWAY,,Major Arterial,Toronto and East York,43.635459,-79.473483,Underpass or Tunnel,No Control,Clear,"Dark, artificial",Dry,Non-Fatal Injury,Sideswipe,Driver,35 to 39,Major,,East,"Automobile, Station Wagon",Overtaking,Exceeding Speed Limit,Normal,,,,,,,,,Yes,,,,,Yes,Yes,Yes,,,,87,High Park-Swansea,87,High Park-Swansea (87),D11,623134.995124444,4832516.49590467
3673,80207061,4001911454,4/17/2014 4:00:00 AM,2030,THE QUEENSWAY,SOUTH KINGSWAY,,Major Arterial,Toronto and East York,43.635459,-79.473483,Underpass or Tunnel,No Control,Clear,"Dark, artificial",Dry,Non-Fatal Injury,Sideswipe,Driver,60 to 64,None,,East,"Automobile, Station Wagon",Going Ahead,Driving Properly,Normal,,,,,,,,,Yes,,,,,Yes,Yes,Yes,,,,87,High Park-Swansea,87,High Park-Swansea (87),D11,623134.995124444,4832516.49590467
3674,80207062,4001911454,4/17/2014 4:00:00 AM,2030,THE QUEENSWAY,SOUTH KINGSWAY,,Major Arterial,Toronto and East York,43.635459,-79.473483,Underpass or Tunnel,No Control,Clear,"Dark, artificial",Dry,Non-Fatal Injury,Sideswipe,Passenger,40 to 44,None,,,,,,,,,,,,,,,Yes,,,,,Yes,Yes,Yes,,,,87,High Park-Swansea,87,High Park-Swansea (87),D11,623134.995124444,4832516.49590467
3675,80158065,4001933544,4/21/2014 4:00:00 AM,2201,VICTORIA PARK AVE,LAWRENCE AVE E,,Major Arterial,North York,43.742125,-79.309787,Intersection Related,Traffic Signal,Clear,"Dark, artificial",Dry,Non-Fatal Injury,Pedestrian Collisions,Driver,40 to 44,None,,West,"Automobile, Station Wagon",Turning Left,Failed to Yield Right of Way,Inattentive,,,,,,,Yes,,Yes,,,,,Yes,,Yes,,,,43,Victoria Village,43,Victoria Village (43),D33,636098.051366196,4844619.10119415
3676,80158066,4001933544,4/21/2014 4:00:00 AM,2201,VICTORIA PARK AVE,LAWRENCE AVE E,,Major Arterial,North York,43.742125,-79.309787,Intersection Related,Traffic Signal,Clear,"Dark, artificial",Dry,Non-Fatal Injury,Pedestrian Collisions,Passenger,15 to 19,None,,,,,,,,,,,,,Yes,,Yes,,,,,Yes,,Yes,,,,43,Victoria Village,43,Victoria Village (43),D33,636098.051366196,4844619.10119415
3677,80158067,4001933544,4/21/2014 4:00:00 AM,2201,VICTORIA PARK AVE,LAWRENCE AVE E,,Major Arterial,North York,43.742125,-79.309787,Intersection Related,Traffic Signal,Clear,"Dark, artificial",Dry,Non-Fatal Injury,Pedestrian Collisions,Pedestrian,55 to 59,Major,,West,,,,,Vehicle turns left while ped crosses with ROW at inter.,Crossing with right of way,Normal,,,,Yes,,Yes,,,,,Yes,,Yes,,,,43,Victoria Village,43,Victoria Village (43),D33,636098.051366196,4844619.10119415
3678,80628495,4001989403,4/30/2014 4:00:00 AM,1822,STEELES AVE W,HILDA AVE,,Major Arterial,North York,43.795935,-79.429225,At Intersection,Traffic Signal,Rain,Daylight,Wet,Non-Fatal Injury,Other,Driver,35 to 39,None,,West,Municipal Transit Bus (TTC),Pulling Away from Shoulder or Curb,Driving Properly,Normal,,,,,,,,,,,,Yes,,Yes,,,,,,36,Newtonbrook West,36,Newtonbrook West (36),D32,626367.294397899,4850406.23398353
3679,80628496,4001989403,4/30/2014 4:00:00 AM,1822,STEELES AVE W,HILDA AVE,,Major Arterial,North York,43.795935,-79.429225,At Intersection,Traffic Signal,Rain,Daylight,Wet,Non-Fatal Injury,Other,Passenger,85 to 89,Major,,,,,,,,,,,,,,,,,,Yes,,Yes,,,,,,36,Newtonbrook West,36,Newtonbrook West (36),D32,626367.294397899,4850406.23398353
3680,80158991,4001994857,5/1/2014 4:00:00 AM,1520,ELLESMERE RD,PHARMACY AVE,,Major Arterial,Scarborough,43.759013,-79.310191,At Intersection,Traffic Signal,Clear,Daylight,Dry,Non-Fatal Injury,Other,Driver,60 to 64,None,,West,Municipal Transit Bus (TTC),Pulling Away from Shoulder or Curb,Driving Properly,Normal,,,,,,,,,,,,Yes,,Yes,,,,,,119,Wexford/Maryvale,119,Wexford/Maryvale (119),D41,636027.255422317,4846494.10488125
3681,80158992,4001994857,5/1/2014 4:00:00 AM,1520,ELLESMERE RD,PHARMACY AVE,,Major Arterial,Scarborough,43.759013,-79.310191,At Intersection,Traffic Signal,Clear,Daylight,Dry,Non-Fatal Injury,Other,Passenger,80 to 84,Major,,,,,,,,,,,,,,,,,,Yes,,Yes,,,,,,119,Wexford/Maryvale,119,Wexford/Maryvale (119),D41,636027.255422317,4846494.10488125
3682,80628548,4001997279,5/1/2014 4:00:00 AM,2244,WESTON RD,MAINSHEP RD,,Major Arterial,Etobicoke York,43.731497,-79.537448,Non Intersection,No Control,Clear,"Dark, artificial",Dry,Non-Fatal Injury,Rear End,Driver,20 to 24,Minor,,South,"Automobile, Station Wagon",Going Ahead,Exceeding Speed Limit,"Ability Impaired, Alcohol Over .08",,,,,,,,,Yes,,,,,Yes,Yes,Yes,,Yes,,23,Pelmo Park-Humberlea,23,Pelmo Park-Humberlea (23),D31,617787.185716807,4843089.89898425
3683,80628549,4001997279,5/1/2014 4:00:00 AM,2244,WESTON RD,MAINSHEP RD,,Major Arterial,Etobicoke York,43.731497,-79.537448,Non Intersection,No Control,Clear,"Dark, artificial",Dry,Non-Fatal Injury,Rear End,Driver,30 to 34,Minor,,South,"Automobile, Station Wagon",Going Ahead,Driving Properly,Normal,,,,,,,,,Yes,,,,,Yes,Yes,Yes,,Yes,,23,Pelmo Park-Humberlea,23,Pelmo Park-Humberlea (23),D31,617787.185716807,4843089.89898425
3684,80628550,4001997279,5/1/2014 4:00:00 AM,2244,WESTON RD,MAINSHEP RD,,Major Arterial,Etobicoke York,43.731497,-79.537448,Non Intersection,No Control,Clear,"Dark, artificial",Dry,Non-Fatal Injury,Rear End,Passenger,30 to 34,Major,,,,,,,,,,,,,,,Yes,,,,,Yes,Yes,Yes,,Yes,,23,Pelmo Park-Humberlea,23,Pelmo Park-Humberlea (23),D31,617787.185716807,4843089.89898425
3685,80628551,4001997279,5/1/2014 4:00:00 AM,2244,WESTON RD,MAINSHEP RD,,Major Arterial,Etobicoke York,43.731497,-79.537448,Non Intersection,No Control,Clear,"Dark, artificial",Dry,Non-Fatal Injury,Rear End,Passenger,30 to 34,Minor,,,,,,,,,,,,,,,Yes,,,,,Yes,Yes,Yes,,Yes,,23,Pelmo Park-Humberlea,23,Pelmo Park-Humberlea (23),D31,617787.185716807,4843089.89898425
3686,80628552,4001997279,5/1/2014 4:00:00 AM,2244,WESTON RD,MAINSHEP RD,,Major Arterial,Etobicoke York,43.731497,-79.537448,Non Intersection,No Control,Clear,"Dark, artificial",Dry,Non-Fatal Injury,Rear End,Passenger,25 to 29,Minor,,,,,,,,,,,,,,,Yes,,,,,Yes,Yes,Yes,,Yes,,23,Pelmo Park-Humberlea,23,Pelmo Park-Humberlea (23),D31,617787.185716807,4843089.89898425
3687,80628553,4001997279,5/1/2014 4:00:00 AM,2244,WESTON RD,MAINSHEP RD,,Major Arterial,Etobicoke York,43.731497,-79.537448,Non Intersection,No Control,Clear,"Dark, artificial",Dry,Non-Fatal Injury,Rear End,Passenger,55 to 59,Minor,,,,,,,,,,,,,,,Yes,,,,,Yes,Yes,Yes,,Yes,,23,Pelmo Park-Humberlea,23,Pelmo Park-Humberlea (23),D31,617787.185716807,4843089.89898425
3688,80159333,4002017268,5/5/2014 4:00:00 AM,644,WOODBINE AVE,MERRILL AVE E,,Major Arterial,Toronto and East York,43.683406,-79.311847,Intersection Related,Stop Sign,Clear,Daylight,Dry,Non-Fatal Injury,Cyclist Collisions,Driver,25 to 29,None,,East,"Automobile, Station Wagon",Turning Left,Failed to Yield Right of Way,Normal,,,,,,,,Yes,Yes,,,,,Yes,,Yes,,,,64,Woodbine Corridor,64,Woodbine Corridor (64),D55,636064.998996114,4838094.12749759
3689,80159334,4002017268,5/5/2014 4:00:00 AM,644,WOODBINE AVE,MERRILL AVE E,,Major Arterial,Toronto and East York,43.683406,-79.311847,Intersection Related,Stop Sign,Clear,Daylight,Dry,Non-Fatal Injury,Cyclist Collisions,Passenger,25 to 29,None,,,,,,,,,,,,,,Yes,Yes,,,,,Yes,,Yes,,,,64,Woodbine Corridor,64,Woodbine Corridor (64),D55,636064.998996114,4838094.12749759
3690,80159335,4002017268,5/5/2014 4:00:00 AM,644,WOODBINE AVE,MERRILL AVE E,,Major Arterial,Toronto and East York,43.683406,-79.311847,Intersection Related,Stop Sign,Clear,Daylight,Dry,Non-Fatal Injury,Cyclist Collisions,Passenger,unknown,None,,,,,,,,,,,,,,Yes,Yes,,,,,Yes,,Yes,,,,64,Woodbine Corridor,64,Woodbine Corridor (64),D55,636064.998996114,4838094.12749759
3691,80159336,4002017268,5/5/2014 4:00:00 AM,644,WOODBINE AVE,MERRILL AVE E,,Major Arterial,Toronto and East York,43.683406,-79.311847,Intersection Related,Stop Sign,Clear,Daylight,Dry,Non-Fatal Injury,Cyclist Collisions,Passenger,unknown,None,,,,,,,,,,,,,,Yes,Yes,,,,,Yes,,Yes,,,,64,Woodbine Corridor,64,Woodbine Corridor (64),D55,636064.998996114,4838094.12749759
3692,80159337,4002017268,5/5/2014 4:00:00 AM,644,WOODBINE AVE,MERRILL AVE E,,Major Arterial,Toronto and East York,43.683406,-79.311847,Intersection Related,Stop Sign,Clear,Daylight,Dry,Non-Fatal Injury,Cyclist Collisions,Cyclist,55 to 59,Major,,South,Bicycle,Going Ahead,,,,,,Motorist turned left across cyclists path.,Driving Properly,Normal,,Yes,Yes,,,,,Yes,,Yes,,,,64,Woodbine Corridor,64,Woodbine Corridor (64),D55,636064.998996114,4838094.12749759
3693,80159363,4002018320,5/5/2014 4:00:00 AM,1009,WOODBINE AVE,KINGSTON RD,,Major Arterial,Toronto and East York,43.673918,-79.307918,At Intersection,Traffic Signal,Clear,Daylight,Dry,Non-Fatal Injury,Cyclist Collisions,Cyclist,50 to 54,Major,,North,Bicycle,Going Ahead,,,,,,Motorist turned left across cyclists path.,Driving Properly,Normal,,Yes,Yes,,,,,Yes,,Yes,,,,63,The Beaches,63,The Beaches (63),D55,636403.17821195,4837046.80776245
3694,80159364,4002018320,5/5/2014 4:00:00 AM,1009,WOODBINE AVE,KINGSTON RD,,Major Arterial,Toronto and East York,43.673918,-79.307918,At Intersection,Traffic Signal,Clear,Daylight,Dry,Non-Fatal Injury,Cyclist Collisions,Driver,45 to 49,None,,South,"Automobile, Station Wagon",Turning Left,Failed to Yield Right of Way,Normal,,,,,,,,Yes,Yes,,,,,Yes,,Yes,,,,63,The Beaches,63,The Beaches (63),D55,636403.17821195,4837046.80776245
3695,80159365,4002018320,5/5/2014 4:00:00 AM,1009,WOODBINE AVE,KINGSTON RD,,Major Arterial,Toronto and East York,43.673918,-79.307918,At Intersection,Traffic Signal,Clear,Daylight,Dry,Non-Fatal Injury,Cyclist Collisions,Passenger,20 to 24,None,,,,,,,,,,,,,,Yes,Yes,,,,,Yes,,Yes,,,,63,The Beaches,63,The Beaches (63),D55,636403.17821195,4837046.80776245
3696,8000012,142049204,5/10/2014 4:00:00 AM,233,DUNDAS ST W,AUGUSTA AVE,,Major Arterial,Toronto and East York,43.652262,-79.401134,,No Control,Clear,"Dark, artificial",Dry,Fatal,Pedestrian Collisions,Pedestrian,25 to 29,Fatal,9,Unknown,,,,,Other / Undefined,Other,Had Been Drinking,,,,Yes,,Yes,,,,,Yes,,,,,,78,Kensington-Chinatown,78,Kensington-Chinatown (78),D14,628935.063290595,4834492.55347435
3697,8000013,142049204,5/10/2014 4:00:00 AM,233,DUNDAS ST W,AUGUSTA AVE,,Major Arterial,Toronto and East York,43.652262,-79.401134,,No Control,Clear,"Dark, artificial",Dry,Fatal,Pedestrian Collisions,Driver,30 to 34,None,,West,"Automobile, Station Wagon",Changing Lanes,Improper Lane Change,Unknown,,,,,,,Yes,,Yes,,,,,Yes,,,,,,78,Kensington-Chinatown,78,Kensington-Chinatown (78),D14,628935.063290595,4834492.55347435
3698,8000014,142049204,5/10/2014 4:00:00 AM,233,DUNDAS ST W,AUGUSTA AVE,,Major Arterial,Toronto and East York,43.652262,-79.401134,,No Control,Clear,"Dark, artificial",Dry,Fatal,Pedestrian Collisions,Driver,60 to 64,None,,West,"Automobile, Station Wagon",Stopped,Driving Properly,Normal,,,,,,,Yes,,Yes,,,,,Yes,,,,,,78,Kensington-Chinatown,78,Kensington-Chinatown (78),D14,628935.063290595,4834492.55347435
3699,80000028,142049204,5/10/2014 4:00:00 AM,233,DUNDAS ST W,AUGUSTA AVE,,Major Arterial,Toronto and East York,43.652262,-79.401134,,No Control,Clear,"Dark, artificial",Dry,Fatal,Pedestrian Collisions,Passenger,20 to 24,None,,,,,,,,,,,,,Yes,,Yes,,,,,Yes,,,,,,78,Kensington-Chinatown,78,Kensington-Chinatown (78),D14,628935.063290595,4834492.55347435
3700,80160036,4002062071,5/12/2014 4:00:00 AM,740,DUNDAS ST E,LESLIE ST,,Minor Arterial,Toronto and East York,43.666724,-79.331714,At Intersection,Traffic Signal,Clear,Daylight,Dry,Non-Fatal Injury,Cyclist Collisions,Driver,35 to 39,None,,West,"Automobile, Station Wagon",Turning Right,Failed to Yield Right of Way,Normal,,,,,,,,Yes,Yes,,,,,Yes,,Yes,,,,70,South Riverdale,70,South Riverdale (70),D55,634500.966947106,4836208.95928828
3701,80160037,4002062071,5/12/2014 4:00:00 AM,740,DUNDAS ST E,LESLIE ST,,Minor Arterial,Toronto and East York,43.666724,-79.331714,At Intersection,Traffic Signal,Clear,Daylight,Dry,Non-Fatal Injury,Cyclist Collisions,Passenger,30 to 34,None,,,,,,,,,,,,,,Yes,Yes,,,,,Yes,,Yes,,,,70,South Riverdale,70,South Riverdale (70),D55,634500.966947106,4836208.95928828
3702,80160038,4002062071,5/12/2014 4:00:00 AM,740,DUNDAS ST E,LESLIE ST,,Minor Arterial,Toronto and East York,43.666724,-79.331714,At Intersection,Traffic Signal,Clear,Daylight,Dry,Non-Fatal Injury,Cyclist Collisions,Passenger,5 to 9,None,,,,,,,,,,,,,,Yes,Yes,,,,,Yes,,Yes,,,,70,South Riverdale,70,South Riverdale (70),D55,634500.966947106,4836208.95928828
3703,80160039,4002062071,5/12/2014 4:00:00 AM,740,DUNDAS ST E,LESLIE ST,,Minor Arterial,Toronto and East York,43.666724,-79.331714,At Intersection,Traffic Signal,Clear,Daylight,Dry,Non-Fatal Injury,Cyclist Collisions,Passenger,0 to 4,None,,,,,,,,,,,,,,Yes,Yes,,,,,Yes,,Yes,,,,70,South Riverdale,70,South Riverdale (70),D55,634500.966947106,4836208.95928828
3704,80160040,4002062071,5/12/2014 4:00:00 AM,740,DUNDAS ST E,LESLIE ST,,Minor Arterial,Toronto and East York,43.666724,-79.331714,At Intersection,Traffic Signal,Clear,Daylight,Dry,Non-Fatal Injury,Cyclist Collisions,Cyclist,40 to 44,Major,,West,Bicycle,Going Ahead,,,,,,Motorist turning right on green or amber at signalized intersection strikes cyclist.,Driving Properly,Normal,,Yes,Yes,,,,,Yes,,Yes,,,,70,South Riverdale,70,South Riverdale (70),D55,634500.966947106,4836208.95928828
3705,80629000,4002082136,5/15/2014 4:00:00 AM,737,FINCH AVE W,WILMINGTON AVE,,Major Arterial,North York,43.770182,-79.460681,At Intersection,Traffic Signal,Clear,Daylight,Dry,Non-Fatal Injury,Turning Movement,Driver,60 to 64,None,,West,"Automobile, Station Wagon",Turning Left,Failed to Yield Right of Way,Inattentive,,,,,,,,,Yes,,,,,Yes,,Yes,,,,34,Bathurst Manor,34,Bathurst Manor (34),D32,623889.853274967,4847498.42242165
3706,80629001,4002082136,5/15/2014 4:00:00 AM,737,FINCH AVE W,WILMINGTON AVE,,Major Arterial,North York,43.770182,-79.460681,At Intersection,Traffic Signal,Clear,Daylight,Dry,Non-Fatal Injury,Turning Movement,Driver,20 to 24,Minimal,,West,"Automobile, Station Wagon",Stopped,Driving Properly,Normal,,,,,,,,,Yes,,,,,Yes,,Yes,,,,34,Bathurst Manor,34,Bathurst Manor (34),D32,623889.853274967,4847498.42242165
3707,80629002,4002082136,5/15/2014 4:00:00 AM,737,FINCH AVE W,WILMINGTON AVE,,Major Arterial,North York,43.770182,-79.460681,At Intersection,Traffic Signal,Clear,Daylight,Dry,Non-Fatal Injury,Turning Movement,Driver,60 to 64,None,,West,"Automobile, Station Wagon",Stopped,Driving Properly,Normal,,,,,,,,,Yes,,,,,Yes,,Yes,,,,34,Bathurst Manor,34,Bathurst Manor (34),D32,623889.853274967,4847498.42242165
3708,80629003,4002082136,5/15/2014 4:00:00 AM,737,FINCH AVE W,WILMINGTON AVE,,Major Arterial,North York,43.770182,-79.460681,At Intersection,Traffic Signal,Clear,Daylight,Dry,Non-Fatal Injury,Turning Movement,Passenger,20 to 24,Major,,,,,,,,,,,,,,,Yes,,,,,Yes,,Yes,,,,34,Bathurst Manor,34,Bathurst Manor (34),D32,623889.853274967,4847498.42242165
3709,80629004,4002082136,5/15/2014 4:00:00 AM,737,FINCH AVE W,WILMINGTON AVE,,Major Arterial,North York,43.770182,-79.460681,At Intersection,Traffic Signal,Clear,Daylight,Dry,Non-Fatal Injury,Turning Movement,Passenger,40 to 44,None,,,,,,,,,,,,,,,Yes,,,,,Yes,,Yes,,,,34,Bathurst Manor,34,Bathurst Manor (34),D32,623889.853274967,4847498.42242165
3710,80160612,4002098742,5/17/2014 4:00:00 AM,1729,YONGE ST,QUEEN ST,,Major Arterial,Toronto and East York,43.653201,-79.379573,Non Intersection,No Control,Clear,Daylight,Dry,Non-Fatal Injury,Pedestrian Collisions,Driver,20 to 24,None,,South,"Automobile, Station Wagon",Going Ahead,Driving Properly,Had Been Drinking,,,,,,,Yes,,Yes,,,,,Yes,,,,,,168,Downtown Yonge East,75,Church-Yonge Corridor (75),D51,630671.757974672,4834630.56894985
3711,80160613,4002098742,5/17/2014 4:00:00 AM,1729,YONGE ST,QUEEN ST,,Major Arterial,Toronto and East York,43.653201,-79.379573,Non Intersection,No Control,Clear,Daylight,Dry,Non-Fatal Injury,Pedestrian Collisions,Passenger,60 to 64,None,,,,,,,,,,,,,Yes,,Yes,,,,,Yes,,,,,,168,Downtown Yonge East,75,Church-Yonge Corridor (75),D51,630671.757974672,4834630.56894985
3712,80160614,4002098742,5/17/2014 4:00:00 AM,1729,YONGE ST,QUEEN ST,,Major Arterial,Toronto and East York,43.653201,-79.379573,Non Intersection,No Control,Clear,Daylight,Dry,Non-Fatal Injury,Pedestrian Collisions,Pedestrian,45 to 49,Major,,East,,,,,Pedestrian hit at mid-block,Running onto Roadway,Normal,,,,Yes,,Yes,,,,,Yes,,,,,,168,Downtown Yonge East,75,Church-Yonge Corridor (75),D51,630671.757974672,4834630.56894985
3713,80209225,4002131801,5/22/2014 4:00:00 AM,2020,LESLIE ST,ESTHER SHINER BLVD,,Major Arterial,North York,43.769412,-79.364269,At Intersection,Traffic Signal,Clear,"Dark, artificial",Dry,Non-Fatal Injury,Turning Movement,Driver,25 to 29,None,,South,"Automobile, Station Wagon",Going Ahead,Disobeyed Traffic Control,"Ability Impaired, Alcohol",,,,,,,,,Yes,,,,,Yes,,Yes,Yes,Yes,,52,Bayview Village,52,Bayview Village (52),D33,631651.194562616,4847561.67085261
3714,80209226,4002131801,5/22/2014 4:00:00 AM,2020,LESLIE ST,ESTHER SHINER BLVD,,Major Arterial,North York,43.769412,-79.364269,At Intersection,Traffic Signal,Clear,"Dark, artificial",Dry,Non-Fatal Injury,Turning Movement,Driver,60 to 64,Major,,East,"Automobile, Station Wagon",Turning Left,Driving Properly,Normal,,,,,,,,,Yes,,,,,Yes,,Yes,Yes,Yes,,52,Bayview Village,52,Bayview Village (52),D33,631651.194562616,4847561.67085261
3715,80209227,4002131801,5/22/2014 4:00:00 AM,2020,LESLIE ST,ESTHER SHINER BLVD,,Major Arterial,North York,43.769412,-79.364269,At Intersection,Traffic Signal,Clear,"Dark, artificial",Dry,Non-Fatal Injury,Turning Movement,Passenger,60 to 64,Minor,,,,,,,,,,,,,,,Yes,,,,,Yes,,Yes,Yes,Yes,,52,Bayview Village,52,Bayview Village (52),D33,631651.194562616,4847561.67085261
3716,80629256,4002140437,5/24/2014 4:00:00 AM,319,BRIMORTON DR,ALBACORE CRES,48 m East of,Collector,Scarborough,43.769133,-79.237544,Non Intersection,No Control,Clear,"Dark, artificial",Dry,Non-Fatal Injury,SMV Other,Driver,30 to 34,Minor,,East,"Automobile, Station Wagon",Going Ahead,Lost control,Had Been Drinking,,,,,,,,,Yes,,,,,Yes,Yes,Yes,,,,142,Woburn North,137,Woburn (137),D43,641851.382739787,4847739.97739035
3717,80629257,4002140437,5/24/2014 4:00:00 AM,319,BRIMORTON DR,ALBACORE CRES,48 m East of,Collector,Scarborough,43.769133,-79.237544,Non Intersection,No Control,Clear,"Dark, artificial",Dry,Non-Fatal Injury,SMV Other,Passenger,40 to 44,Major,,,,,,,,,,,,,,,Yes,,,,,Yes,Yes,Yes,,,,142,Woburn North,137,Woburn (137),D43,641851.382739787,4847739.97739035
3718,80629511,4002194232,5/31/2014 4:00:00 AM,2217,F G GARDINER XY  W,SPADINA AVE,,Major Arterial,Toronto and East York,43.638892,-79.390979,Non Intersection,No Control,Clear,"Dark, artificial",Dry,Non-Fatal Injury,Sideswipe,Driver,45 to 49,None,,West,"Automobile, Station Wagon",Changing Lanes,Improper Lane Change,Unknown,,,,,,,,,Yes,,,,,Yes,,,,,,165,Harbourfront-CityPlace,77,Waterfront Communities-The Island (77),D52,629782.775920376,4833023.46992435
3719,80629512,4002194232,5/31/2014 4:00:00 AM,2217,F G GARDINER XY  W,SPADINA AVE,,Major Arterial,Toronto and East York,43.638892,-79.390979,Non Intersection,No Control,Clear,"Dark, artificial",Dry,Non-Fatal Injury,Sideswipe,Driver,15 to 19,Major,,West,"Automobile, Station Wagon",Going Ahead,Driving Properly,Normal,,,,,,,,,Yes,,,,,Yes,,,,,,165,Harbourfront-CityPlace,77,Waterfront Communities-The Island (77),D52,629782.775920376,4833023.46992435
3720,80629513,4002194232,5/31/2014 4:00:00 AM,2217,F G GARDINER XY  W,SPADINA AVE,,Major Arterial,Toronto and East York,43.638892,-79.390979,Non Intersection,No Control,Clear,"Dark, artificial",Dry,Non-Fatal Injury,Sideswipe,Passenger,15 to 19,None,,,,,,,,,,,,,,,Yes,,,,,Yes,,,,,,165,Harbourfront-CityPlace,77,Waterfront Communities-The Island (77),D52,629782.775920376,4833023.46992435
3721,80629514,4002194232,5/31/2014 4:00:00 AM,2217,F G GARDINER XY  W,SPADINA AVE,,Major Arterial,Toronto and East York,43.638892,-79.390979,Non Intersection,No Control,Clear,"Dark, artificial",Dry,Non-Fatal Injury,Sideswipe,Passenger,45 to 49,None,,,,,,,,,,,,,,,Yes,,,,,Yes,,,,,,165,Harbourfront-CityPlace,77,Waterfront Communities-The Island (77),D52,629782.775920376,4833023.46992435
3722,80629515,4002194232,5/31/2014 4:00:00 AM,2217,F G GARDINER XY  W,SPADINA AVE,,Major Arterial,Toronto and East York,43.638892,-79.390979,Non Intersection,No Control,Clear,"Dark, artificial",Dry,Non-Fatal Injury,Sideswipe,Passenger,45 to 49,None,,,,,,,,,,,,,,,Yes,,,,,Yes,,,,,,165,Harbourfront-CityPlace,77,Waterfront Communities-The Island (77),D52,629782.775920376,4833023.46992435
3723,80629516,4002194232,5/31/2014 4:00:00 AM,2217,F G GARDINER XY  W,SPADINA AVE,,Major Arterial,Toronto and East York,43.638892,-79.390979,Non Intersection,No Control,Clear,"Dark, artificial",Dry,Non-Fatal Injury,Sideswipe,Passenger,45 to 49,None,,,,,,,,,,,,,,,Yes,,,,,Yes,,,,,,165,Harbourfront-CityPlace,77,Waterfront Communities-The Island (77),D52,629782.775920376,4833023.46992435
3724,80629517,4002194232,5/31/2014 4:00:00 AM,2217,F G GARDINER XY  W,SPADINA AVE,,Major Arterial,Toronto and East York,43.638892,-79.390979,Non Intersection,No Control,Clear,"Dark, artificial",Dry,Non-Fatal Injury,Sideswipe,Passenger,15 to 19,None,,,,,,,,,,,,,,,Yes,,,,,Yes,,,,,,165,Harbourfront-CityPlace,77,Waterfront Communities-The Island (77),D52,629782.775920376,4833023.46992435
3725,80210115,4002199465,6/1/2014 4:00:00 AM,1747,LAWRENCE AVE E,MCCOWAN RD,,Major Arterial,Scarborough,43.755477,-79.245387,At Intersection,Traffic Signal,Clear,Daylight,Dry,Non-Fatal Injury,Rear End,Driver,30 to 34,None,,West,"Automobile, Station Wagon",Going Ahead,Following too Close,Had Been Drinking,,,,,,,,,Yes,,,,,Yes,,Yes,,,,157,Bendale South,127,Bendale (127),D43,641252.267174368,4846209.86068106
3726,80210116,4002199465,6/1/2014 4:00:00 AM,1747,LAWRENCE AVE E,MCCOWAN RD,,Major Arterial,Scarborough,43.755477,-79.245387,At Intersection,Traffic Signal,Clear,Daylight,Dry,Non-Fatal Injury,Rear End,Driver,65 to 69,None,,West,"Automobile, Station Wagon",Stopped,Driving Properly,Normal,,,,,,,,,Yes,,,,,Yes,,Yes,,,,157,Bendale South,127,Bendale (127),D43,641252.267174368,4846209.86068106
3727,80210117,4002199465,6/1/2014 4:00:00 AM,1747,LAWRENCE AVE E,MCCOWAN RD,,Major Arterial,Scarborough,43.755477,-79.245387,At Intersection,Traffic Signal,Clear,Daylight,Dry,Non-Fatal Injury,Rear End,Driver,50 to 54,None,,West,"Automobile, Station Wagon",Stopped,Driving Properly,Normal,,,,,,,,,Yes,,,,,Yes,,Yes,,,,157,Bendale South,127,Bendale (127),D43,641252.267174368,4846209.86068106