OBJECTID,INDEX,ACCNUM,DATE,TIME,STREET1,STREET2,OFFSET,ROAD_CLASS,DISTRICT,LATITUDE,LONGITUDE,ACCLOC,TRAFFCTL,VISIBILITY,LIGHT,RDSFCOND,ACCLASS,IMPACTYPE,INVTYPE,INVAGE,INJURY,FATAL_NO,INITDIR,VEHTYPE,MANOEUVER,DRIVACT,DRIVCOND,PEDTYPE,PEDACT,PEDCOND,CYCLISTYPE,CYCACT,CYCCOND,PEDESTRIAN,CYCLIST,AUTOMOBILE,MOTORCYCLE,TRUCK,TRSN_CITY_VEH,EMERG_VEH,PASSENGER,SPEEDING,AG_DRIV,REDLIGHT,ALCOHOL,DISABILITY,HOOD_158,NEIGHBOURHOOD_158,HOOD_140,NEIGHBOURHOOD_140,DIVISION,x,y
3728,80210118,4002199465,6/1/2014 4:00:00 AM,1747,LAWRENCE AVE E,MCCOWAN RD,,Major Arterial,Scarborough,43.755477,-79.245387,At Intersection,Traffic Signal,Clear,Daylight,Dry,Non-Fatal Injury,Rear End,Passenger,70 to 74,Major,,,,,,,,,,,,,,,Yes,,,,,Yes,,Yes,,,,157,Bendale South,127,Bendale (127),D43,641252.267174368,4846209.86068106
3729,80210272,4002215759,6/3/2014 4:00:00 AM,2220,KENNEDY RD,HIGHVIEW AV,58 m North o,Collector,Scarborough,43.702975,-79.255931,Non Intersection,No Control,Clear,Dark,Dry,Non-Fatal Injury,Sideswipe,Motorcycle Driver,45 to 49,Major,,North,Motorcycle,Slowing or Stopping,Improper Passing,Inattentive,,,,,,,,,Yes,Yes,,,,Yes,,Yes,,,,122,Birchcliffe-Cliffside,122,Birchcliffe-Cliffside (122),D41,640526.163257691,4840360.8045039
3730,80210273,4002215759,6/3/2014 4:00:00 AM,2220,KENNEDY RD,HIGHVIEW AV,58 m North o,Collector,Scarborough,43.702975,-79.255931,Non Intersection,No Control,Clear,Dark,Dry,Non-Fatal Injury,Sideswipe,Driver,15 to 19,None,,North,Pick Up Truck,Overtaking,Driving Properly,Normal,,,,,,,,,Yes,Yes,,,,Yes,,Yes,,,,122,Birchcliffe-Cliffside,122,Birchcliffe-Cliffside (122),D41,640526.163257691,4840360.8045039
3731,80210274,4002215759,6/3/2014 4:00:00 AM,2220,KENNEDY RD,HIGHVIEW AV,58 m North o,Collector,Scarborough,43.702975,-79.255931,Non Intersection,No Control,Clear,Dark,Dry,Non-Fatal Injury,Sideswipe,Passenger,15 to 19,None,,,,,,,,,,,,,,,Yes,Yes,,,,Yes,,Yes,,,,122,Birchcliffe-Cliffside,122,Birchcliffe-Cliffside (122),D41,640526.163257691,4840360.8045039
3732,80210509,4002237751,6/7/2014 4:00:00 AM,110,BATHURST ST,ARDMORE RD,,Major Arterial,Toronto and East York,43.693701,-79.422572,At Intersection,No Control,Clear,"Dark, artificial",Dry,Non-Fatal Injury,Rear End,Driver,25 to 29,None,,North,Pick Up Truck,Slowing or Stopping,Following too Close,Normal,,,,,,,,,Yes,,,,,Yes,,Yes,,,,101,Forest Hill South,101,Forest Hill South (101),D13,627118.732111148,4839061.82375982
3733,80210510,4002237751,6/7/2014 4:00:00 AM,110,BATHURST ST,ARDMORE RD,,Major Arterial,Toronto and East York,43.693701,-79.422572,At Intersection,No Control,Clear,"Dark, artificial",Dry,Non-Fatal Injury,Rear End,Driver,50 to 54,None,,North,"Automobile, Station Wagon",Stopped,Driving Properly,Normal,,,,,,,,,Yes,,,,,Yes,,Yes,,,,101,Forest Hill South,101,Forest Hill South (101),D13,627118.732111148,4839061.82375982
3734,80210511,4002237751,6/7/2014 4:00:00 AM,110,BATHURST ST,ARDMORE RD,,Major Arterial,Toronto and East York,43.693701,-79.422572,At Intersection,No Control,Clear,"Dark, artificial",Dry,Non-Fatal Injury,Rear End,Driver,35 to 39,Minimal,,North,Delivery Van,Stopped,Driving Properly,Normal,,,,,,,,,Yes,,,,,Yes,,Yes,,,,101,Forest Hill South,101,Forest Hill South (101),D13,627118.732111148,4839061.82375982
3735,80210512,4002237751,6/7/2014 4:00:00 AM,110,BATHURST ST,ARDMORE RD,,Major Arterial,Toronto and East York,43.693701,-79.422572,At Intersection,No Control,Clear,"Dark, artificial",Dry,Non-Fatal Injury,Rear End,Passenger,45 to 49,Major,,,,,,,,,,,,,,,Yes,,,,,Yes,,Yes,,,,101,Forest Hill South,101,Forest Hill South (101),D13,627118.732111148,4839061.82375982
3736,80210664,4002253625,6/9/2014 4:00:00 AM,1252,THIRTY FIFTH ST,DOMINION RD,,Local,Etobicoke York,43.592047,-79.534717,Intersection Related,Stop Sign,Clear,Daylight,Dry,Non-Fatal Injury,Angle,Driver,35 to 39,None,,West,"Automobile, Station Wagon",Going Ahead,Failed to Yield Right of Way,Inattentive,,,,,,,,,Yes,,,,,Yes,,Yes,,,,19,Long Branch,19,Long Branch (19),D22,618280.644868259,4827606.05820421
3737,80210665,4002253625,6/9/2014 4:00:00 AM,1252,THIRTY FIFTH ST,DOMINION RD,,Local,Etobicoke York,43.592047,-79.534717,Intersection Related,Stop Sign,Clear,Daylight,Dry,Non-Fatal Injury,Angle,Driver,35 to 39,Major,,North,Pick Up Truck,Going Ahead,Driving Properly,Normal,,,,,,,,,Yes,,,,,Yes,,Yes,,,,19,Long Branch,19,Long Branch (19),D22,618280.644868259,4827606.05820421
3738,80210666,4002253625,6/9/2014 4:00:00 AM,1252,THIRTY FIFTH ST,DOMINION RD,,Local,Etobicoke York,43.592047,-79.534717,Intersection Related,Stop Sign,Clear,Daylight,Dry,Non-Fatal Injury,Angle,Passenger,5 to 9,None,,,,,,,,,,,,,,,Yes,,,,,Yes,,Yes,,,,19,Long Branch,19,Long Branch (19),D22,618280.644868259,4827606.05820421
3739,80210667,4002253625,6/9/2014 4:00:00 AM,1252,THIRTY FIFTH ST,DOMINION RD,,Local,Etobicoke York,43.592047,-79.534717,Intersection Related,Stop Sign,Clear,Daylight,Dry,Non-Fatal Injury,Angle,Passenger,0 to 4,None,,,,,,,,,,,,,,,Yes,,,,,Yes,,Yes,,,,19,Long Branch,19,Long Branch (19),D22,618280.644868259,4827606.05820421
3740,80485421,4002270913,6/11/2014 4:00:00 AM,1940,DON VALLEY PARKWAY  S,DON MILLS RD,500 m North ,,Toronto and East York,43.702536,-79.33308,Non Intersection,No Control,Clear,Daylight,Dry,Non-Fatal Injury,Sideswipe,Driver,35 to 39,None,,South,"Automobile, Station Wagon",Going Ahead,Lost control,Unknown,,,,,,,,,Yes,,,,,Yes,Yes,Yes,,,,58,Old East York,58,Old East York (58),D55,634310.889417524,4840184.16435727
3741,80485422,4002270913,6/11/2014 4:00:00 AM,1940,DON VALLEY PARKWAY  S,DON MILLS RD,500 m North ,,Toronto and East York,43.702536,-79.33308,Non Intersection,No Control,Clear,Daylight,Dry,Non-Fatal Injury,Sideswipe,Driver,45 to 49,Minor,,South,Delivery Van,Going Ahead,Driving Properly,Normal,,,,,,,,,Yes,,,,,Yes,Yes,Yes,,,,58,Old East York,58,Old East York (58),D55,634310.889417524,4840184.16435727
3742,80485423,4002270913,6/11/2014 4:00:00 AM,1940,DON VALLEY PARKWAY  S,DON MILLS RD,500 m North ,,Toronto and East York,43.702536,-79.33308,Non Intersection,No Control,Clear,Daylight,Dry,Non-Fatal Injury,Sideswipe,Passenger,45 to 49,Major,,,,,,,,,,,,,,,Yes,,,,,Yes,Yes,Yes,,,,58,Old East York,58,Old East York (58),D55,634310.889417524,4840184.16435727
3743,80210915,4002274575,6/12/2014 4:00:00 AM,1119,BAYVIEW AVE,401 C W BAYVIEW RAMP,,Major Arterial,North York,43.764506,-79.387477,At Intersection,Traffic Signal,Clear,Daylight,Dry,Non-Fatal Injury,Turning Movement,Driver,50 to 54,None,,North,Delivery Van,Going Ahead,Disobeyed Traffic Control,Normal,,,,,,,,,Yes,,,,,Yes,,Yes,Yes,,,52,Bayview Village,52,Bayview Village (52),D33,629793.900135415,4846980.14777971
3744,80210916,4002274575,6/12/2014 4:00:00 AM,1119,BAYVIEW AVE,401 C W BAYVIEW RAMP,,Major Arterial,North York,43.764506,-79.387477,At Intersection,Traffic Signal,Clear,Daylight,Dry,Non-Fatal Injury,Turning Movement,Driver,50 to 54,Major,,West,"Automobile, Station Wagon",Turning Left,Driving Properly,Normal,,,,,,,,,Yes,,,,,Yes,,Yes,Yes,,,52,Bayview Village,52,Bayview Village (52),D33,629793.900135415,4846980.14777971
3745,80210917,4002274575,6/12/2014 4:00:00 AM,1119,BAYVIEW AVE,401 C W BAYVIEW RAMP,,Major Arterial,North York,43.764506,-79.387477,At Intersection,Traffic Signal,Clear,Daylight,Dry,Non-Fatal Injury,Turning Movement,Passenger,85 to 89,Major,,,,,,,,,,,,,,,Yes,,,,,Yes,,Yes,Yes,,,52,Bayview Village,52,Bayview Village (52),D33,629793.900135415,4846980.14777971
3746,80210959,4002279383,6/12/2014 4:00:00 AM,2014,JOHN GARLAND BLVD,FOUR LEAF DR,12 m West of,Collector,Etobicoke York,43.731764,-79.591045,At Intersection,No Control,Clear,"Dusk, artificial",Dry,Non-Fatal Injury,SMV Other,Driver,15 to 19,None,,West,"Automobile, Station Wagon",Turning Left,Lost control,Unknown,,,,,,,,,Yes,,,,,Yes,,,,,,1,West Humber-Clairville,1,West Humber-Clairville (1),D23,613470.196961698,4843044.76506364
3747,80210960,4002279383,6/12/2014 4:00:00 AM,2014,JOHN GARLAND BLVD,FOUR LEAF DR,12 m West of,Collector,Etobicoke York,43.731764,-79.591045,At Intersection,No Control,Clear,"Dusk, artificial",Dry,Non-Fatal Injury,SMV Other,Passenger,15 to 19,Major,,,,,,,,,,,,,,,Yes,,,,,Yes,,,,,,1,West Humber-Clairville,1,West Humber-Clairville (1),D23,613470.196961698,4843044.76506364
3748,80211055,4002286061,6/14/2014 4:00:00 AM,2308,STEELES AVE E,DON MILLS RD,,Major Arterial,North York,43.811175,-79.360767,At Intersection,Traffic Signal,Clear,Dark,Dry,Non-Fatal Injury,Turning Movement,Driver,25 to 29,None,,East,"Automobile, Station Wagon",Going Ahead,Disobeyed Traffic Control,Inattentive,,,,,,,,,Yes,,,,,Yes,Yes,Yes,Yes,,,48,Hillcrest Village,48,Hillcrest Village (48),D33,631841.194282408,4852205.6806825
3749,80211056,4002286061,6/14/2014 4:00:00 AM,2308,STEELES AVE E,DON MILLS RD,,Major Arterial,North York,43.811175,-79.360767,At Intersection,Traffic Signal,Clear,Dark,Dry,Non-Fatal Injury,Turning Movement,Driver,20 to 24,Minimal,,West,"Automobile, Station Wagon",Turning Left,Improper Turn,Inattentive,,,,,,,,,Yes,,,,,Yes,Yes,Yes,Yes,,,48,Hillcrest Village,48,Hillcrest Village (48),D33,631841.194282408,4852205.6806825
3750,80211057,4002286061,6/14/2014 4:00:00 AM,2308,STEELES AVE E,DON MILLS RD,,Major Arterial,North York,43.811175,-79.360767,At Intersection,Traffic Signal,Clear,Dark,Dry,Non-Fatal Injury,Turning Movement,Passenger,35 to 39,Minimal,,,,,,,,,,,,,,,Yes,,,,,Yes,Yes,Yes,Yes,,,48,Hillcrest Village,48,Hillcrest Village (48),D33,631841.194282408,4852205.6806825
3751,80211058,4002286061,6/14/2014 4:00:00 AM,2308,STEELES AVE E,DON MILLS RD,,Major Arterial,North York,43.811175,-79.360767,At Intersection,Traffic Signal,Clear,Dark,Dry,Non-Fatal Injury,Turning Movement,Passenger,55 to 59,Major,,,,,,,,,,,,,,,Yes,,,,,Yes,Yes,Yes,Yes,,,48,Hillcrest Village,48,Hillcrest Village (48),D33,631841.194282408,4852205.6806825
3752,80211059,4002286061,6/14/2014 4:00:00 AM,2308,STEELES AVE E,DON MILLS RD,,Major Arterial,North York,43.811175,-79.360767,At Intersection,Traffic Signal,Clear,Dark,Dry,Non-Fatal Injury,Turning Movement,Passenger,20 to 24,Minimal,,,,,,,,,,,,,,,Yes,,,,,Yes,Yes,Yes,Yes,,,48,Hillcrest Village,48,Hillcrest Village (48),D33,631841.194282408,4852205.6806825
3753,80164617,4002366263,6/19/2014 4:00:00 AM,1930,DUNDAS ST W,DOVERCOURT RD,,Minor Arterial,Toronto and East York,43.649428,-79.424739,Non Intersection,No Control,Clear,Daylight,Dry,Non-Fatal Injury,Cyclist Collisions,Passenger,25 to 29,None,,,,,,,,,,,,,,Yes,Yes,,,,,Yes,,Yes,,,,81,Trinity-Bellwoods,81,Trinity-Bellwoods (81),D14,627037.474792331,4834141.39470571
3754,80164618,4002366263,6/19/2014 4:00:00 AM,1930,DUNDAS ST W,DOVERCOURT RD,,Minor Arterial,Toronto and East York,43.649428,-79.424739,Non Intersection,No Control,Clear,Daylight,Dry,Non-Fatal Injury,Cyclist Collisions,Driver,20 to 24,None,,West,"Automobile, Station Wagon",Turning Left,Failed to Yield Right of Way,Normal,,,,,,,,Yes,Yes,,,,,Yes,,Yes,,,,81,Trinity-Bellwoods,81,Trinity-Bellwoods (81),D14,627037.474792331,4834141.39470571
3755,80164619,4002366263,6/19/2014 4:00:00 AM,1930,DUNDAS ST W,DOVERCOURT RD,,Minor Arterial,Toronto and East York,43.649428,-79.424739,Non Intersection,No Control,Clear,Daylight,Dry,Non-Fatal Injury,Cyclist Collisions,Cyclist,25 to 29,Major,,East,Bicycle,Going Ahead,,,,,,Motorist turned left across cyclists path.,Driving Properly,Normal,,Yes,Yes,,,,,Yes,,Yes,,,,81,Trinity-Bellwoods,81,Trinity-Bellwoods (81),D14,627037.474792331,4834141.39470571
3756,80630127,4002326649,6/19/2014 4:00:00 AM,2134,BATHURST ST,BEDFORD PARK AVE,,Major Arterial,North York,43.721472,-79.430255,Non Intersection,No Control,Clear,"Dark, artificial",Dry,Non-Fatal Injury,Other,Driver,30 to 34,None,,South,Municipal Transit Bus (TTC),Pulling Away from Shoulder or Curb,Driving Properly,Normal,,,,,,,,,,,,Yes,,Yes,,,,,,39,Bedford Park-Nortown,39,Bedford Park-Nortown (39),D32,626441.179193753,4842134.43299158
3757,80630128,4002326649,6/19/2014 4:00:00 AM,2134,BATHURST ST,BEDFORD PARK AVE,,Major Arterial,North York,43.721472,-79.430255,Non Intersection,No Control,Clear,"Dark, artificial",Dry,Non-Fatal Injury,Other,Passenger,85 to 89,Major,,,,,,,,,,,,,,,,,,Yes,,Yes,,,,,,39,Bedford Park-Nortown,39,Bedford Park-Nortown (39),D32,626441.179193753,4842134.43299158
3758,80211668,4002339341,6/21/2014 4:00:00 AM,1836,ROYAL YORK RD,ALLANHURST DR,,Minor Arterial,Etobicoke York,43.679274,-79.525287,At Intersection,Traffic Signal,Clear,Daylight,Dry,Non-Fatal Injury,Turning Movement,Driver,50 to 54,None,,North,"Automobile, Station Wagon",Turning Left,Failed to Yield Right of Way,Inattentive,,,,,,,,,Yes,,,,,Yes,,Yes,,,,9,Edenbridge-Humber Valley,9,Edenbridge-Humber Valley (9),D22,618869.755850599,4837307.17459052
3759,80211669,4002339341,6/21/2014 4:00:00 AM,1836,ROYAL YORK RD,ALLANHURST DR,,Minor Arterial,Etobicoke York,43.679274,-79.525287,At Intersection,Traffic Signal,Clear,Daylight,Dry,Non-Fatal Injury,Turning Movement,Driver,65 to 69,Major,,South,"Automobile, Station Wagon",Going Ahead,Driving Properly,Normal,,,,,,,,,Yes,,,,,Yes,,Yes,,,,9,Edenbridge-Humber Valley,9,Edenbridge-Humber Valley (9),D22,618869.755850599,4837307.17459052
3760,80211670,4002339341,6/21/2014 4:00:00 AM,1836,ROYAL YORK RD,ALLANHURST DR,,Minor Arterial,Etobicoke York,43.679274,-79.525287,At Intersection,Traffic Signal,Clear,Daylight,Dry,Non-Fatal Injury,Turning Movement,Passenger,65 to 69,Minor,,,,,,,,,,,,,,,Yes,,,,,Yes,,Yes,,,,9,Edenbridge-Humber Valley,9,Edenbridge-Humber Valley (9),D22,618869.755850599,4837307.17459052
3761,80212187,4002384040,6/28/2014 4:00:00 AM,227,FRED GARDINER EXP[EASTBOUND],WICKMAN RD 222,80 m West of,,Etobicoke York,43.616686,-79.531215,Non Intersection,No Control,Clear,"Dark, artificial",Dry,Non-Fatal Injury,Approaching,Driver,25 to 29,Major,,West,"Automobile, Station Wagon",Going Ahead,Wrong Way on One Way Road,"Ability Impaired, Alcohol",,,,,,,,,Yes,,,,,Yes,,,,Yes,,20,Alderwood,20,Alderwood (20),D22,618514.945062215,4830347.5042484
3762,80212188,4002384040,6/28/2014 4:00:00 AM,227,FRED GARDINER EXP[EASTBOUND],WICKMAN RD 222,80 m West of,,Etobicoke York,43.616686,-79.531215,Non Intersection,No Control,Clear,"Dark, artificial",Dry,Non-Fatal Injury,Approaching,Driver,30 to 34,None,,East,Passenger Van,Going Ahead,Driving Properly,Normal,,,,,,,,,Yes,,,,,Yes,,,,Yes,,20,Alderwood,20,Alderwood (20),D22,618514.945062215,4830347.5042484
3763,80212189,4002384040,6/28/2014 4:00:00 AM,227,FRED GARDINER EXP[EASTBOUND],WICKMAN RD 222,80 m West of,,Etobicoke York,43.616686,-79.531215,Non Intersection,No Control,Clear,"Dark, artificial",Dry,Non-Fatal Injury,Approaching,Passenger,25 to 29,Minor,,,,,,,,,,,,,,,Yes,,,,,Yes,,,,Yes,,20,Alderwood,20,Alderwood (20),D22,618514.945062215,4830347.5042484
3764,80212316,4002395351,6/29/2014 4:00:00 AM,1748,NEILSON RD,BERNER TRL,97 m South o,Minor Arterial,Scarborough,43.801406,-79.218105,Non Intersection,No Control,Clear,Daylight,Dry,Non-Fatal Injury,SMV Other,Driver,20 to 24,Major,,South,"Automobile, Station Wagon",Going Ahead,Lost control,Unknown,,,,,,,,,Yes,,,,,Yes,,,,,,146,Malvern East,132,Malvern (132),D42,643338.78957744,4851357.89524156
3765,80212317,4002395351,6/29/2014 4:00:00 AM,1748,NEILSON RD,BERNER TRL,97 m South o,Minor Arterial,Scarborough,43.801406,-79.218105,Non Intersection,No Control,Clear,Daylight,Dry,Non-Fatal Injury,SMV Other,Passenger,15 to 19,Major,,,,,,,,,,,,,,,Yes,,,,,Yes,,,,,,146,Malvern East,132,Malvern (132),D42,643338.78957744,4851357.89524156
3766,80212318,4002395351,6/29/2014 4:00:00 AM,1748,NEILSON RD,BERNER TRL,97 m South o,Minor Arterial,Scarborough,43.801406,-79.218105,Non Intersection,No Control,Clear,Daylight,Dry,Non-Fatal Injury,SMV Other,Passenger,15 to 19,Major,,,,,,,,,,,,,,,Yes,,,,,Yes,,,,,,146,Malvern East,132,Malvern (132),D42,643338.78957744,4851357.89524156
3767,80212319,4002395351,6/29/2014 4:00:00 AM,1748,NEILSON RD,BERNER TRL,97 m South o,Minor Arterial,Scarborough,43.801406,-79.218105,Non Intersection,No Control,Clear,Daylight,Dry,Non-Fatal Injury,SMV Other,Passenger,20 to 24,Major,,,,,,,,,,,,,,,Yes,,,,,Yes,,,,,,146,Malvern East,132,Malvern (132),D42,643338.78957744,4851357.89524156
3768,80212320,4002395351,6/29/2014 4:00:00 AM,1748,NEILSON RD,BERNER TRL,97 m South o,Minor Arterial,Scarborough,43.801406,-79.218105,Non Intersection,No Control,Clear,Daylight,Dry,Non-Fatal Injury,SMV Other,Passenger,15 to 19,Major,,,,,,,,,,,,,,,Yes,,,,,Yes,,,,,,146,Malvern East,132,Malvern (132),D42,643338.78957744,4851357.89524156
3769,7895785,142454660,7/8/2014 4:00:00 AM,1024,MCNICOLL AVE,PHARMACY AVE,,Minor Arterial,Scarborough,43.804114,-79.330722,At Intersection,Traffic Signal,Clear,Daylight,Dry,Fatal,Angle,Driver,80 to 84,Minor,,South,"Automobile, Station Wagon",Going Ahead,Driving Properly,Normal,,,,,,,,,Yes,,,,,Yes,,Yes,Yes,,,116,Steeles,116,Steeles (116),D42,634273.515783688,4851469.75710156
3770,7895786,142454660,7/8/2014 4:00:00 AM,1024,MCNICOLL AVE,PHARMACY AVE,,Minor Arterial,Scarborough,43.804114,-79.330722,At Intersection,Traffic Signal,Clear,Daylight,Dry,Fatal,Angle,Driver,30 to 34,None,,West,Delivery Van,Going Ahead,Disobeyed Traffic Control,Inattentive,,,,,,,,,Yes,,,,,Yes,,Yes,Yes,,,116,Steeles,116,Steeles (116),D42,634273.515783688,4851469.75710156
3771,8000024,142454660,7/8/2014 4:00:00 AM,1024,MCNICOLL AVE,PHARMACY AVE,,Minor Arterial,Scarborough,43.804114,-79.330722,At Intersection,Traffic Signal,Clear,Daylight,Dry,Fatal,Angle,Passenger,90 to 94,Major,,,,,,,,,,,,,,,Yes,,,,,Yes,,Yes,Yes,,,116,Steeles,116,Steeles (116),D42,634273.515783688,4851469.75710156
3772,80000034,142454660,7/8/2014 4:00:00 AM,1024,MCNICOLL AVE,PHARMACY AVE,,Minor Arterial,Scarborough,43.804114,-79.330722,At Intersection,Traffic Signal,Clear,Daylight,Dry,Fatal,Angle,Passenger,85 to 89,Fatal,15,,,,,,,,,,,,,,Yes,,,,,Yes,,Yes,Yes,,,116,Steeles,116,Steeles (116),D42,634273.515783688,4851469.75710156
3773,80212976,4002458189,7/8/2014 4:00:00 AM,2028,DON MILLS RD,OVERLEA BLVD,17 m West of,Major Arterial,North York,43.709986,-79.334384,Non Intersection,Traffic Signal,Clear,Daylight,Dry,Non-Fatal Injury,Angle,Driver,45 to 49,None,,South,"Automobile, Station Wagon",Going Ahead,Disobeyed Traffic Control,Normal,,,,,,,,,Yes,,,,,Yes,,Yes,Yes,,,44,Flemingdon Park,44,Flemingdon Park (44),D55,634189.194496475,4841009.48117877
3774,80212977,4002458189,7/8/2014 4:00:00 AM,2028,DON MILLS RD,OVERLEA BLVD,17 m West of,Major Arterial,North York,43.709986,-79.334384,Non Intersection,Traffic Signal,Clear,Daylight,Dry,Non-Fatal Injury,Angle,Driver,80 to 84,Minimal,,East,"Automobile, Station Wagon",Going Ahead,Driving Properly,Normal,,,,,,,,,Yes,,,,,Yes,,Yes,Yes,,,44,Flemingdon Park,44,Flemingdon Park (44),D55,634189.194496475,4841009.48117877
3775,80212978,4002458189,7/8/2014 4:00:00 AM,2028,DON MILLS RD,OVERLEA BLVD,17 m West of,Major Arterial,North York,43.709986,-79.334384,Non Intersection,Traffic Signal,Clear,Daylight,Dry,Non-Fatal Injury,Angle,Passenger,75 to 79,Minimal,,,,,,,,,,,,,,,Yes,,,,,Yes,,Yes,Yes,,,44,Flemingdon Park,44,Flemingdon Park (44),D55,634189.194496475,4841009.48117877
3776,80212979,4002458189,7/8/2014 4:00:00 AM,2028,DON MILLS RD,OVERLEA BLVD,17 m West of,Major Arterial,North York,43.709986,-79.334384,Non Intersection,Traffic Signal,Clear,Daylight,Dry,Non-Fatal Injury,Angle,Passenger,75 to 79,Major,,,,,,,,,,,,,,,Yes,,,,,Yes,,Yes,Yes,,,44,Flemingdon Park,44,Flemingdon Park (44),D55,634189.194496475,4841009.48117877
3777,80213502,4002496866,7/14/2014 4:00:00 AM,1716,YONGE ST,ELLERSLIE AVE,,Major Arterial,North York,43.771983,-79.413562,At Intersection,No Control,Clear,Daylight,Dry,Non-Fatal Injury,Turning Movement,Driver,35 to 39,None,,North,"Automobile, Station Wagon",Turning Left,Failed to Yield Right of Way,Normal,,,,,,,,Yes,Yes,,,,,Yes,,Yes,,,,151,Yonge-Doris,51,Willowdale East (51),D32,627678.358385461,4847770.02851266
3778,80213503,4002496866,7/14/2014 4:00:00 AM,1716,YONGE ST,ELLERSLIE AVE,,Major Arterial,North York,43.771983,-79.413562,At Intersection,No Control,Clear,Daylight,Dry,Non-Fatal Injury,Turning Movement,Moped Driver,40 to 44,Major,,South,Moped,Going Ahead,Driving Properly,Normal,,,,,,,,Yes,Yes,,,,,Yes,,Yes,,,,151,Yonge-Doris,51,Willowdale East (51),D32,627678.358385461,4847770.02851266
3779,80213504,4002496866,7/14/2014 4:00:00 AM,1716,YONGE ST,ELLERSLIE AVE,,Major Arterial,North York,43.771983,-79.413562,At Intersection,No Control,Clear,Daylight,Dry,Non-Fatal Injury,Turning Movement,Passenger,5 to 9,None,,,,,,,,,,,,,,Yes,Yes,,,,,Yes,,Yes,,,,151,Yonge-Doris,51,Willowdale East (51),D32,627678.358385461,4847770.02851266
3780,80213505,4002496866,7/14/2014 4:00:00 AM,1716,YONGE ST,ELLERSLIE AVE,,Major Arterial,North York,43.771983,-79.413562,At Intersection,No Control,Clear,Daylight,Dry,Non-Fatal Injury,Turning Movement,Passenger,5 to 9,None,,,,,,,,,,,,,,Yes,Yes,,,,,Yes,,Yes,,,,151,Yonge-Doris,51,Willowdale East (51),D32,627678.358385461,4847770.02851266
3781,80631117,4002525835,7/18/2014 4:00:00 AM,2240,GERRARD ST E,PEMBROKE ST,,Minor Arterial,Toronto and East York,43.660868,-79.373523,At Intersection,No Control,Clear,Dark,Dry,Non-Fatal Injury,Cyclist Collisions,Cyclist,25 to 29,Major,,South,Bicycle,Going Ahead,,,,,,"Cyclist without ROW rides into path of motorist at inter, lnwy, dwy-Cyclist not turn.",Failed to Yield Right of Way,Had Been Drinking,,Yes,Yes,,,,,Yes,,Yes,,,,73,Moss Park,73,Moss Park (73),D51,631142.945446042,4835491.63598507
3782,80631118,4002525835,7/18/2014 4:00:00 AM,2240,GERRARD ST E,PEMBROKE ST,,Minor Arterial,Toronto and East York,43.660868,-79.373523,At Intersection,No Control,Clear,Dark,Dry,Non-Fatal Injury,Cyclist Collisions,Driver,25 to 29,None,,West,"Automobile, Station Wagon",Going Ahead,Driving Properly,Normal,,,,,,,,Yes,Yes,,,,,Yes,,Yes,,,,73,Moss Park,73,Moss Park (73),D51,631142.945446042,4835491.63598507
3783,80631119,4002525835,7/18/2014 4:00:00 AM,2240,GERRARD ST E,PEMBROKE ST,,Minor Arterial,Toronto and East York,43.660868,-79.373523,At Intersection,No Control,Clear,Dark,Dry,Non-Fatal Injury,Cyclist Collisions,Passenger,25 to 29,None,,,,,,,,,,,,,,Yes,Yes,,,,,Yes,,Yes,,,,73,Moss Park,73,Moss Park (73),D51,631142.945446042,4835491.63598507
3784,8000216,142588079,7/28/2014 4:00:00 AM,1200,DUDLEY AVE,FINCH AVE E,,Major Arterial,North York,43.781047,-79.409702,,Stop Sign,Clear,Daylight,Dry,Fatal,Turning Movement,Passenger,60 to 64,Minimal,,,,,,,,,,,,,,,Yes,,,,,Yes,,Yes,,,,152,East Willowdale,51,Willowdale East (51),D32,627969.682021056,4848782.68387331
3785,8000217,142588079,7/28/2014 4:00:00 AM,1200,DUDLEY AVE,FINCH AVE E,,Major Arterial,North York,43.781047,-79.409702,,Stop Sign,Clear,Daylight,Dry,Fatal,Turning Movement,Driver,65 to 69,Minimal,,East,"Automobile, Station Wagon",Going Ahead,Driving Properly,Normal,,,,,,,,,Yes,,,,,Yes,,Yes,,,,152,East Willowdale,51,Willowdale East (51),D32,627969.682021056,4848782.68387331
3786,8000218,142588079,7/28/2014 4:00:00 AM,1200,DUDLEY AVE,FINCH AVE E,,Major Arterial,North York,43.781047,-79.409702,,Stop Sign,Clear,Daylight,Dry,Fatal,Turning Movement,Passenger,70 to 74,Minimal,,,,,,,,,,,,,,,Yes,,,,,Yes,,Yes,,,,152,East Willowdale,51,Willowdale East (51),D32,627969.682021056,4848782.68387331
3787,80000036,142588079,7/28/2014 4:00:00 AM,1200,DUDLEY AVE,FINCH AVE E,,Major Arterial,North York,43.781047,-79.409702,,Stop Sign,Clear,Daylight,Dry,Fatal,Turning Movement,Driver,90 to 94,Fatal,17,North,"Automobile, Station Wagon",Turning Left,Disobeyed Traffic Control,Unknown,,,,,,,,,Yes,,,,,Yes,,Yes,,,,152,East Willowdale,51,Willowdale East (51),D32,627969.682021056,4848782.68387331