OBJECTID,INDEX,ACCNUM,DATE,TIME,STREET1,STREET2,OFFSET,ROAD_CLASS,DISTRICT,LATITUDE,LONGITUDE,ACCLOC,TRAFFCTL,VISIBILITY,LIGHT,RDSFCOND,ACCLASS,IMPACTYPE,INVTYPE,INVAGE,INJURY,FATAL_NO,INITDIR,VEHTYPE,MANOEUVER,DRIVACT,DRIVCOND,PEDTYPE,PEDACT,PEDCOND,CYCLISTYPE,CYCACT,CYCCOND,PEDESTRIAN,CYCLIST,AUTOMOBILE,MOTORCYCLE,TRUCK,TRSN_CITY_VEH,EMERG_VEH,PASSENGER,SPEEDING,AG_DRIV,REDLIGHT,ALCOHOL,DISABILITY,HOOD_158,NEIGHBOURHOOD_158,HOOD_140,NEIGHBOURHOOD_140,DIVISION,x,y
3788,80215119,4002628533,8/3/2014 4:00:00 AM,1330,BURNHAMTHORPE RD,MILL RD,,Major Arterial,Etobicoke York,43.639193,-79.584354,Intersection Related,Traffic Signal,Clear,Daylight,Dry,Non-Fatal Injury,Turning Movement,Driver,75 to 79,Major,,West,"Automobile, Station Wagon",Turning Left,Failed to Yield Right of Way,Normal,,,,,,,,,Yes,,,,,Yes,,Yes,,,,12,Markland Wood,12,Markland Wood (12),D22,614184.55112173,4832772.71256123
3789,80215120,4002628533,8/3/2014 4:00:00 AM,1330,BURNHAMTHORPE RD,MILL RD,,Major Arterial,Etobicoke York,43.639193,-79.584354,Intersection Related,Traffic Signal,Clear,Daylight,Dry,Non-Fatal Injury,Turning Movement,Driver,30 to 34,None,,East,"Automobile, Station Wagon",Going Ahead,Driving Properly,Normal,,,,,,,,,Yes,,,,,Yes,,Yes,,,,12,Markland Wood,12,Markland Wood (12),D22,614184.55112173,4832772.71256123
3790,80215121,4002628533,8/3/2014 4:00:00 AM,1330,BURNHAMTHORPE RD,MILL RD,,Major Arterial,Etobicoke York,43.639193,-79.584354,Intersection Related,Traffic Signal,Clear,Daylight,Dry,Non-Fatal Injury,Turning Movement,Passenger,35 to 39,Major,,,,,,,,,,,,,,,Yes,,,,,Yes,,Yes,,,,12,Markland Wood,12,Markland Wood (12),D22,614184.55112173,4832772.71256123
3791,80215122,4002628533,8/3/2014 4:00:00 AM,1330,BURNHAMTHORPE RD,MILL RD,,Major Arterial,Etobicoke York,43.639193,-79.584354,Intersection Related,Traffic Signal,Clear,Daylight,Dry,Non-Fatal Injury,Turning Movement,Passenger,10 to 14,None,,,,,,,,,,,,,,,Yes,,,,,Yes,,Yes,,,,12,Markland Wood,12,Markland Wood (12),D22,614184.55112173,4832772.71256123
3792,80169857,4002642659,8/5/2014 4:00:00 AM,1932,SEWELLS RD,BRENYON WAY,,Minor Arterial,Scarborough,43.80778,-79.215602,Intersection Related,Traffic Signal,Clear,Daylight,Dry,Non-Fatal Injury,Pedestrian Collisions,Driver,35 to 39,None,,North,Passenger Van,Turning Left,Failed to Yield Right of Way,Normal,,,,,,,Yes,,Yes,,,,,Yes,,Yes,,,,146,Malvern East,132,Malvern (132),D42,643524.871335613,4852070.17051791
3793,80169858,4002642659,8/5/2014 4:00:00 AM,1932,SEWELLS RD,BRENYON WAY,,Minor Arterial,Scarborough,43.80778,-79.215602,Intersection Related,Traffic Signal,Clear,Daylight,Dry,Non-Fatal Injury,Pedestrian Collisions,Passenger,10 to 14,None,,,,,,,,,,,,,Yes,,Yes,,,,,Yes,,Yes,,,,146,Malvern East,132,Malvern (132),D42,643524.871335613,4852070.17051791
3794,80169859,4002642659,8/5/2014 4:00:00 AM,1932,SEWELLS RD,BRENYON WAY,,Minor Arterial,Scarborough,43.80778,-79.215602,Intersection Related,Traffic Signal,Clear,Daylight,Dry,Non-Fatal Injury,Pedestrian Collisions,Pedestrian,25 to 29,Major,,South,,,,,Vehicle turns left while ped crosses with ROW at inter.,Crossing with right of way,Unknown,,,,Yes,,Yes,,,,,Yes,,Yes,,,,146,Malvern East,132,Malvern (132),D42,643524.871335613,4852070.17051791
3795,80215350,4002647882,8/6/2014 4:00:00 AM,1515,ALNESS ST,DOLOMITE DR,,Minor Arterial,North York,43.779563,-79.475604,Intersection Related,Stop Sign,Clear,Daylight,Dry,Non-Fatal Injury,Turning Movement,Driver,85 to 89,Minor,,West,"Automobile, Station Wagon",Turning Left,Failed to Yield Right of Way,Unknown,,,,,,,,,Yes,,Yes,,,Yes,,Yes,,,,27,York University Heights,27,York University Heights (27),D32,622669.605204759,4848518.10532689
3796,80215351,4002647882,8/6/2014 4:00:00 AM,1515,ALNESS ST,DOLOMITE DR,,Minor Arterial,North York,43.779563,-79.475604,Intersection Related,Stop Sign,Clear,Daylight,Dry,Non-Fatal Injury,Turning Movement,Truck Driver,35 to 39,Minor,,South,"Truck - Closed (Blazer, etc)",Going Ahead,Driving Properly,Normal,,,,,,,,,Yes,,Yes,,,Yes,,Yes,,,,27,York University Heights,27,York University Heights (27),D32,622669.605204759,4848518.10532689
3797,80215352,4002647882,8/6/2014 4:00:00 AM,1515,ALNESS ST,DOLOMITE DR,,Minor Arterial,North York,43.779563,-79.475604,Intersection Related,Stop Sign,Clear,Daylight,Dry,Non-Fatal Injury,Turning Movement,Driver,50 to 54,Minimal,,North,"Automobile, Station Wagon",Going Ahead,Driving Properly,Normal,,,,,,,,,Yes,,Yes,,,Yes,,Yes,,,,27,York University Heights,27,York University Heights (27),D32,622669.605204759,4848518.10532689
3798,80215353,4002647882,8/6/2014 4:00:00 AM,1515,ALNESS ST,DOLOMITE DR,,Minor Arterial,North York,43.779563,-79.475604,Intersection Related,Stop Sign,Clear,Daylight,Dry,Non-Fatal Injury,Turning Movement,Passenger,75 to 79,Major,,,,,,,,,,,,,,,Yes,,Yes,,,Yes,,Yes,,,,27,York University Heights,27,York University Heights (27),D32,622669.605204759,4848518.10532689
3799,8000100,142655086,8/7/2014 4:00:00 AM,1618,5800 YONGE ST,,,Major Arterial,North York,43.784381,-79.416683,At Intersection,Traffic Signal,Clear,Daylight,Dry,Fatal,Pedestrian Collisions,Driver,25 to 29,Minor,,South,"Automobile, Station Wagon",Going Ahead,Disobeyed Traffic Control,Normal,,,,,,,Yes,,Yes,,,,,Yes,,Yes,Yes,,,50,Newtonbrook East,50,Newtonbrook East (50),D32,627400.840909906,4849142.20859482
3800,8000101,142655086,8/7/2014 4:00:00 AM,1618,5800 YONGE ST,,,Major Arterial,North York,43.784381,-79.416683,At Intersection,Traffic Signal,Clear,Daylight,Dry,Fatal,Pedestrian Collisions,Passenger,20 to 24,Major,,,,,,,,,,,,,Yes,,Yes,,,,,Yes,,Yes,Yes,,,50,Newtonbrook East,50,Newtonbrook East (50),D32,627400.840909906,4849142.20859482
3801,8000102,142655086,8/7/2014 4:00:00 AM,1618,5800 YONGE ST,,,Major Arterial,North York,43.784381,-79.416683,At Intersection,Traffic Signal,Clear,Daylight,Dry,Fatal,Pedestrian Collisions,Driver,20 to 24,None,,North,"Automobile, Station Wagon",Turning Left,Driving Properly,Normal,,,,,,,Yes,,Yes,,,,,Yes,,Yes,Yes,,,50,Newtonbrook East,50,Newtonbrook East (50),D32,627400.840909906,4849142.20859482
3802,8000103,142655086,8/7/2014 4:00:00 AM,1618,5800 YONGE ST,,,Major Arterial,North York,43.784381,-79.416683,At Intersection,Traffic Signal,Clear,Daylight,Dry,Fatal,Pedestrian Collisions,Passenger,20 to 24,None,,,,,,,,,,,,,Yes,,Yes,,,,,Yes,,Yes,Yes,,,50,Newtonbrook East,50,Newtonbrook East (50),D32,627400.840909906,4849142.20859482
3803,80000038,142655086,8/7/2014 4:00:00 AM,1618,5800 YONGE ST,,,Major Arterial,North York,43.784381,-79.416683,At Intersection,Traffic Signal,Clear,Daylight,Dry,Fatal,Pedestrian Collisions,Pedestrian,40 to 44,Fatal,19,South,,,,,Pedestrian hit on sidewalk or shoulder,On Sidewalk or Shoulder,Unknown,,,,Yes,,Yes,,,,,Yes,,Yes,Yes,,,50,Newtonbrook East,50,Newtonbrook East (50),D32,627400.840909906,4849142.20859482
3804,80215503,4002656548,8/7/2014 4:00:00 AM,2022,LAKE SHORE BLVD E,LOWER SHERBOURNE ST,,Major Arterial,Toronto and East York,43.64643,-79.366123,At Intersection,Traffic Signal,Clear,Dark,Dry,Non-Fatal Injury,Sideswipe,Driver,25 to 29,Minimal,,West,"Automobile, Station Wagon",Changing Lanes,Improper Lane Change,Inattentive,,,,,,,,,Yes,,,,,Yes,,,,,,166,St Lawrence-East Bayfront-The Islands,77,Waterfront Communities-The Island (77),D51,631771.188233086,4833899.82875297
3805,80215504,4002656548,8/7/2014 4:00:00 AM,2022,LAKE SHORE BLVD E,LOWER SHERBOURNE ST,,Major Arterial,Toronto and East York,43.64643,-79.366123,At Intersection,Traffic Signal,Clear,Dark,Dry,Non-Fatal Injury,Sideswipe,Driver,45 to 49,Minimal,,West,"Automobile, Station Wagon",Going Ahead,Driving Properly,Normal,,,,,,,,,Yes,,,,,Yes,,,,,,166,St Lawrence-East Bayfront-The Islands,77,Waterfront Communities-The Island (77),D51,631771.188233086,4833899.82875297
3806,80215505,4002656548,8/7/2014 4:00:00 AM,2022,LAKE SHORE BLVD E,LOWER SHERBOURNE ST,,Major Arterial,Toronto and East York,43.64643,-79.366123,At Intersection,Traffic Signal,Clear,Dark,Dry,Non-Fatal Injury,Sideswipe,Passenger,60 to 64,Minimal,,,,,,,,,,,,,,,Yes,,,,,Yes,,,,,,166,St Lawrence-East Bayfront-The Islands,77,Waterfront Communities-The Island (77),D51,631771.188233086,4833899.82875297
3807,80215506,4002656548,8/7/2014 4:00:00 AM,2022,LAKE SHORE BLVD E,LOWER SHERBOURNE ST,,Major Arterial,Toronto and East York,43.64643,-79.366123,At Intersection,Traffic Signal,Clear,Dark,Dry,Non-Fatal Injury,Sideswipe,Passenger,30 to 34,None,,,,,,,,,,,,,,,Yes,,,,,Yes,,,,,,166,St Lawrence-East Bayfront-The Islands,77,Waterfront Communities-The Island (77),D51,631771.188233086,4833899.82875297
3808,80215507,4002656548,8/7/2014 4:00:00 AM,2022,LAKE SHORE BLVD E,LOWER SHERBOURNE ST,,Major Arterial,Toronto and East York,43.64643,-79.366123,At Intersection,Traffic Signal,Clear,Dark,Dry,Non-Fatal Injury,Sideswipe,Passenger,55 to 59,Major,,,,,,,,,,,,,,,Yes,,,,,Yes,,,,,,166,St Lawrence-East Bayfront-The Islands,77,Waterfront Communities-The Island (77),D51,631771.188233086,4833899.82875297
3809,80215907,4002688656,8/12/2014 4:00:00 AM,1614,WOODBINE AVE,HEYWORTH CRES,,Major Arterial,Toronto and East York,43.675315,-79.30849,Non Intersection,No Control,Clear,Daylight,Dry,Non-Fatal Injury,Turning Movement,Driver,40 to 44,None,,South,"Automobile, Station Wagon",Turning Left,Failed to Yield Right of Way,Inattentive,,,,,,,,,Yes,Yes,,,,Yes,,Yes,,,,62,East End-Danforth,62,East End-Danforth (62),D55,636353.903152735,4837201.02332803
3810,80215908,4002688656,8/12/2014 4:00:00 AM,1614,WOODBINE AVE,HEYWORTH CRES,,Major Arterial,Toronto and East York,43.675315,-79.30849,Non Intersection,No Control,Clear,Daylight,Dry,Non-Fatal Injury,Turning Movement,Motorcycle Driver,35 to 39,Major,,North,Motorcycle,Going Ahead,Driving Properly,Normal,,,,,,,,,Yes,Yes,,,,Yes,,Yes,,,,62,East End-Danforth,62,East End-Danforth (62),D55,636353.903152735,4837201.02332803
3811,80215909,4002688656,8/12/2014 4:00:00 AM,1614,WOODBINE AVE,HEYWORTH CRES,,Major Arterial,Toronto and East York,43.675315,-79.30849,Non Intersection,No Control,Clear,Daylight,Dry,Non-Fatal Injury,Turning Movement,Passenger,10 to 14,None,,,,,,,,,,,,,,,Yes,Yes,,,,Yes,,Yes,,,,62,East End-Danforth,62,East End-Danforth (62),D55,636353.903152735,4837201.02332803
3812,80216232,4002717713,8/17/2014 4:00:00 AM,51,FINCH AVENUE WEST,ISLINGTON AVENUE,,Major Arterial,Etobicoke York,43.746237,-79.568614,Intersection Related,Traffic Signal,Clear,"Dark, artificial",Dry,Non-Fatal Injury,Angle,Driver,45 to 49,Major,,North,"Automobile, Station Wagon",Going Ahead,Disobeyed Traffic Control,Inattentive,,,,,,,,,Yes,,,Yes,,Yes,,Yes,Yes,,,3,Thistletown-Beaumond Heights,3,Thistletown-Beaumond Heights (3),D23,615248.920286061,4844683.15807022
3813,80216233,4002717713,8/17/2014 4:00:00 AM,51,FINCH AVENUE WEST,ISLINGTON AVENUE,,Major Arterial,Etobicoke York,43.746237,-79.568614,Intersection Related,Traffic Signal,Clear,"Dark, artificial",Dry,Non-Fatal Injury,Angle,Driver,35 to 39,None,,East,"Bus (Other) (Go Bus, Gray Coa",Going Ahead,Driving Properly,Normal,,,,,,,,,Yes,,,Yes,,Yes,,Yes,Yes,,,3,Thistletown-Beaumond Heights,3,Thistletown-Beaumond Heights (3),D23,615248.920286061,4844683.15807022
3814,80216234,4002717713,8/17/2014 4:00:00 AM,51,FINCH AVENUE WEST,ISLINGTON AVENUE,,Major Arterial,Etobicoke York,43.746237,-79.568614,Intersection Related,Traffic Signal,Clear,"Dark, artificial",Dry,Non-Fatal Injury,Angle,Passenger,25 to 29,Minimal,,,,,,,,,,,,,,,Yes,,,Yes,,Yes,,Yes,Yes,,,3,Thistletown-Beaumond Heights,3,Thistletown-Beaumond Heights (3),D23,615248.920286061,4844683.15807022
3815,80216235,4002717713,8/17/2014 4:00:00 AM,51,FINCH AVENUE WEST,ISLINGTON AVENUE,,Major Arterial,Etobicoke York,43.746237,-79.568614,Intersection Related,Traffic Signal,Clear,"Dark, artificial",Dry,Non-Fatal Injury,Angle,Passenger,20 to 24,None,,,,,,,,,,,,,,,Yes,,,Yes,,Yes,,Yes,Yes,,,3,Thistletown-Beaumond Heights,3,Thistletown-Beaumond Heights (3),D23,615248.920286061,4844683.15807022
3816,80216236,4002717713,8/17/2014 4:00:00 AM,51,FINCH AVENUE WEST,ISLINGTON AVENUE,,Major Arterial,Etobicoke York,43.746237,-79.568614,Intersection Related,Traffic Signal,Clear,"Dark, artificial",Dry,Non-Fatal Injury,Angle,Passenger,25 to 29,None,,,,,,,,,,,,,,,Yes,,,Yes,,Yes,,Yes,Yes,,,3,Thistletown-Beaumond Heights,3,Thistletown-Beaumond Heights (3),D23,615248.920286061,4844683.15807022
3817,80216237,4002717713,8/17/2014 4:00:00 AM,51,FINCH AVENUE WEST,ISLINGTON AVENUE,,Major Arterial,Etobicoke York,43.746237,-79.568614,Intersection Related,Traffic Signal,Clear,"Dark, artificial",Dry,Non-Fatal Injury,Angle,Passenger,25 to 29,None,,,,,,,,,,,,,,,Yes,,,Yes,,Yes,,Yes,Yes,,,3,Thistletown-Beaumond Heights,3,Thistletown-Beaumond Heights (3),D23,615248.920286061,4844683.15807022
3818,80216238,4002717713,8/17/2014 4:00:00 AM,51,FINCH AVENUE WEST,ISLINGTON AVENUE,,Major Arterial,Etobicoke York,43.746237,-79.568614,Intersection Related,Traffic Signal,Clear,"Dark, artificial",Dry,Non-Fatal Injury,Angle,Passenger,20 to 24,None,,,,,,,,,,,,,,,Yes,,,Yes,,Yes,,Yes,Yes,,,3,Thistletown-Beaumond Heights,3,Thistletown-Beaumond Heights (3),D23,615248.920286061,4844683.15807022
3819,80216239,4002717713,8/17/2014 4:00:00 AM,51,FINCH AVENUE WEST,ISLINGTON AVENUE,,Major Arterial,Etobicoke York,43.746237,-79.568614,Intersection Related,Traffic Signal,Clear,"Dark, artificial",Dry,Non-Fatal Injury,Angle,Passenger,25 to 29,None,,,,,,,,,,,,,,,Yes,,,Yes,,Yes,,Yes,Yes,,,3,Thistletown-Beaumond Heights,3,Thistletown-Beaumond Heights (3),D23,615248.920286061,4844683.15807022
3820,80216240,4002717713,8/17/2014 4:00:00 AM,51,FINCH AVENUE WEST,ISLINGTON AVENUE,,Major Arterial,Etobicoke York,43.746237,-79.568614,Intersection Related,Traffic Signal,Clear,"Dark, artificial",Dry,Non-Fatal Injury,Angle,Passenger,25 to 29,None,,,,,,,,,,,,,,,Yes,,,Yes,,Yes,,Yes,Yes,,,3,Thistletown-Beaumond Heights,3,Thistletown-Beaumond Heights (3),D23,615248.920286061,4844683.15807022
3821,80216241,4002717713,8/17/2014 4:00:00 AM,51,FINCH AVENUE WEST,ISLINGTON AVENUE,,Major Arterial,Etobicoke York,43.746237,-79.568614,Intersection Related,Traffic Signal,Clear,"Dark, artificial",Dry,Non-Fatal Injury,Angle,Passenger,20 to 24,None,,,,,,,,,,,,,,,Yes,,,Yes,,Yes,,Yes,Yes,,,3,Thistletown-Beaumond Heights,3,Thistletown-Beaumond Heights (3),D23,615248.920286061,4844683.15807022
3822,80216242,4002717713,8/17/2014 4:00:00 AM,51,FINCH AVENUE WEST,ISLINGTON AVENUE,,Major Arterial,Etobicoke York,43.746237,-79.568614,Intersection Related,Traffic Signal,Clear,"Dark, artificial",Dry,Non-Fatal Injury,Angle,Passenger,30 to 34,None,,,,,,,,,,,,,,,Yes,,,Yes,,Yes,,Yes,Yes,,,3,Thistletown-Beaumond Heights,3,Thistletown-Beaumond Heights (3),D23,615248.920286061,4844683.15807022
3823,80216243,4002717713,8/17/2014 4:00:00 AM,51,FINCH AVENUE WEST,ISLINGTON AVENUE,,Major Arterial,Etobicoke York,43.746237,-79.568614,Intersection Related,Traffic Signal,Clear,"Dark, artificial",Dry,Non-Fatal Injury,Angle,Passenger,20 to 24,None,,,,,,,,,,,,,,,Yes,,,Yes,,Yes,,Yes,Yes,,,3,Thistletown-Beaumond Heights,3,Thistletown-Beaumond Heights (3),D23,615248.920286061,4844683.15807022
3824,80216244,4002717713,8/17/2014 4:00:00 AM,51,FINCH AVENUE WEST,ISLINGTON AVENUE,,Major Arterial,Etobicoke York,43.746237,-79.568614,Intersection Related,Traffic Signal,Clear,"Dark, artificial",Dry,Non-Fatal Injury,Angle,Passenger,25 to 29,None,,,,,,,,,,,,,,,Yes,,,Yes,,Yes,,Yes,Yes,,,3,Thistletown-Beaumond Heights,3,Thistletown-Beaumond Heights (3),D23,615248.920286061,4844683.15807022
3825,80216245,4002717713,8/17/2014 4:00:00 AM,51,FINCH AVENUE WEST,ISLINGTON AVENUE,,Major Arterial,Etobicoke York,43.746237,-79.568614,Intersection Related,Traffic Signal,Clear,"Dark, artificial",Dry,Non-Fatal Injury,Angle,Passenger,25 to 29,None,,,,,,,,,,,,,,,Yes,,,Yes,,Yes,,Yes,Yes,,,3,Thistletown-Beaumond Heights,3,Thistletown-Beaumond Heights (3),D23,615248.920286061,4844683.15807022
3826,80216246,4002717713,8/17/2014 4:00:00 AM,51,FINCH AVENUE WEST,ISLINGTON AVENUE,,Major Arterial,Etobicoke York,43.746237,-79.568614,Intersection Related,Traffic Signal,Clear,"Dark, artificial",Dry,Non-Fatal Injury,Angle,Passenger,20 to 24,None,,,,,,,,,,,,,,,Yes,,,Yes,,Yes,,Yes,Yes,,,3,Thistletown-Beaumond Heights,3,Thistletown-Beaumond Heights (3),D23,615248.920286061,4844683.15807022
3827,80216247,4002717713,8/17/2014 4:00:00 AM,51,FINCH AVENUE WEST,ISLINGTON AVENUE,,Major Arterial,Etobicoke York,43.746237,-79.568614,Intersection Related,Traffic Signal,Clear,"Dark, artificial",Dry,Non-Fatal Injury,Angle,Passenger,20 to 24,None,,,,,,,,,,,,,,,Yes,,,Yes,,Yes,,Yes,Yes,,,3,Thistletown-Beaumond Heights,3,Thistletown-Beaumond Heights (3),D23,615248.920286061,4844683.15807022
3828,80216248,4002717713,8/17/2014 4:00:00 AM,51,FINCH AVENUE WEST,ISLINGTON AVENUE,,Major Arterial,Etobicoke York,43.746237,-79.568614,Intersection Related,Traffic Signal,Clear,"Dark, artificial",Dry,Non-Fatal Injury,Angle,Passenger,25 to 29,None,,,,,,,,,,,,,,,Yes,,,Yes,,Yes,,Yes,Yes,,,3,Thistletown-Beaumond Heights,3,Thistletown-Beaumond Heights (3),D23,615248.920286061,4844683.15807022
3829,80216249,4002717713,8/17/2014 4:00:00 AM,51,FINCH AVENUE WEST,ISLINGTON AVENUE,,Major Arterial,Etobicoke York,43.746237,-79.568614,Intersection Related,Traffic Signal,Clear,"Dark, artificial",Dry,Non-Fatal Injury,Angle,Passenger,55 to 59,None,,,,,,,,,,,,,,,Yes,,,Yes,,Yes,,Yes,Yes,,,3,Thistletown-Beaumond Heights,3,Thistletown-Beaumond Heights (3),D23,615248.920286061,4844683.15807022
3830,80631866,4002721774,8/17/2014 4:00:00 AM,1645,OSSINGTON AVE,DEWSON ST,,Minor Arterial,Toronto and East York,43.657092,-79.423747,At Intersection,No Control,Clear,Daylight,Dry,Non-Fatal Injury,Turning Movement,Driver,40 to 44,None,,South,Passenger Van,Turning Left,Improper Turn,Inattentive,,,,,,,,,Yes,Yes,,,,Yes,,,,,,80,Palmerston-Little Italy,80,Palmerston-Little Italy (80),D14,627101.307220989,4834994.10103195
3831,80631867,4002721774,8/17/2014 4:00:00 AM,1645,OSSINGTON AVE,DEWSON ST,,Minor Arterial,Toronto and East York,43.657092,-79.423747,At Intersection,No Control,Clear,Daylight,Dry,Non-Fatal Injury,Turning Movement,Motorcycle Driver,30 to 34,Major,,North,Motorcycle,Going Ahead,Driving Properly,Unknown,,,,,,,,,Yes,Yes,,,,Yes,,,,,,80,Palmerston-Little Italy,80,Palmerston-Little Italy (80),D14,627101.307220989,4834994.10103195
3832,80631868,4002721774,8/17/2014 4:00:00 AM,1645,OSSINGTON AVE,DEWSON ST,,Minor Arterial,Toronto and East York,43.657092,-79.423747,At Intersection,No Control,Clear,Daylight,Dry,Non-Fatal Injury,Turning Movement,Passenger,50 to 54,None,,,,,,,,,,,,,,,Yes,Yes,,,,Yes,,,,,,80,Palmerston-Little Italy,80,Palmerston-Little Italy (80),D14,627101.307220989,4834994.10103195
3833,80631869,4002721774,8/17/2014 4:00:00 AM,1645,OSSINGTON AVE,DEWSON ST,,Minor Arterial,Toronto and East York,43.657092,-79.423747,At Intersection,No Control,Clear,Daylight,Dry,Non-Fatal Injury,Turning Movement,Passenger,45 to 49,Minimal,,,,,,,,,,,,,,,Yes,Yes,,,,Yes,,,,,,80,Palmerston-Little Italy,80,Palmerston-Little Italy (80),D14,627101.307220989,4834994.10103195
3834,80631870,4002721774,8/17/2014 4:00:00 AM,1645,OSSINGTON AVE,DEWSON ST,,Minor Arterial,Toronto and East York,43.657092,-79.423747,At Intersection,No Control,Clear,Daylight,Dry,Non-Fatal Injury,Turning Movement,Passenger,5 to 9,Minimal,,,,,,,,,,,,,,,Yes,Yes,,,,Yes,,,,,,80,Palmerston-Little Italy,80,Palmerston-Little Italy (80),D14,627101.307220989,4834994.10103195
3835,80631871,4002721774,8/17/2014 4:00:00 AM,1645,OSSINGTON AVE,DEWSON ST,,Minor Arterial,Toronto and East York,43.657092,-79.423747,At Intersection,No Control,Clear,Daylight,Dry,Non-Fatal Injury,Turning Movement,Passenger,35 to 39,Minimal,,,,,,,,,,,,,,,Yes,Yes,,,,Yes,,,,,,80,Palmerston-Little Italy,80,Palmerston-Little Italy (80),D14,627101.307220989,4834994.10103195
3836,80631872,4002722723,8/17/2014 4:00:00 AM,2100,2169 YONGE ST,,,Major Arterial,Toronto and East York,43.705058,-79.397983,At/Near Private Drive,No Control,Clear,Daylight,Dry,Non-Fatal Injury,Turning Movement,Driver,40 to 44,None,,South,"Automobile, Station Wagon",Turning Left,Failed to Yield Right of Way,Inattentive,,,,,,,,,Yes,Yes,,,,Yes,,Yes,,,,174,South Eglinton-Davisville,104,Mount Pleasant West (104),D53,629075.910453155,4840361.16710144
3837,80631873,4002722723,8/17/2014 4:00:00 AM,2100,2169 YONGE ST,,,Major Arterial,Toronto and East York,43.705058,-79.397983,At/Near Private Drive,No Control,Clear,Daylight,Dry,Non-Fatal Injury,Turning Movement,Motorcycle Driver,40 to 44,Major,,North,Motorcycle,Going Ahead,Driving Properly,Normal,,,,,,,,,Yes,Yes,,,,Yes,,Yes,,,,174,South Eglinton-Davisville,104,Mount Pleasant West (104),D53,629075.910453155,4840361.16710144
3838,80631874,4002722723,8/17/2014 4:00:00 AM,2100,2169 YONGE ST,,,Major Arterial,Toronto and East York,43.705058,-79.397983,At/Near Private Drive,No Control,Clear,Daylight,Dry,Non-Fatal Injury,Turning Movement,Passenger,unknown,None,,,,,,,,,,,,,,,Yes,Yes,,,,Yes,,Yes,,,,174,South Eglinton-Davisville,104,Mount Pleasant West (104),D53,629075.910453155,4840361.16710144
3839,80631875,4002722723,8/17/2014 4:00:00 AM,2100,2169 YONGE ST,,,Major Arterial,Toronto and East York,43.705058,-79.397983,At/Near Private Drive,No Control,Clear,Daylight,Dry,Non-Fatal Injury,Turning Movement,Passenger,20 to 24,None,,,,,,,,,,,,,,,Yes,Yes,,,,Yes,,Yes,,,,174,South Eglinton-Davisville,104,Mount Pleasant West (104),D53,629075.910453155,4840361.16710144
3840,8000151,142723300,8/17/2014 4:00:00 AM,2306,DAWES RD,GOWER ST,,Minor Arterial,Toronto and East York,43.702246,-79.296924,At Intersection,Traffic Signal,Clear,"Dark, artificial",Dry,Fatal,Pedestrian Collisions,Driver,40 to 44,None,,East,"Automobile, Station Wagon",Turning Left,Failed to Yield Right of Way,Inattentive,,,,,,,Yes,,Yes,,,,,Yes,,Yes,,,,61,Taylor-Massey,61,Taylor-Massey (61),D55,637224.828193979,4840211.1675087
3841,8000152,142723300,8/17/2014 4:00:00 AM,2306,DAWES RD,GOWER ST,,Minor Arterial,Toronto and East York,43.702246,-79.296924,At Intersection,Traffic Signal,Clear,"Dark, artificial",Dry,Fatal,Pedestrian Collisions,Passenger,10 to 14,None,,,,,,,,,,,,,Yes,,Yes,,,,,Yes,,Yes,,,,61,Taylor-Massey,61,Taylor-Massey (61),D55,637224.828193979,4840211.1675087
3842,80000041,142723300,8/17/2014 4:00:00 AM,2306,DAWES RD,GOWER ST,,Minor Arterial,Toronto and East York,43.702246,-79.296924,At Intersection,Traffic Signal,Clear,"Dark, artificial",Dry,Fatal,Pedestrian Collisions,Pedestrian,60 to 64,Fatal,22,West,,,,,Vehicle turns left while ped crosses with ROW at inter.,Crossing with right of way,Unknown,,,,Yes,,Yes,,,,,Yes,,Yes,,,,61,Taylor-Massey,61,Taylor-Massey (61),D55,637224.828193979,4840211.1675087
3843,80217083,4002786358,8/27/2014 4:00:00 AM,1205,SHEPPARD AVE W,BATHURST ST,25 m West of,Major Arterial,North York,43.75545,-79.438464,Intersection Related,Traffic Signal,Clear,Daylight,Dry,Non-Fatal Injury,Other,Driver,50 to 54,None,,East,Municipal Transit Bus (TTC),Slowing or Stopping,Other,Normal,,,,,,,,,,,,Yes,,Yes,,,,,,38,Lansing-Westgate,38,Lansing-Westgate (38),D32,625708.823048644,4845895.69331115
3844,80217084,4002786358,8/27/2014 4:00:00 AM,1205,SHEPPARD AVE W,BATHURST ST,25 m West of,Major Arterial,North York,43.75545,-79.438464,Intersection Related,Traffic Signal,Clear,Daylight,Dry,Non-Fatal Injury,Other,Passenger,60 to 64,Major,,,,,,,,,,,,,,,,,,Yes,,Yes,,,,,,38,Lansing-Westgate,38,Lansing-Westgate (38),D32,625708.823048644,4845895.69331115