OBJECTID,INDEX,ACCNUM,DATE,TIME,STREET1,STREET2,OFFSET,ROAD_CLASS,DISTRICT,LATITUDE,LONGITUDE,ACCLOC,TRAFFCTL,VISIBILITY,LIGHT,RDSFCOND,ACCLASS,IMPACTYPE,INVTYPE,INVAGE,INJURY,FATAL_NO,INITDIR,VEHTYPE,MANOEUVER,DRIVACT,DRIVCOND,PEDTYPE,PEDACT,PEDCOND,CYCLISTYPE,CYCACT,CYCCOND,PEDESTRIAN,CYCLIST,AUTOMOBILE,MOTORCYCLE,TRUCK,TRSN_CITY_VEH,EMERG_VEH,PASSENGER,SPEEDING,AG_DRIV,REDLIGHT,ALCOHOL,DISABILITY,HOOD_158,NEIGHBOURHOOD_158,HOOD_140,NEIGHBOURHOOD_140,DIVISION,x,y
3845,80217285,4002803822,8/30/2014 4:00:00 AM,108,BATHURST ST,ST CLAIR AVE W,41 m South o,Major Arterial,Toronto and East York,43.682711,-79.418117,Non Intersection,No Control,Clear,"Dark, artificial",Dry,Non-Fatal Injury,Pedestrian Collisions,Driver,20 to 24,None,,South,"Automobile, Station Wagon",Going Ahead,Driving Properly,Normal,,,,,,,Yes,,Yes,,,,,Yes,,,,,,96,Casa Loma,96,Casa Loma (96),D13,627501.02971623,4837848.07304687
3846,80217286,4002803822,8/30/2014 4:00:00 AM,108,BATHURST ST,ST CLAIR AVE W,41 m South o,Major Arterial,Toronto and East York,43.682711,-79.418117,Non Intersection,No Control,Clear,"Dark, artificial",Dry,Non-Fatal Injury,Pedestrian Collisions,Passenger,60 to 64,None,,,,,,,,,,,,,Yes,,Yes,,,,,Yes,,,,,,96,Casa Loma,96,Casa Loma (96),D13,627501.02971623,4837848.07304687
3847,80217287,4002803822,8/30/2014 4:00:00 AM,108,BATHURST ST,ST CLAIR AVE W,41 m South o,Major Arterial,Toronto and East York,43.682711,-79.418117,Non Intersection,No Control,Clear,"Dark, artificial",Dry,Non-Fatal Injury,Pedestrian Collisions,Passenger,60 to 64,None,,,,,,,,,,,,,Yes,,Yes,,,,,Yes,,,,,,96,Casa Loma,96,Casa Loma (96),D13,627501.02971623,4837848.07304687
3848,80217288,4002803822,8/30/2014 4:00:00 AM,108,BATHURST ST,ST CLAIR AVE W,41 m South o,Major Arterial,Toronto and East York,43.682711,-79.418117,Non Intersection,No Control,Clear,"Dark, artificial",Dry,Non-Fatal Injury,Pedestrian Collisions,Pedestrian,15 to 19,Major,,West,,,,,Pedestrian hit at mid-block,Running onto Roadway,Unknown,,,,Yes,,Yes,,,,,Yes,,,,,,96,Casa Loma,96,Casa Loma (96),D13,627501.02971623,4837848.07304687
3849,80217930,4002857204,9/6/2014 4:00:00 AM,1744,BURNHAMTHORPE RD,SHAVER AVE N,,Major Arterial,Etobicoke York,43.648165,-79.551685,Intersection Related,Stop Sign,Clear,Daylight,Dry,Non-Fatal Injury,Turning Movement,Driver,20 to 24,Minor,,West,"Automobile, Station Wagon",Going Ahead,Exceeding Speed Limit,Unknown,,,,,,,,,Yes,,,,,Yes,Yes,Yes,,,,158,Islington,14,Islington-City Centre West (14),D22,616802.231491625,4833814.6246921
3850,80217931,4002857204,9/6/2014 4:00:00 AM,1744,BURNHAMTHORPE RD,SHAVER AVE N,,Major Arterial,Etobicoke York,43.648165,-79.551685,Intersection Related,Stop Sign,Clear,Daylight,Dry,Non-Fatal Injury,Turning Movement,Driver,45 to 49,Major,,South,"Automobile, Station Wagon",Turning Left,Failed to Yield Right of Way,Unknown,,,,,,,,,Yes,,,,,Yes,Yes,Yes,,,,158,Islington,14,Islington-City Centre West (14),D22,616802.231491625,4833814.6246921
3851,80217932,4002857204,9/6/2014 4:00:00 AM,1744,BURNHAMTHORPE RD,SHAVER AVE N,,Major Arterial,Etobicoke York,43.648165,-79.551685,Intersection Related,Stop Sign,Clear,Daylight,Dry,Non-Fatal Injury,Turning Movement,Passenger,45 to 49,Major,,,,,,,,,,,,,,,Yes,,,,,Yes,Yes,Yes,,,,158,Islington,14,Islington-City Centre West (14),D22,616802.231491625,4833814.6246921
3852,80217933,4002857204,9/6/2014 4:00:00 AM,1744,BURNHAMTHORPE RD,SHAVER AVE N,,Major Arterial,Etobicoke York,43.648165,-79.551685,Intersection Related,Stop Sign,Clear,Daylight,Dry,Non-Fatal Injury,Turning Movement,Passenger,10 to 14,Minor,,,,,,,,,,,,,,,Yes,,,,,Yes,Yes,Yes,,,,158,Islington,14,Islington-City Centre West (14),D22,616802.231491625,4833814.6246921
3853,80217944,4002858983,9/7/2014 4:00:00 AM,2313,2324 SHEPPARD AVE W,,,Major Arterial,Etobicoke York,43.734236,-79.5358,Private Driveway,No Control,Clear,"Dark, artificial",Dry,Non-Fatal Injury,SMV Other,Driver,40 to 44,Major,,East,"Automobile, Station Wagon",Turning Left,Lost control,"Ability Impaired, Alcohol Over .08",,,,,,,,,Yes,,,,,Yes,,Yes,,Yes,,23,Pelmo Park-Humberlea,23,Pelmo Park-Humberlea (23),D31,617914.533707569,4843396.44775234
3854,80217945,4002858983,9/7/2014 4:00:00 AM,2313,2324 SHEPPARD AVE W,,,Major Arterial,Etobicoke York,43.734236,-79.5358,Private Driveway,No Control,Clear,"Dark, artificial",Dry,Non-Fatal Injury,SMV Other,Other,unknown,None,,Unknown,,Unknown,,,,,,,,,,,Yes,,,,,Yes,,Yes,,Yes,,23,Pelmo Park-Humberlea,23,Pelmo Park-Humberlea (23),D31,617914.533707569,4843396.44775234
3855,80217946,4002858983,9/7/2014 4:00:00 AM,2313,2324 SHEPPARD AVE W,,,Major Arterial,Etobicoke York,43.734236,-79.5358,Private Driveway,No Control,Clear,"Dark, artificial",Dry,Non-Fatal Injury,SMV Other,Passenger,30 to 34,None,,,,,,,,,,,,,,,Yes,,,,,Yes,,Yes,,Yes,,23,Pelmo Park-Humberlea,23,Pelmo Park-Humberlea (23),D31,617914.533707569,4843396.44775234
3856,80218496,4002916967,9/15/2014 4:00:00 AM,2010,EGLINTON AVE E,EGLINTON SQ,,Major Arterial,Scarborough,43.724959,-79.300533,At Intersection,Traffic Signal,Rain,"Dark, artificial",Wet,Non-Fatal Injury,Angle,Driver,20 to 24,None,,South,"Automobile, Station Wagon",Going Ahead,Disobeyed Traffic Control,Normal,,,,,,,,,Yes,,,,,Yes,,Yes,Yes,,,120,Clairlea-Birchmount,120,Clairlea-Birchmount (120),D41,636882.308290524,4842727.80714178
3857,80218497,4002916967,9/15/2014 4:00:00 AM,2010,EGLINTON AVE E,EGLINTON SQ,,Major Arterial,Scarborough,43.724959,-79.300533,At Intersection,Traffic Signal,Rain,"Dark, artificial",Wet,Non-Fatal Injury,Angle,Driver,40 to 44,Minimal,,East,"Automobile, Station Wagon",Going Ahead,Driving Properly,Normal,,,,,,,,,Yes,,,,,Yes,,Yes,Yes,,,120,Clairlea-Birchmount,120,Clairlea-Birchmount (120),D41,636882.308290524,4842727.80714178
3858,80218498,4002916967,9/15/2014 4:00:00 AM,2010,EGLINTON AVE E,EGLINTON SQ,,Major Arterial,Scarborough,43.724959,-79.300533,At Intersection,Traffic Signal,Rain,"Dark, artificial",Wet,Non-Fatal Injury,Angle,Driver,45 to 49,Minimal,,East,Passenger Van,Going Ahead,Driving Properly,Normal,,,,,,,,,Yes,,,,,Yes,,Yes,Yes,,,120,Clairlea-Birchmount,120,Clairlea-Birchmount (120),D41,636882.308290524,4842727.80714178
3859,80218499,4002916967,9/15/2014 4:00:00 AM,2010,EGLINTON AVE E,EGLINTON SQ,,Major Arterial,Scarborough,43.724959,-79.300533,At Intersection,Traffic Signal,Rain,"Dark, artificial",Wet,Non-Fatal Injury,Angle,Passenger,15 to 19,None,,,,,,,,,,,,,,,Yes,,,,,Yes,,Yes,Yes,,,120,Clairlea-Birchmount,120,Clairlea-Birchmount (120),D41,636882.308290524,4842727.80714178
3860,80218500,4002916967,9/15/2014 4:00:00 AM,2010,EGLINTON AVE E,EGLINTON SQ,,Major Arterial,Scarborough,43.724959,-79.300533,At Intersection,Traffic Signal,Rain,"Dark, artificial",Wet,Non-Fatal Injury,Angle,Passenger,40 to 44,Major,,,,,,,,,,,,,,,Yes,,,,,Yes,,Yes,Yes,,,120,Clairlea-Birchmount,120,Clairlea-Birchmount (120),D41,636882.308290524,4842727.80714178
3861,80218501,4002916967,9/15/2014 4:00:00 AM,2010,EGLINTON AVE E,EGLINTON SQ,,Major Arterial,Scarborough,43.724959,-79.300533,At Intersection,Traffic Signal,Rain,"Dark, artificial",Wet,Non-Fatal Injury,Angle,Passenger,15 to 19,Minimal,,,,,,,,,,,,,,,Yes,,,,,Yes,,Yes,Yes,,,120,Clairlea-Birchmount,120,Clairlea-Birchmount (120),D41,636882.308290524,4842727.80714178
3862,80218502,4002916967,9/15/2014 4:00:00 AM,2010,EGLINTON AVE E,EGLINTON SQ,,Major Arterial,Scarborough,43.724959,-79.300533,At Intersection,Traffic Signal,Rain,"Dark, artificial",Wet,Non-Fatal Injury,Angle,Passenger,15 to 19,Minimal,,,,,,,,,,,,,,,Yes,,,,,Yes,,Yes,Yes,,,120,Clairlea-Birchmount,120,Clairlea-Birchmount (120),D41,636882.308290524,4842727.80714178
3863,80218503,4002916967,9/15/2014 4:00:00 AM,2010,EGLINTON AVE E,EGLINTON SQ,,Major Arterial,Scarborough,43.724959,-79.300533,At Intersection,Traffic Signal,Rain,"Dark, artificial",Wet,Non-Fatal Injury,Angle,Passenger,10 to 14,Minimal,,,,,,,,,,,,,,,Yes,,,,,Yes,,Yes,Yes,,,120,Clairlea-Birchmount,120,Clairlea-Birchmount (120),D41,636882.308290524,4842727.80714178
3864,80218504,4002916967,9/15/2014 4:00:00 AM,2010,EGLINTON AVE E,EGLINTON SQ,,Major Arterial,Scarborough,43.724959,-79.300533,At Intersection,Traffic Signal,Rain,"Dark, artificial",Wet,Non-Fatal Injury,Angle,Passenger,10 to 14,Minimal,,,,,,,,,,,,,,,Yes,,,,,Yes,,Yes,Yes,,,120,Clairlea-Birchmount,120,Clairlea-Birchmount (120),D41,636882.308290524,4842727.80714178
3865,80175681,4003007939,9/29/2014 4:00:00 AM,1325,COLLEGE ST,SHAW ST,,Major Arterial,Toronto and East York,43.654898,-79.420261,Non Intersection,Pedestrian Crossover,Clear,Daylight,Dry,Non-Fatal Injury,Cyclist Collisions,Driver,35 to 39,None,,South,"Automobile, Station Wagon",Going Ahead,Failed to Yield Right of Way,Normal,,,,,,,,Yes,Yes,,,,,Yes,,Yes,,,,81,Trinity-Bellwoods,81,Trinity-Bellwoods (81),D14,627387.043040021,4834755.77435349
3866,80175682,4003007939,9/29/2014 4:00:00 AM,1325,COLLEGE ST,SHAW ST,,Major Arterial,Toronto and East York,43.654898,-79.420261,Non Intersection,Pedestrian Crossover,Clear,Daylight,Dry,Non-Fatal Injury,Cyclist Collisions,Cyclist,25 to 29,Major,,East,Bicycle,Going Ahead,,,,,,"Motorist without ROW drives into path of cyclist at inter, lnwy, dwy-Driver not turn.",Failed to Yield Right of Way,Fatigue,,Yes,Yes,,,,,Yes,,Yes,,,,81,Trinity-Bellwoods,81,Trinity-Bellwoods (81),D14,627387.043040021,4834755.77435349
3867,80175683,4003007939,9/29/2014 4:00:00 AM,1325,COLLEGE ST,SHAW ST,,Major Arterial,Toronto and East York,43.654898,-79.420261,Non Intersection,Pedestrian Crossover,Clear,Daylight,Dry,Non-Fatal Injury,Cyclist Collisions,Passenger,20 to 24,Minimal,,,,,,,,,,,,,,Yes,Yes,,,,,Yes,,Yes,,,,81,Trinity-Bellwoods,81,Trinity-Bellwoods (81),D14,627387.043040021,4834755.77435349
3868,80175900,4003025669,10/2/2014 4:00:00 AM,740,581 TRETHEWEY DR,,,Minor Arterial,Etobicoke York,43.696761,-79.491908,Non Intersection,No Control,Clear,Daylight,Dry,Non-Fatal Injury,Sideswipe,Driver,30 to 34,None,,West,"Automobile, Station Wagon",Going Ahead,Driving Properly,Normal,,,,,,,,,Yes,,,,,Yes,,Yes,,,,30,Brookhaven-Amesbury,30,Brookhaven-Amesbury (30),D12,621524.985854213,4839297.72061134
3869,80175901,4003025669,10/2/2014 4:00:00 AM,740,581 TRETHEWEY DR,,,Minor Arterial,Etobicoke York,43.696761,-79.491908,Non Intersection,No Control,Clear,Daylight,Dry,Non-Fatal Injury,Sideswipe,Driver,30 to 34,None,,East,"Automobile, Station Wagon",Going Ahead,Driving Properly,Normal,,,,,,,,,Yes,,,,,Yes,,Yes,,,,30,Brookhaven-Amesbury,30,Brookhaven-Amesbury (30),D12,621524.985854213,4839297.72061134
3870,80175902,4003025669,10/2/2014 4:00:00 AM,740,581 TRETHEWEY DR,,,Minor Arterial,Etobicoke York,43.696761,-79.491908,Non Intersection,No Control,Clear,Daylight,Dry,Non-Fatal Injury,Sideswipe,Driver,55 to 59,Major,,West,"Automobile, Station Wagon",Overtaking,Lost control,Had Been Drinking,,,,,,,,,Yes,,,,,Yes,,Yes,,,,30,Brookhaven-Amesbury,30,Brookhaven-Amesbury (30),D12,621524.985854213,4839297.72061134
3871,80175903,4003025669,10/2/2014 4:00:00 AM,740,581 TRETHEWEY DR,,,Minor Arterial,Etobicoke York,43.696761,-79.491908,Non Intersection,No Control,Clear,Daylight,Dry,Non-Fatal Injury,Sideswipe,Passenger,55 to 59,None,,,,,,,,,,,,,,,Yes,,,,,Yes,,Yes,,,,30,Brookhaven-Amesbury,30,Brookhaven-Amesbury (30),D12,621524.985854213,4839297.72061134
3872,80175904,4003025669,10/2/2014 4:00:00 AM,740,581 TRETHEWEY DR,,,Minor Arterial,Etobicoke York,43.696761,-79.491908,Non Intersection,No Control,Clear,Daylight,Dry,Non-Fatal Injury,Sideswipe,Passenger,15 to 19,None,,,,,,,,,,,,,,,Yes,,,,,Yes,,Yes,,,,30,Brookhaven-Amesbury,30,Brookhaven-Amesbury (30),D12,621524.985854213,4839297.72061134
3873,80175905,4003025669,10/2/2014 4:00:00 AM,740,581 TRETHEWEY DR,,,Minor Arterial,Etobicoke York,43.696761,-79.491908,Non Intersection,No Control,Clear,Daylight,Dry,Non-Fatal Injury,Sideswipe,Passenger,10 to 14,None,,,,,,,,,,,,,,,Yes,,,,,Yes,,Yes,,,,30,Brookhaven-Amesbury,30,Brookhaven-Amesbury (30),D12,621524.985854213,4839297.72061134
3874,80175906,4003025669,10/2/2014 4:00:00 AM,740,581 TRETHEWEY DR,,,Minor Arterial,Etobicoke York,43.696761,-79.491908,Non Intersection,No Control,Clear,Daylight,Dry,Non-Fatal Injury,Sideswipe,Passenger,35 to 39,None,,,,,,,,,,,,,,,Yes,,,,,Yes,,Yes,,,,30,Brookhaven-Amesbury,30,Brookhaven-Amesbury (30),D12,621524.985854213,4839297.72061134
3875,80219803,4003042543,10/4/2014 4:00:00 AM,1730,PHARMACY AVE,PRINCEWAY DR,55 m North o,Minor Arterial,Scarborough,43.753657,-79.308833,Non Intersection,No Control,Clear,Daylight,Dry,Non-Fatal Injury,Turning Movement,Driver,55 to 59,None,,North,"Automobile, Station Wagon",Turning Left,Failed to Yield Right of Way,Inattentive,,,,,,,,,Yes,Yes,,,,Yes,,Yes,,,,119,Wexford/Maryvale,119,Wexford/Maryvale (119),D41,636148.720426562,4845901.47107909
3876,80219804,4003042543,10/4/2014 4:00:00 AM,1730,PHARMACY AVE,PRINCEWAY DR,55 m North o,Minor Arterial,Scarborough,43.753657,-79.308833,Non Intersection,No Control,Clear,Daylight,Dry,Non-Fatal Injury,Turning Movement,Motorcycle Driver,25 to 29,Major,,South,Motorcycle,Going Ahead,Lost control,Normal,,,,,,,,,Yes,Yes,,,,Yes,,Yes,,,,119,Wexford/Maryvale,119,Wexford/Maryvale (119),D41,636148.720426562,4845901.47107909
3877,80219805,4003042543,10/4/2014 4:00:00 AM,1730,PHARMACY AVE,PRINCEWAY DR,55 m North o,Minor Arterial,Scarborough,43.753657,-79.308833,Non Intersection,No Control,Clear,Daylight,Dry,Non-Fatal Injury,Turning Movement,Passenger,60 to 64,None,,,,,,,,,,,,,,,Yes,Yes,,,,Yes,,Yes,,,,119,Wexford/Maryvale,119,Wexford/Maryvale (119),D41,636148.720426562,4845901.47107909
3878,80219806,4003042543,10/4/2014 4:00:00 AM,1730,PHARMACY AVE,PRINCEWAY DR,55 m North o,Minor Arterial,Scarborough,43.753657,-79.308833,Non Intersection,No Control,Clear,Daylight,Dry,Non-Fatal Injury,Turning Movement,Passenger,80 to 84,None,,,,,,,,,,,,,,,Yes,Yes,,,,Yes,,Yes,,,,119,Wexford/Maryvale,119,Wexford/Maryvale (119),D41,636148.720426562,4845901.47107909
3879,80219807,4003042543,10/4/2014 4:00:00 AM,1730,PHARMACY AVE,PRINCEWAY DR,55 m North o,Minor Arterial,Scarborough,43.753657,-79.308833,Non Intersection,No Control,Clear,Daylight,Dry,Non-Fatal Injury,Turning Movement,Passenger,80 to 84,None,,,,,,,,,,,,,,,Yes,Yes,,,,Yes,,Yes,,,,119,Wexford/Maryvale,119,Wexford/Maryvale (119),D41,636148.720426562,4845901.47107909
3880,80219808,4003042543,10/4/2014 4:00:00 AM,1730,PHARMACY AVE,PRINCEWAY DR,55 m North o,Minor Arterial,Scarborough,43.753657,-79.308833,Non Intersection,No Control,Clear,Daylight,Dry,Non-Fatal Injury,Turning Movement,Passenger,50 to 54,None,,,,,,,,,,,,,,,Yes,Yes,,,,Yes,,Yes,,,,119,Wexford/Maryvale,119,Wexford/Maryvale (119),D41,636148.720426562,4845901.47107909
3881,80220380,4003092212,10/12/2014 4:00:00 AM,1640,MARTIN GROVE RD,RATHBURN  RD,,Minor Arterial,Etobicoke York,43.657023,-79.555232,At Intersection,Traffic Signal,Clear,Daylight,Dry,Non-Fatal Injury,Angle,Driver,45 to 49,None,,North,Fire Vehicle,Stopped,Disobeyed Traffic Control,Normal,,,,,,,,,Yes,,,,Yes,Yes,,Yes,Yes,,,158,Islington,14,Islington-City Centre West (14),D22,616499.0467215,4834793.43233197
3882,80220381,4003092212,10/12/2014 4:00:00 AM,1640,MARTIN GROVE RD,RATHBURN  RD,,Minor Arterial,Etobicoke York,43.657023,-79.555232,At Intersection,Traffic Signal,Clear,Daylight,Dry,Non-Fatal Injury,Angle,Driver,90 to 94,Minimal,,West,"Automobile, Station Wagon",Going Ahead,Failed to Yield Right of Way,Inattentive,,,,,,,,,Yes,,,,Yes,Yes,,Yes,Yes,,,158,Islington,14,Islington-City Centre West (14),D22,616499.0467215,4834793.43233197
3883,80220382,4003092212,10/12/2014 4:00:00 AM,1640,MARTIN GROVE RD,RATHBURN  RD,,Minor Arterial,Etobicoke York,43.657023,-79.555232,At Intersection,Traffic Signal,Clear,Daylight,Dry,Non-Fatal Injury,Angle,Passenger,45 to 49,None,,,,,,,,,,,,,,,Yes,,,,Yes,Yes,,Yes,Yes,,,158,Islington,14,Islington-City Centre West (14),D22,616499.0467215,4834793.43233197
3884,80220383,4003092212,10/12/2014 4:00:00 AM,1640,MARTIN GROVE RD,RATHBURN  RD,,Minor Arterial,Etobicoke York,43.657023,-79.555232,At Intersection,Traffic Signal,Clear,Daylight,Dry,Non-Fatal Injury,Angle,Passenger,30 to 34,None,,,,,,,,,,,,,,,Yes,,,,Yes,Yes,,Yes,Yes,,,158,Islington,14,Islington-City Centre West (14),D22,616499.0467215,4834793.43233197
3885,80220384,4003092212,10/12/2014 4:00:00 AM,1640,MARTIN GROVE RD,RATHBURN  RD,,Minor Arterial,Etobicoke York,43.657023,-79.555232,At Intersection,Traffic Signal,Clear,Daylight,Dry,Non-Fatal Injury,Angle,Passenger,35 to 39,None,,,,,,,,,,,,,,,Yes,,,,Yes,Yes,,Yes,Yes,,,158,Islington,14,Islington-City Centre West (14),D22,616499.0467215,4834793.43233197
3886,80220385,4003092212,10/12/2014 4:00:00 AM,1640,MARTIN GROVE RD,RATHBURN  RD,,Minor Arterial,Etobicoke York,43.657023,-79.555232,At Intersection,Traffic Signal,Clear,Daylight,Dry,Non-Fatal Injury,Angle,Passenger,85 to 89,Major,,,,,,,,,,,,,,,Yes,,,,Yes,Yes,,Yes,Yes,,,158,Islington,14,Islington-City Centre West (14),D22,616499.0467215,4834793.43233197
3887,80221040,4003149103,10/21/2014 4:00:00 AM,2015,WILSON AVE,ALLARD AVE,,Major Arterial,North York,43.737872,-79.429408,Intersection Related,Stop Sign,Rain,"Dark, artificial",Wet,Non-Fatal Injury,Turning Movement,Driver,60 to 64,Minimal,,North,"Automobile, Station Wagon",Turning Left,Failed to Yield Right of Way,Normal,,,,,,,,,Yes,,,,,Yes,,Yes,,,,39,Bedford Park-Nortown,39,Bedford Park-Nortown (39),D32,626474.881772237,4843957.1820717
3888,80221041,4003149103,10/21/2014 4:00:00 AM,2015,WILSON AVE,ALLARD AVE,,Major Arterial,North York,43.737872,-79.429408,Intersection Related,Stop Sign,Rain,"Dark, artificial",Wet,Non-Fatal Injury,Turning Movement,Driver,55 to 59,Major,,East,Pick Up Truck,Going Ahead,Driving Properly,Normal,,,,,,,,,Yes,,,,,Yes,,Yes,,,,39,Bedford Park-Nortown,39,Bedford Park-Nortown (39),D32,626474.881772237,4843957.1820717
3889,80221042,4003149103,10/21/2014 4:00:00 AM,2015,WILSON AVE,ALLARD AVE,,Major Arterial,North York,43.737872,-79.429408,Intersection Related,Stop Sign,Rain,"Dark, artificial",Wet,Non-Fatal Injury,Turning Movement,Passenger,50 to 54,Minimal,,,,,,,,,,,,,,,Yes,,,,,Yes,,Yes,,,,39,Bedford Park-Nortown,39,Bedford Park-Nortown (39),D32,626474.881772237,4843957.1820717
3890,80221110,4003158007,10/23/2014 4:00:00 AM,1229,4709 JANE ST,,,Major Arterial,Etobicoke York,43.770903,-79.520862,At Intersection,Traffic Signal,Clear,Daylight,Dry,Non-Fatal Injury,Sideswipe,Truck Driver,30 to 34,None,,North,Truck-Tractor,Going Ahead,Driving Properly,Normal,,,,,,,,,,,Yes,,,Yes,,,,,,24,Black Creek,24,Black Creek (24),D31,619044.805450625,4847490.22015703
3891,80221111,4003158007,10/23/2014 4:00:00 AM,1229,4709 JANE ST,,,Major Arterial,Etobicoke York,43.770903,-79.520862,At Intersection,Traffic Signal,Clear,Daylight,Dry,Non-Fatal Injury,Sideswipe,Passenger,40 to 44,Major,,,,,,,,,,,,,,,,,Yes,,,Yes,,,,,,24,Black Creek,24,Black Creek (24),D31,619044.805450625,4847490.22015703
3892,80221190,4003162994,10/24/2014 4:00:00 AM,2315,YONGE ST,HILLCREST AVE,,Major Arterial,North York,43.767462,-79.412438,Non Intersection,No Control,Clear,"Dark, artificial",Dry,Non-Fatal Injury,Sideswipe,Driver,25 to 29,Minimal,,South,"Automobile, Station Wagon",Changing Lanes,Improper Lane Change,Inattentive,,,,,,,,,Yes,,,Yes,,Yes,,,,,,151,Yonge-Doris,51,Willowdale East (51),D32,627778.446953818,4847269.63663408
3893,80221191,4003162994,10/24/2014 4:00:00 AM,2315,YONGE ST,HILLCREST AVE,,Major Arterial,North York,43.767462,-79.412438,Non Intersection,No Control,Clear,"Dark, artificial",Dry,Non-Fatal Injury,Sideswipe,Driver,20 to 24,Minimal,,South,"Automobile, Station Wagon",Going Ahead,Driving Properly,Normal,,,,,,,,,Yes,,,Yes,,Yes,,,,,,151,Yonge-Doris,51,Willowdale East (51),D32,627778.446953818,4847269.63663408
3894,80221192,4003162994,10/24/2014 4:00:00 AM,2315,YONGE ST,HILLCREST AVE,,Major Arterial,North York,43.767462,-79.412438,Non Intersection,No Control,Clear,"Dark, artificial",Dry,Non-Fatal Injury,Sideswipe,Driver,35 to 39,None,,North,Intercity Bus,Going Ahead,Driving Properly,Normal,,,,,,,,,Yes,,,Yes,,Yes,,,,,,151,Yonge-Doris,51,Willowdale East (51),D32,627778.446953818,4847269.63663408
3895,80221193,4003162994,10/24/2014 4:00:00 AM,2315,YONGE ST,HILLCREST AVE,,Major Arterial,North York,43.767462,-79.412438,Non Intersection,No Control,Clear,"Dark, artificial",Dry,Non-Fatal Injury,Sideswipe,Passenger,20 to 24,Minor,,,,,,,,,,,,,,,Yes,,,Yes,,Yes,,,,,,151,Yonge-Doris,51,Willowdale East (51),D32,627778.446953818,4847269.63663408
3896,80221194,4003162994,10/24/2014 4:00:00 AM,2315,YONGE ST,HILLCREST AVE,,Major Arterial,North York,43.767462,-79.412438,Non Intersection,No Control,Clear,"Dark, artificial",Dry,Non-Fatal Injury,Sideswipe,Passenger,20 to 24,Minor,,,,,,,,,,,,,,,Yes,,,Yes,,Yes,,,,,,151,Yonge-Doris,51,Willowdale East (51),D32,627778.446953818,4847269.63663408
3897,80221195,4003162994,10/24/2014 4:00:00 AM,2315,YONGE ST,HILLCREST AVE,,Major Arterial,North York,43.767462,-79.412438,Non Intersection,No Control,Clear,"Dark, artificial",Dry,Non-Fatal Injury,Sideswipe,Passenger,20 to 24,Major,,,,,,,,,,,,,,,Yes,,,Yes,,Yes,,,,,,151,Yonge-Doris,51,Willowdale East (51),D32,627778.446953818,4847269.63663408
3898,80221196,4003162994,10/24/2014 4:00:00 AM,2315,YONGE ST,HILLCREST AVE,,Major Arterial,North York,43.767462,-79.412438,Non Intersection,No Control,Clear,"Dark, artificial",Dry,Non-Fatal Injury,Sideswipe,Passenger,20 to 24,Minor,,,,,,,,,,,,,,,Yes,,,Yes,,Yes,,,,,,151,Yonge-Doris,51,Willowdale East (51),D32,627778.446953818,4847269.63663408
3899,80221197,4003162994,10/24/2014 4:00:00 AM,2315,YONGE ST,HILLCREST AVE,,Major Arterial,North York,43.767462,-79.412438,Non Intersection,No Control,Clear,"Dark, artificial",Dry,Non-Fatal Injury,Sideswipe,Passenger,25 to 29,Minimal,,,,,,,,,,,,,,,Yes,,,Yes,,Yes,,,,,,151,Yonge-Doris,51,Willowdale East (51),D32,627778.446953818,4847269.63663408
3900,80221198,4003162994,10/24/2014 4:00:00 AM,2315,YONGE ST,HILLCREST AVE,,Major Arterial,North York,43.767462,-79.412438,Non Intersection,No Control,Clear,"Dark, artificial",Dry,Non-Fatal Injury,Sideswipe,Passenger,unknown,None,,,,,,,,,,,,,,,Yes,,,Yes,,Yes,,,,,,151,Yonge-Doris,51,Willowdale East (51),D32,627778.446953818,4847269.63663408
3901,80178884,4003213460,10/31/2014 4:00:00 AM,1845,REXDALE BLVD,HIGHWAY 27  S,,Major Arterial,Etobicoke York,43.717257,-79.595607,At Intersection,Traffic Signal,Rain,"Dark, artificial",Wet,Non-Fatal Injury,Cyclist Collisions,Driver,25 to 29,None,,East,"Automobile, Station Wagon",Going Ahead,Driving Properly,Normal,,,,,,,,Yes,Yes,,,,,Yes,,,,,,1,West Humber-Clairville,1,West Humber-Clairville (1),D23,613130.096343118,4841427.32370994
3902,80178885,4003213460,10/31/2014 4:00:00 AM,1845,REXDALE BLVD,HIGHWAY 27  S,,Major Arterial,Etobicoke York,43.717257,-79.595607,At Intersection,Traffic Signal,Rain,"Dark, artificial",Wet,Non-Fatal Injury,Cyclist Collisions,Passenger,30 to 34,None,,,,,,,,,,,,,,Yes,Yes,,,,,Yes,,,,,,1,West Humber-Clairville,1,West Humber-Clairville (1),D23,613130.096343118,4841427.32370994
3903,80178886,4003213460,10/31/2014 4:00:00 AM,1845,REXDALE BLVD,HIGHWAY 27  S,,Major Arterial,Etobicoke York,43.717257,-79.595607,At Intersection,Traffic Signal,Rain,"Dark, artificial",Wet,Non-Fatal Injury,Cyclist Collisions,Passenger,10 to 14,None,,,,,,,,,,,,,,Yes,Yes,,,,,Yes,,,,,,1,West Humber-Clairville,1,West Humber-Clairville (1),D23,613130.096343118,4841427.32370994
3904,80178887,4003213460,10/31/2014 4:00:00 AM,1845,REXDALE BLVD,HIGHWAY 27  S,,Major Arterial,Etobicoke York,43.717257,-79.595607,At Intersection,Traffic Signal,Rain,"Dark, artificial",Wet,Non-Fatal Injury,Cyclist Collisions,Passenger,10 to 14,None,,,,,,,,,,,,,,Yes,Yes,,,,,Yes,,,,,,1,West Humber-Clairville,1,West Humber-Clairville (1),D23,613130.096343118,4841427.32370994