OBJECTID,INDEX,ACCNUM,DATE,TIME,STREET1,STREET2,OFFSET,ROAD_CLASS,DISTRICT,LATITUDE,LONGITUDE,ACCLOC,TRAFFCTL,VISIBILITY,LIGHT,RDSFCOND,ACCLASS,IMPACTYPE,INVTYPE,INVAGE,INJURY,FATAL_NO,INITDIR,VEHTYPE,MANOEUVER,DRIVACT,DRIVCOND,PEDTYPE,PEDACT,PEDCOND,CYCLISTYPE,CYCACT,CYCCOND,PEDESTRIAN,CYCLIST,AUTOMOBILE,MOTORCYCLE,TRUCK,TRSN_CITY_VEH,EMERG_VEH,PASSENGER,SPEEDING,AG_DRIV,REDLIGHT,ALCOHOL,DISABILITY,HOOD_158,NEIGHBOURHOOD_158,HOOD_140,NEIGHBOURHOOD_140,DIVISION,x,y
3905,80178888,4003213460,10/31/2014 4:00:00 AM,1845,REXDALE BLVD,HIGHWAY 27  S,,Major Arterial,Etobicoke York,43.717257,-79.595607,At Intersection,Traffic Signal,Rain,"Dark, artificial",Wet,Non-Fatal Injury,Cyclist Collisions,Passenger,5 to 9,None,,,,,,,,,,,,,,Yes,Yes,,,,,Yes,,,,,,1,West Humber-Clairville,1,West Humber-Clairville (1),D23,613130.096343118,4841427.32370994
3906,80178889,4003213460,10/31/2014 4:00:00 AM,1845,REXDALE BLVD,HIGHWAY 27  S,,Major Arterial,Etobicoke York,43.717257,-79.595607,At Intersection,Traffic Signal,Rain,"Dark, artificial",Wet,Non-Fatal Injury,Cyclist Collisions,Cyclist,75 to 79,Major,,East,Bicycle,Unknown,,,,,,Cyclist and Driver travelling in same direction. One vehicle sideswipes the other.,Other,Normal,,Yes,Yes,,,,,Yes,,,,,,1,West Humber-Clairville,1,West Humber-Clairville (1),D23,613130.096343118,4841427.32370994
3907,80501548,4003267619,11/9/2014 5:00:00 AM,559,KIPLING AVE,WESTHUMBER BLVD,,Major Arterial,Etobicoke York,43.728129,-79.574641,At Intersection,Traffic Signal,Clear,"Dark, artificial",Dry,Fatal,Angle,Driver,20 to 24,Major,,North,"Automobile, Station Wagon",Going Ahead,Disobeyed Traffic Control,Unknown,,,,,,,,,Yes,,,Yes,,Yes,,Yes,Yes,,,4,Rexdale-Kipling,4,Rexdale-Kipling (4),D23,614798.246106635,4842663.6402657
3908,80501549,4003267619,11/9/2014 5:00:00 AM,559,KIPLING AVE,WESTHUMBER BLVD,,Major Arterial,Etobicoke York,43.728129,-79.574641,At Intersection,Traffic Signal,Clear,"Dark, artificial",Dry,Fatal,Angle,Driver,45 to 49,Minor,,East,Municipal Transit Bus (TTC),Going Ahead,Driving Properly,Normal,,,,,,,,,Yes,,,Yes,,Yes,,Yes,Yes,,,4,Rexdale-Kipling,4,Rexdale-Kipling (4),D23,614798.246106635,4842663.6402657
3909,80501550,4003267619,11/9/2014 5:00:00 AM,559,KIPLING AVE,WESTHUMBER BLVD,,Major Arterial,Etobicoke York,43.728129,-79.574641,At Intersection,Traffic Signal,Clear,"Dark, artificial",Dry,Fatal,Angle,Passenger,20 to 24,Major,,,,,,,,,,,,,,,Yes,,,Yes,,Yes,,Yes,Yes,,,4,Rexdale-Kipling,4,Rexdale-Kipling (4),D23,614798.246106635,4842663.6402657
3910,80501551,4003267619,11/9/2014 5:00:00 AM,559,KIPLING AVE,WESTHUMBER BLVD,,Major Arterial,Etobicoke York,43.728129,-79.574641,At Intersection,Traffic Signal,Clear,"Dark, artificial",Dry,Fatal,Angle,Passenger,20 to 24,Fatal,40,,,,,,,,,,,,,,Yes,,,Yes,,Yes,,Yes,Yes,,,4,Rexdale-Kipling,4,Rexdale-Kipling (4),D23,614798.246106635,4842663.6402657
3911,80501552,4003267619,11/9/2014 5:00:00 AM,559,KIPLING AVE,WESTHUMBER BLVD,,Major Arterial,Etobicoke York,43.728129,-79.574641,At Intersection,Traffic Signal,Clear,"Dark, artificial",Dry,Fatal,Angle,Passenger,35 to 39,Minor,,,,,,,,,,,,,,,Yes,,,Yes,,Yes,,Yes,Yes,,,4,Rexdale-Kipling,4,Rexdale-Kipling (4),D23,614798.246106635,4842663.6402657
3912,80501553,4003267619,11/9/2014 5:00:00 AM,559,KIPLING AVE,WESTHUMBER BLVD,,Major Arterial,Etobicoke York,43.728129,-79.574641,At Intersection,Traffic Signal,Clear,"Dark, artificial",Dry,Fatal,Angle,Passenger,20 to 24,Minor,,,,,,,,,,,,,,,Yes,,,Yes,,Yes,,Yes,Yes,,,4,Rexdale-Kipling,4,Rexdale-Kipling (4),D23,614798.246106635,4842663.6402657
3913,80501554,4003267619,11/9/2014 5:00:00 AM,559,KIPLING AVE,WESTHUMBER BLVD,,Major Arterial,Etobicoke York,43.728129,-79.574641,At Intersection,Traffic Signal,Clear,"Dark, artificial",Dry,Fatal,Angle,Passenger,50 to 54,Minor,,,,,,,,,,,,,,,Yes,,,Yes,,Yes,,Yes,Yes,,,4,Rexdale-Kipling,4,Rexdale-Kipling (4),D23,614798.246106635,4842663.6402657
3914,80501555,4003267619,11/9/2014 5:00:00 AM,559,KIPLING AVE,WESTHUMBER BLVD,,Major Arterial,Etobicoke York,43.728129,-79.574641,At Intersection,Traffic Signal,Clear,"Dark, artificial",Dry,Fatal,Angle,Passenger,25 to 29,Minor,,,,,,,,,,,,,,,Yes,,,Yes,,Yes,,Yes,Yes,,,4,Rexdale-Kipling,4,Rexdale-Kipling (4),D23,614798.246106635,4842663.6402657
3915,80501556,4003267619,11/9/2014 5:00:00 AM,559,KIPLING AVE,WESTHUMBER BLVD,,Major Arterial,Etobicoke York,43.728129,-79.574641,At Intersection,Traffic Signal,Clear,"Dark, artificial",Dry,Fatal,Angle,Passenger,25 to 29,Minor,,,,,,,,,,,,,,,Yes,,,Yes,,Yes,,Yes,Yes,,,4,Rexdale-Kipling,4,Rexdale-Kipling (4),D23,614798.246106635,4842663.6402657
3916,80501557,4003267619,11/9/2014 5:00:00 AM,559,KIPLING AVE,WESTHUMBER BLVD,,Major Arterial,Etobicoke York,43.728129,-79.574641,At Intersection,Traffic Signal,Clear,"Dark, artificial",Dry,Fatal,Angle,Passenger,50 to 54,Minor,,,,,,,,,,,,,,,Yes,,,Yes,,Yes,,Yes,Yes,,,4,Rexdale-Kipling,4,Rexdale-Kipling (4),D23,614798.246106635,4842663.6402657
3917,80631906,4003323321,11/18/2014 5:00:00 AM,1211,STEELES AVE E,BAYVIEW AVE,85 m West of,Major Arterial,North York,43.802954,-79.397296,Non Intersection,No Control,Clear,Daylight,Dry,Non-Fatal Injury,Other,Driver,55 to 59,None,,West,Municipal Transit Bus (TTC),Going Ahead,Driving Properly,Normal,,,,,,,,,,,,Yes,,Yes,,,,,,50,Newtonbrook East,50,Newtonbrook East (50),D32,628920.876621476,4851235.0501602
3918,80631907,4003323321,11/18/2014 5:00:00 AM,1211,STEELES AVE E,BAYVIEW AVE,85 m West of,Major Arterial,North York,43.802954,-79.397296,Non Intersection,No Control,Clear,Daylight,Dry,Non-Fatal Injury,Other,Passenger,55 to 59,Major,,,Municipal Transit Bus (TTC),,,,,,,,,,,,,,,Yes,,Yes,,,,,,50,Newtonbrook East,50,Newtonbrook East (50),D32,628920.876621476,4851235.0501602
3919,80631908,4003346402,11/22/2014 5:00:00 AM,520,WILSON AVE,RIDGE RD,55 m West of,Major Arterial,North York,43.723689,-79.494914,Non Intersection,No Control,Clear,"Dawn, artificial",Dry,Non-Fatal Injury,Approaching,Driver,20 to 24,Major,,West,"Automobile, Station Wagon",Going Ahead,Lost control,Normal,,,,,,,,,Yes,,,,,Yes,,,,,,154,Oakdale-Beverley Heights,26,Downsview-Roding-CFB (26),D31,621228.454378857,4842284.0483333
3920,80631909,4003346402,11/22/2014 5:00:00 AM,520,WILSON AVE,RIDGE RD,55 m West of,Major Arterial,North York,43.723689,-79.494914,Non Intersection,No Control,Clear,"Dawn, artificial",Dry,Non-Fatal Injury,Approaching,Driver,45 to 49,Minor,,East,"Automobile, Station Wagon",Going Ahead,Driving Properly,Normal,,,,,,,,,Yes,,,,,Yes,,,,,,154,Oakdale-Beverley Heights,26,Downsview-Roding-CFB (26),D31,621228.454378857,4842284.0483333
3921,80631910,4003346402,11/22/2014 5:00:00 AM,520,WILSON AVE,RIDGE RD,55 m West of,Major Arterial,North York,43.723689,-79.494914,Non Intersection,No Control,Clear,"Dawn, artificial",Dry,Non-Fatal Injury,Approaching,Passenger,20 to 24,Minimal,,,,,,,,,,,,,,,Yes,,,,,Yes,,,,,,154,Oakdale-Beverley Heights,26,Downsview-Roding-CFB (26),D31,621228.454378857,4842284.0483333
3922,80631911,4003346402,11/22/2014 5:00:00 AM,520,WILSON AVE,RIDGE RD,55 m West of,Major Arterial,North York,43.723689,-79.494914,Non Intersection,No Control,Clear,"Dawn, artificial",Dry,Non-Fatal Injury,Approaching,Passenger,0 to 4,Minimal,,,,,,,,,,,,,,,Yes,,,,,Yes,,,,,,154,Oakdale-Beverley Heights,26,Downsview-Roding-CFB (26),D31,621228.454378857,4842284.0483333
3923,80223279,4003346463,11/22/2014 5:00:00 AM,545,WILLIAM R ALLEN RD,SHEPPARD AVE W,200 m South ,Major Arterial,,43.748622,-79.462856,At/Near Private Drive,No Control,Clear,"Dark, artificial",Dry,Non-Fatal Injury,Turning Movement,Truck Driver,25 to 29,None,,East,Truck-Tractor,Turning Right,Failed to Yield Right of Way,Inattentive,,,,,,,,,,,Yes,,,Yes,,Yes,,,,155,Downsview,26,Downsview-Roding-CFB (26),D32,623759.242406657,4845100.61175125
3924,80223280,4003346463,11/22/2014 5:00:00 AM,545,WILLIAM R ALLEN RD,SHEPPARD AVE W,200 m South ,Major Arterial,,43.748622,-79.462856,At/Near Private Drive,No Control,Clear,"Dark, artificial",Dry,Non-Fatal Injury,Turning Movement,Passenger,30 to 34,Major,,,,,,,,,,,,,,,,,Yes,,,Yes,,Yes,,,,155,Downsview,26,Downsview-Roding-CFB (26),D32,623759.242406657,4845100.61175125
3925,8000206,143380193,11/27/2014 5:00:00 AM,1420,549 COLLEGE ST,,,Major Arterial,Toronto and East York,43.655574,-79.412013,,No Control,Clear,Daylight,Dry,Fatal,SMV Other,Passenger,90 to 94,Fatal,45,,,,,,,,,,,,,,Yes,,,,,Yes,,,,,,81,Trinity-Bellwoods,81,Trinity-Bellwoods (81),D14,628050.715376821,4834843.54837527
3926,8000207,143380193,11/27/2014 5:00:00 AM,1420,549 COLLEGE ST,,,Major Arterial,Toronto and East York,43.655574,-79.412013,,No Control,Clear,Daylight,Dry,Fatal,SMV Other,Driver,65 to 69,Minimal,,North,"Automobile, Station Wagon",Going Ahead,Lost control,Inattentive,,,,,,,,,Yes,,,,,Yes,,,,,,81,Trinity-Bellwoods,81,Trinity-Bellwoods (81),D14,628050.715376821,4834843.54837527
3927,8000221,143380193,11/27/2014 5:00:00 AM,1420,549 COLLEGE ST,,,Major Arterial,Toronto and East York,43.655574,-79.412013,,No Control,Clear,Daylight,Dry,Fatal,SMV Other,Passenger,65 to 69,Minor,,,,,,,,,,,,,,,Yes,,,,,Yes,,,,,,81,Trinity-Bellwoods,81,Trinity-Bellwoods (81),D14,628050.715376821,4834843.54837527
3928,80631916,4003398142,11/30/2014 5:00:00 AM,1345,500 SCARLETT RD,,,Major Arterial,Etobicoke York,43.68619,-79.512805,Non Intersection,No Control,Clear,Daylight,Wet,Non-Fatal Injury,Approaching,Driver,80 to 84,Major,,South,"Automobile, Station Wagon",Going Ahead,Lost control,Unknown,,,,,,,,,Yes,,,,,Yes,,,,,,8,Humber Heights-Westmount,8,Humber Heights-Westmount (8),D23,619862.106768237,4838093.25301172
3929,80631917,4003398142,11/30/2014 5:00:00 AM,1345,500 SCARLETT RD,,,Major Arterial,Etobicoke York,43.68619,-79.512805,Non Intersection,No Control,Clear,Daylight,Wet,Non-Fatal Injury,Approaching,Driver,75 to 79,Major,,North,"Automobile, Station Wagon",Going Ahead,Driving Properly,Unknown,,,,,,,,,Yes,,,,,Yes,,,,,,8,Humber Heights-Westmount,8,Humber Heights-Westmount (8),D23,619862.106768237,4838093.25301172
3930,80631918,4003398142,11/30/2014 5:00:00 AM,1345,500 SCARLETT RD,,,Major Arterial,Etobicoke York,43.68619,-79.512805,Non Intersection,No Control,Clear,Daylight,Wet,Non-Fatal Injury,Approaching,Passenger,65 to 69,Major,,,,,,,,,,,,,,,Yes,,,,,Yes,,,,,,8,Humber Heights-Westmount,8,Humber Heights-Westmount (8),D23,619862.106768237,4838093.25301172
3931,80631923,4003410596,12/2/2014 5:00:00 AM,1335,CIVIC RD,SINNOTT RD,,Collector,Scarborough,43.728434,-79.280307,At Intersection,Stop Sign,Clear,Daylight,Dry,Non-Fatal Injury,Pedestrian Collisions,Driver,55 to 59,None,,East,School Bus,Turning Left,Lost control,Normal,,,,,,,Yes,,,,,,,Yes,,,,,,120,Clairlea-Birchmount,120,Clairlea-Birchmount (120),D41,638503.405747618,4843147.36551621
3932,80631924,4003410596,12/2/2014 5:00:00 AM,1335,CIVIC RD,SINNOTT RD,,Collector,Scarborough,43.728434,-79.280307,At Intersection,Stop Sign,Clear,Daylight,Dry,Non-Fatal Injury,Pedestrian Collisions,Passenger,20 to 24,None,,,,,,,,,,,,,Yes,,,,,,,Yes,,,,,,120,Clairlea-Birchmount,120,Clairlea-Birchmount (120),D41,638503.405747618,4843147.36551621
3933,80631925,4003410596,12/2/2014 5:00:00 AM,1335,CIVIC RD,SINNOTT RD,,Collector,Scarborough,43.728434,-79.280307,At Intersection,Stop Sign,Clear,Daylight,Dry,Non-Fatal Injury,Pedestrian Collisions,Pedestrian,45 to 49,Major,,East,,,,,Vehicle turns left while ped crosses with ROW at inter.,Crossing with right of way,Normal,,,,Yes,,,,,,,Yes,,,,,,120,Clairlea-Birchmount,120,Clairlea-Birchmount (120),D41,638503.405747618,4843147.36551621
3934,80631930,4003437550,12/6/2014 5:00:00 AM,1906,BRIMLEY RD,HUNTINGWOOD DR,46 m North o,Major Arterial,Scarborough,43.799033,-79.273639,Non Intersection,No Control,Clear,"Dark, artificial",Dry,Non-Fatal Injury,SMV Other,Driver,55 to 59,Major,,South,"Automobile, Station Wagon",Going Ahead,Lost control,Medical or Physical Disability,,,,,,,,,Yes,,,,,Yes,,,,,Yes,129,Agincourt North,129,Agincourt North (129),D42,638876.984273352,4850999.64043952
3935,80631931,4003437550,12/6/2014 5:00:00 AM,1906,BRIMLEY RD,HUNTINGWOOD DR,46 m North o,Major Arterial,Scarborough,43.799033,-79.273639,Non Intersection,No Control,Clear,"Dark, artificial",Dry,Non-Fatal Injury,SMV Other,Passenger,50 to 54,Minor,,,"Automobile, Station Wagon",,,,,,,,,,,,Yes,,,,,Yes,,,,,Yes,129,Agincourt North,129,Agincourt North (129),D42,638876.984273352,4850999.64043952
3936,80224304,4003439452,12/7/2014 5:00:00 AM,215,EGLINTON AVE E,PHARMACY AVE,,Major Arterial,Scarborough,43.725642,-79.297504,Intersection Related,Traffic Signal,Clear,"Dark, artificial",Dry,Non-Fatal Injury,Turning Movement,Driver,30 to 34,Minor,,West,"Automobile, Station Wagon",Going Ahead,Exceeding Speed Limit,"Ability Impaired, Alcohol Over .08",,,,,,,,,Yes,,Yes,,,Yes,Yes,Yes,,Yes,,120,Clairlea-Birchmount,120,Clairlea-Birchmount (120),D41,637124.721163575,4842808.67210017
3937,80224305,4003439452,12/7/2014 5:00:00 AM,215,EGLINTON AVE E,PHARMACY AVE,,Major Arterial,Scarborough,43.725642,-79.297504,Intersection Related,Traffic Signal,Clear,"Dark, artificial",Dry,Non-Fatal Injury,Turning Movement,Truck Driver,45 to 49,None,,East,Truck-Tractor,Turning Left,Driving Properly,Normal,,,,,,,,,Yes,,Yes,,,Yes,Yes,Yes,,Yes,,120,Clairlea-Birchmount,120,Clairlea-Birchmount (120),D41,637124.721163575,4842808.67210017
3938,80224306,4003439452,12/7/2014 5:00:00 AM,215,EGLINTON AVE E,PHARMACY AVE,,Major Arterial,Scarborough,43.725642,-79.297504,Intersection Related,Traffic Signal,Clear,"Dark, artificial",Dry,Non-Fatal Injury,Turning Movement,Passenger,20 to 24,Major,,,,,,,,,,,,,,,Yes,,Yes,,,Yes,Yes,Yes,,Yes,,120,Clairlea-Birchmount,120,Clairlea-Birchmount (120),D41,637124.721163575,4842808.67210017
3939,80224307,4003439452,12/7/2014 5:00:00 AM,215,EGLINTON AVE E,PHARMACY AVE,,Major Arterial,Scarborough,43.725642,-79.297504,Intersection Related,Traffic Signal,Clear,"Dark, artificial",Dry,Non-Fatal Injury,Turning Movement,Passenger,25 to 29,Major,,,,,,,,,,,,,,,Yes,,Yes,,,Yes,Yes,Yes,,Yes,,120,Clairlea-Birchmount,120,Clairlea-Birchmount (120),D41,637124.721163575,4842808.67210017
3940,8000208,143471771,12/12/2014 5:00:00 AM,1320,SHEPPARD AVE E,404 N SHEPPARD W RAMP,,Major Arterial,North York,43.77582,-79.337749,,Traffic Signal,Clear,Daylight,Wet,Fatal,Turning Movement,Passenger,50 to 54,Fatal,47,,,,,,,,,,,,,,Yes,,,,,Yes,,Yes,Yes,,,53,Henry Farm,53,Henry Farm (53),D33,633771.380167291,4848315.88506379
3941,8000209,143471771,12/12/2014 5:00:00 AM,1320,SHEPPARD AVE E,404 N SHEPPARD W RAMP,,Major Arterial,North York,43.77582,-79.337749,,Traffic Signal,Clear,Daylight,Wet,Fatal,Turning Movement,Driver,20 to 24,Minimal,,West,"Automobile, Station Wagon",Going Ahead,Disobeyed Traffic Control,Inattentive,,,,,,,,,Yes,,,,,Yes,,Yes,Yes,,,53,Henry Farm,53,Henry Farm (53),D33,633771.380167291,4848315.88506379
3942,8000210,143471771,12/12/2014 5:00:00 AM,1320,SHEPPARD AVE E,404 N SHEPPARD W RAMP,,Major Arterial,North York,43.77582,-79.337749,,Traffic Signal,Clear,Daylight,Wet,Fatal,Turning Movement,Driver,40 to 44,Minor,,East,"Automobile, Station Wagon",Turning Left,Driving Properly,Normal,,,,,,,,,Yes,,,,,Yes,,Yes,Yes,,,53,Henry Farm,53,Henry Farm (53),D33,633771.380167291,4848315.88506379
3943,80183114,4003498466,12/16/2014 5:00:00 AM,1910,ALBION RD,RIVERDALE DR,,Major Arterial,Etobicoke York,43.735346,-79.561374,Intersection Related,Traffic Signal,Rain,Dark,Wet,Non-Fatal Injury,Pedestrian Collisions,Driver,45 to 49,None,,North,"Automobile, Station Wagon",Turning Left,Driving Properly,Normal,,,,,,,Yes,,Yes,,,,,Yes,,,,,,3,Thistletown-Beaumond Heights,3,Thistletown-Beaumond Heights (3),D23,615852.860572352,4843483.65409878
3944,80183115,4003498466,12/16/2014 5:00:00 AM,1910,ALBION RD,RIVERDALE DR,,Major Arterial,Etobicoke York,43.735346,-79.561374,Intersection Related,Traffic Signal,Rain,Dark,Wet,Non-Fatal Injury,Pedestrian Collisions,Passenger,5 to 9,Major,,,,,,,,,,,,,Yes,,Yes,,,,,Yes,,,,,,3,Thistletown-Beaumond Heights,3,Thistletown-Beaumond Heights (3),D23,615852.860572352,4843483.65409878
3945,80183116,4003498466,12/16/2014 5:00:00 AM,1910,ALBION RD,RIVERDALE DR,,Major Arterial,Etobicoke York,43.735346,-79.561374,Intersection Related,Traffic Signal,Rain,Dark,Wet,Non-Fatal Injury,Pedestrian Collisions,Pedestrian,45 to 49,Minor,,Unknown,,,,,Vehicle turns left while ped crosses with ROW at inter.,Crossing with right of way,Normal,,,,Yes,,Yes,,,,,Yes,,,,,,3,Thistletown-Beaumond Heights,3,Thistletown-Beaumond Heights (3),D23,615852.860572352,4843483.65409878
3946,8000211,143507481,12/18/2014 5:00:00 AM,843,6030 BATHURST ST,,,Major Arterial,North York,43.788577,-79.446666,,No Control,Clear,Daylight,Dry,Fatal,Pedestrian Collisions,Pedestrian,75 to 79,Fatal,50,East,,,,,Pedestrian hit at mid-block,Running onto Roadway,Inattentive,,,,Yes,,Yes,,,,,Yes,,,,,,36,Newtonbrook West,36,Newtonbrook West (36),D32,624979.507847743,4849562.53256623
3947,8000212,143507481,12/18/2014 5:00:00 AM,843,6030 BATHURST ST,,,Major Arterial,North York,43.788577,-79.446666,,No Control,Clear,Daylight,Dry,Fatal,Pedestrian Collisions,Driver,25 to 29,None,,South,"Automobile, Station Wagon",Going Ahead,Driving Properly,Normal,,,,,,,Yes,,Yes,,,,,Yes,,,,,,36,Newtonbrook West,36,Newtonbrook West (36),D32,624979.507847743,4849562.53256623
3948,8000304,143507481,12/18/2014 5:00:00 AM,843,6030 BATHURST ST,,,Major Arterial,North York,43.788577,-79.446666,,No Control,Clear,Daylight,Dry,Fatal,Pedestrian Collisions,Passenger,unknown,None,,,,,,,,,,,,,Yes,,Yes,,,,,Yes,,,,,,36,Newtonbrook West,36,Newtonbrook West (36),D32,624979.507847743,4849562.53256623
3949,80225387,4003521992,12/20/2014 5:00:00 AM,1410,OSSINGTON AVE,BLOOR ST W,15 m South o,Major Arterial,Toronto and East York,43.661971,-79.425647,Non Intersection,No Control,Clear,Daylight,Dry,Non-Fatal Injury,Cyclist Collisions,Driver,55 to 59,None,,South,"Automobile, Station Wagon",Overtaking,Improper Passing,Inattentive,,,,,,,,Yes,Yes,,,,,Yes,,Yes,,,,80,Palmerston-Little Italy,80,Palmerston-Little Italy (80),D14,626937.817156265,4835533.06953184
3950,80225388,4003521992,12/20/2014 5:00:00 AM,1410,OSSINGTON AVE,BLOOR ST W,15 m South o,Major Arterial,Toronto and East York,43.661971,-79.425647,Non Intersection,No Control,Clear,Daylight,Dry,Non-Fatal Injury,Cyclist Collisions,Cyclist,25 to 29,Major,,South,Bicycle,Going Ahead,,,,,,Cyclist and Driver travelling in same direction. One vehicle sideswipes the other.,Driving Properly,Normal,,Yes,Yes,,,,,Yes,,Yes,,,,80,Palmerston-Little Italy,80,Palmerston-Little Italy (80),D14,626937.817156265,4835533.06953184
3951,80225389,4003521992,12/20/2014 5:00:00 AM,1410,OSSINGTON AVE,BLOOR ST W,15 m South o,Major Arterial,Toronto and East York,43.661971,-79.425647,Non Intersection,No Control,Clear,Daylight,Dry,Non-Fatal Injury,Cyclist Collisions,Passenger,55 to 59,None,,,,,,,,,,,,,,Yes,Yes,,,,,Yes,,Yes,,,,80,Palmerston-Little Italy,80,Palmerston-Little Italy (80),D14,626937.817156265,4835533.06953184
3952,80631940,4003523985,12/20/2014 5:00:00 AM,2308,BRIMLEY RD,DORCOT AVE,,Major Arterial,Scarborough,43.758887,-79.257114,At Intersection,Traffic Signal,Clear,"Dark, artificial",Dry,Non-Fatal Injury,Pedestrian Collisions,Driver,25 to 29,Minimal,,North,"Automobile, Station Wagon",Going Ahead,Driving Properly,Inattentive,,,,,,,Yes,,Yes,,,,,Yes,,,,,,156,Bendale-Glen Andrew,127,Bendale (127),D43,640300.2227535,4846568.6597335
3953,80631941,4003523985,12/20/2014 5:00:00 AM,2308,BRIMLEY RD,DORCOT AVE,,Major Arterial,Scarborough,43.758887,-79.257114,At Intersection,Traffic Signal,Clear,"Dark, artificial",Dry,Non-Fatal Injury,Pedestrian Collisions,Passenger,20 to 24,None,,,,,,,,,,,,,Yes,,Yes,,,,,Yes,,,,,,156,Bendale-Glen Andrew,127,Bendale (127),D43,640300.2227535,4846568.6597335
3954,80631942,4003523985,12/20/2014 5:00:00 AM,2308,BRIMLEY RD,DORCOT AVE,,Major Arterial,Scarborough,43.758887,-79.257114,At Intersection,Traffic Signal,Clear,"Dark, artificial",Dry,Non-Fatal Injury,Pedestrian Collisions,Passenger,20 to 24,None,,,,,,,,,,,,,Yes,,Yes,,,,,Yes,,,,,,156,Bendale-Glen Andrew,127,Bendale (127),D43,640300.2227535,4846568.6597335
3955,80631943,4003523985,12/20/2014 5:00:00 AM,2308,BRIMLEY RD,DORCOT AVE,,Major Arterial,Scarborough,43.758887,-79.257114,At Intersection,Traffic Signal,Clear,"Dark, artificial",Dry,Non-Fatal Injury,Pedestrian Collisions,Pedestrian,20 to 24,Major,,West,,,,,Vehicle is going straight thru inter.while ped cross without ROW,Crossing without right of way,Had Been Drinking,,,,Yes,,Yes,,,,,Yes,,,,,,156,Bendale-Glen Andrew,127,Bendale (127),D43,640300.2227535,4846568.6597335
3956,80631944,4003526196,12/21/2014 5:00:00 AM,1132,MARKHAM RD,BLAKEMANOR BLVD,246 m North ,Major Arterial,Scarborough,43.752967,-79.223071,Non Intersection,No Control,Clear,Daylight,Dry,Non-Fatal Injury,SMV Other,Driver,60 to 64,Major,,South,"Automobile, Station Wagon",Other,Lost control,Medical or Physical Disability,,,,,,,,,Yes,,,,,Yes,,,,,Yes,141,Golfdale-Cedarbrae-Woburn,137,Woburn (137),D43,643054.783366461,4845969.38921894
3957,80631945,4003526196,12/21/2014 5:00:00 AM,1132,MARKHAM RD,BLAKEMANOR BLVD,246 m North ,Major Arterial,Scarborough,43.752967,-79.223071,Non Intersection,No Control,Clear,Daylight,Dry,Non-Fatal Injury,SMV Other,Passenger,55 to 59,Minor,,,,,,,,,,,,,,,Yes,,,,,Yes,,,,,Yes,141,Golfdale-Cedarbrae-Woburn,137,Woburn (137),D43,643054.783366461,4845969.38921894
3958,80631946,4003527031,12/21/2014 5:00:00 AM,1437,BLOOR ST W,SHAW ST,18 m East of,Major Arterial,Toronto and East York,43.662436,-79.423229,Intersection Related,No Control,Clear,Daylight,Dry,Non-Fatal Injury,Pedestrian Collisions,Driver,45 to 49,Minimal,,West,"Automobile, Station Wagon",Making U Turn,Improper Turn,Inattentive,,,,,,,Yes,,Yes,,,,,Yes,,,,,,80,Palmerston-Little Italy,80,Palmerston-Little Italy (80),D14,627131.7974452,4835588.41625058
3959,80631947,4003527031,12/21/2014 5:00:00 AM,1437,BLOOR ST W,SHAW ST,18 m East of,Major Arterial,Toronto and East York,43.662436,-79.423229,Intersection Related,No Control,Clear,Daylight,Dry,Non-Fatal Injury,Pedestrian Collisions,Pedestrian,50 to 54,Major,,Unknown,,,,,Pedestrian hit on sidewalk or shoulder,On Sidewalk or Shoulder,Normal,,,,Yes,,Yes,,,,,Yes,,,,,,80,Palmerston-Little Italy,80,Palmerston-Little Italy (80),D14,627131.7974452,4835588.41625058
3960,80631948,4003527031,12/21/2014 5:00:00 AM,1437,BLOOR ST W,SHAW ST,18 m East of,Major Arterial,Toronto and East York,43.662436,-79.423229,Intersection Related,No Control,Clear,Daylight,Dry,Non-Fatal Injury,Pedestrian Collisions,Passenger,15 to 19,None,,,,,,,,,,,,,Yes,,Yes,,,,,Yes,,,,,,80,Palmerston-Little Italy,80,Palmerston-Little Italy (80),D14,627131.7974452,4835588.41625058
3961,80631949,4003538412,12/23/2014 5:00:00 AM,1447,FINCH AVE W,SENLAC RD,49 m East of,Major Arterial,North York,43.77661,-79.42937,Non Intersection,No Control,Rain,Daylight,Wet,Non-Fatal Injury,SMV Other,Driver,80 to 84,Major,,East,Passenger Van,Going Ahead,Lost control,Medical or Physical Disability,,,,,,,,,Yes,,,,,Yes,,,,,Yes,37,Willowdale West,37,Willowdale West (37),D32,626396.352770857,4848259.67291628
3962,80631950,4003538412,12/23/2014 5:00:00 AM,1447,FINCH AVE W,SENLAC RD,49 m East of,Major Arterial,North York,43.77661,-79.42937,Non Intersection,No Control,Rain,Daylight,Wet,Non-Fatal Injury,SMV Other,Passenger,60 to 64,Minor,,,,,,,,,,,,,,,Yes,,,,,Yes,,,,,Yes,37,Willowdale West,37,Willowdale West (37),D32,626396.352770857,4848259.67291628
3963,80631953,4003549384,12/25/2014 5:00:00 AM,2150,MCCOWAN RD,STEELES AVE E,,Major Arterial,Scarborough,43.830973,-79.275157,Intersection Related,Traffic Signal,Clear,"Dark, artificial",Dry,Non-Fatal Injury,Turning Movement,Driver,25 to 29,None,,North,"Automobile, Station Wagon",Turning Left,Lost control,Normal,,,,,,,,,Yes,,,,,Yes,,,,,,130,Milliken,130,Milliken (130),D42,638680.908684292,4854544.55268116