OBJECTID,INDEX,ACCNUM,DATE,TIME,STREET1,STREET2,OFFSET,ROAD_CLASS,DISTRICT,LATITUDE,LONGITUDE,ACCLOC,TRAFFCTL,VISIBILITY,LIGHT,RDSFCOND,ACCLASS,IMPACTYPE,INVTYPE,INVAGE,INJURY,FATAL_NO,INITDIR,VEHTYPE,MANOEUVER,DRIVACT,DRIVCOND,PEDTYPE,PEDACT,PEDCOND,CYCLISTYPE,CYCACT,CYCCOND,PEDESTRIAN,CYCLIST,AUTOMOBILE,MOTORCYCLE,TRUCK,TRSN_CITY_VEH,EMERG_VEH,PASSENGER,SPEEDING,AG_DRIV,REDLIGHT,ALCOHOL,DISABILITY,HOOD_158,NEIGHBOURHOOD_158,HOOD_140,NEIGHBOURHOOD_140,DIVISION,x,y
4200,80245707,,7/24/2015 4:00:00 AM,1518,RENFORTH DR,SILVER DART DR,,Major Arterial,Etobicoke York,43.676417,-79.593227,Intersection Related,Traffic Signal,Clear,Daylight,Dry,Non-Fatal Injury,Angle,Driver,50 to 54,Minor,,West,"Automobile, Station Wagon",Going Ahead,Disobeyed Traffic Control,Inattentive,,,,,,,,,Yes,,,,,Yes,,Yes,Yes,,,1,West Humber-Clairville,1,West Humber-Clairville (1),D23,613398.769991457,4836894.74387757
4201,80245708,,7/24/2015 4:00:00 AM,1518,RENFORTH DR,SILVER DART DR,,Major Arterial,Etobicoke York,43.676417,-79.593227,Intersection Related,Traffic Signal,Clear,Daylight,Dry,Non-Fatal Injury,Angle,Driver,75 to 79,Major,,North,"Automobile, Station Wagon",Going Ahead,Driving Properly,Inattentive,,,,,,,,,Yes,,,,,Yes,,Yes,Yes,,,1,West Humber-Clairville,1,West Humber-Clairville (1),D23,613398.769991457,4836894.74387757
4202,80245709,,7/24/2015 4:00:00 AM,1518,RENFORTH DR,SILVER DART DR,,Major Arterial,Etobicoke York,43.676417,-79.593227,Intersection Related,Traffic Signal,Clear,Daylight,Dry,Non-Fatal Injury,Angle,Driver,45 to 49,None,,South,"Automobile, Station Wagon",Slowing or Stopping,Driving Properly,Normal,,,,,,,,,Yes,,,,,Yes,,Yes,Yes,,,1,West Humber-Clairville,1,West Humber-Clairville (1),D23,613398.769991457,4836894.74387757
4203,80245710,,7/24/2015 4:00:00 AM,1518,RENFORTH DR,SILVER DART DR,,Major Arterial,Etobicoke York,43.676417,-79.593227,Intersection Related,Traffic Signal,Clear,Daylight,Dry,Non-Fatal Injury,Angle,Passenger,70 to 74,Major,,,,,,,,,,,,,,,Yes,,,,,Yes,,Yes,Yes,,,1,West Humber-Clairville,1,West Humber-Clairville (1),D23,613398.769991457,4836894.74387757
4204,80245742,,7/24/2015 4:00:00 AM,2111,DIXON RD,KIPLING AVE,12 m East of,Major Arterial,Etobicoke York,43.694239,-79.558635,At Intersection,Traffic Signal,Clear,"Dusk, artificial",Dry,Non-Fatal Injury,Turning Movement,Driver,20 to 24,Minor,,East,"Automobile, Station Wagon",Turning Left,Improper Turn,Normal,,,,,,,,,Yes,,,,,Yes,,,,,,6,Kingsview Village-The Westway,6,Kingsview Village-The Westway (6),D23,616152.822002094,4838921.98576827
4205,80245743,,7/24/2015 4:00:00 AM,2111,DIXON RD,KIPLING AVE,12 m East of,Major Arterial,Etobicoke York,43.694239,-79.558635,At Intersection,Traffic Signal,Clear,"Dusk, artificial",Dry,Non-Fatal Injury,Turning Movement,Driver,55 to 59,Major,,West,"Automobile, Station Wagon",Going Ahead,Driving Properly,Normal,,,,,,,,,Yes,,,,,Yes,,,,,,6,Kingsview Village-The Westway,6,Kingsview Village-The Westway (6),D23,616152.822002094,4838921.98576827
4206,80245744,,7/24/2015 4:00:00 AM,2111,DIXON RD,KIPLING AVE,12 m East of,Major Arterial,Etobicoke York,43.694239,-79.558635,At Intersection,Traffic Signal,Clear,"Dusk, artificial",Dry,Non-Fatal Injury,Turning Movement,Passenger,20 to 24,Minor,,,,,,,,,,,,,,,Yes,,,,,Yes,,,,,,6,Kingsview Village-The Westway,6,Kingsview Village-The Westway (6),D23,616152.822002094,4838921.98576827
4207,80487332,,7/26/2015 4:00:00 AM,1328,6486 KINGSTON RD,,15 m West of,Minor Arterial,Scarborough,43.792666,-79.155994,Non Intersection,No Control,Clear,Daylight,Dry,Fatal,Turning Movement,Motorcycle Driver,30 to 34,Fatal,35,East,Motorcycle,Going Ahead,Exceeding Speed Limit,Normal,,,,,,,,,Yes,Yes,,,,Yes,Yes,Yes,,,,133,Centennial Scarborough,133,Centennial Scarborough (133),D43,648356.801397005,4850496.63957718
4208,80487333,,7/26/2015 4:00:00 AM,1328,6486 KINGSTON RD,,15 m West of,Minor Arterial,Scarborough,43.792666,-79.155994,Non Intersection,No Control,Clear,Daylight,Dry,Fatal,Turning Movement,Driver,65 to 69,None,,West,Passenger Van,Turning Left,Driving Properly,Normal,,,,,,,,,Yes,Yes,,,,Yes,Yes,Yes,,,,133,Centennial Scarborough,133,Centennial Scarborough (133),D43,648356.801397005,4850496.63957718
4209,80487334,,7/26/2015 4:00:00 AM,1328,6486 KINGSTON RD,,15 m West of,Minor Arterial,Scarborough,43.792666,-79.155994,Non Intersection,No Control,Clear,Daylight,Dry,Fatal,Turning Movement,Driver,70 to 74,None,,West,"Automobile, Station Wagon",Stopped,Driving Properly,Normal,,,,,,,,,Yes,Yes,,,,Yes,Yes,Yes,,,,133,Centennial Scarborough,133,Centennial Scarborough (133),D43,648356.801397005,4850496.63957718
4210,80487335,,7/26/2015 4:00:00 AM,1328,6486 KINGSTON RD,,15 m West of,Minor Arterial,Scarborough,43.792666,-79.155994,Non Intersection,No Control,Clear,Daylight,Dry,Fatal,Turning Movement,Passenger,70 to 74,None,,,,,,,,,,,,,,,Yes,Yes,,,,Yes,Yes,Yes,,,,133,Centennial Scarborough,133,Centennial Scarborough (133),D43,648356.801397005,4850496.63957718
4211,80487535,,8/1/2015 4:00:00 AM,31,1939 KENNEDY RD,,18 m South o,Major Arterial,Scarborough,43.768611,-79.281932,Non Intersection,No Control,Clear,Dark,Dry,Non-Fatal Injury,Rear End,Driver,40 to 44,None,,North,"Automobile, Station Wagon",Going Ahead,Following too Close,Had Been Drinking,,,,,,,,,Yes,Yes,,,,Yes,,Yes,,,,126,Dorset Park,126,Dorset Park (126),D41,638279.974041923,4847606.91442916
4212,80487536,,8/1/2015 4:00:00 AM,31,1939 KENNEDY RD,,18 m South o,Major Arterial,Scarborough,43.768611,-79.281932,Non Intersection,No Control,Clear,Dark,Dry,Non-Fatal Injury,Rear End,Motorcycle Driver,35 to 39,Major,,North,Motorcycle,Going Ahead,Driving Properly,Normal,,,,,,,,,Yes,Yes,,,,Yes,,Yes,,,,126,Dorset Park,126,Dorset Park (126),D41,638279.974041923,4847606.91442916
4213,80487537,,8/1/2015 4:00:00 AM,31,1939 KENNEDY RD,,18 m South o,Major Arterial,Scarborough,43.768611,-79.281932,Non Intersection,No Control,Clear,Dark,Dry,Non-Fatal Injury,Rear End,Motorcycle Passenger,35 to 39,Major,,,,,,,,,,,,,,,Yes,Yes,,,,Yes,,Yes,,,,126,Dorset Park,126,Dorset Park (126),D41,638279.974041923,4847606.91442916
4214,80246780,,8/4/2015 4:00:00 AM,1136,KEELE STREET,MAPLE LEAF DRIVE,40 m North o,Major Arterial,Etobicoke York,43.715346,-79.479564,Non Intersection,No Control,Clear,Daylight,Dry,Fatal,Sideswipe,Driver,85 to 89,Fatal,37,North,"Automobile, Station Wagon",Going Ahead,Lost control,Normal,,,,,,,,,Yes,,Yes,,,Yes,,,,,,29,Maple Leaf,29,Maple Leaf (29),D12,622481.84183622,4841380.00854444
4215,80246781,,8/4/2015 4:00:00 AM,1136,KEELE STREET,MAPLE LEAF DRIVE,40 m North o,Major Arterial,Etobicoke York,43.715346,-79.479564,Non Intersection,No Control,Clear,Daylight,Dry,Fatal,Sideswipe,Truck Driver,35 to 39,None,,North,Truck (other),Stopped,Driving Properly,Normal,,,,,,,,,Yes,,Yes,,,Yes,,,,,,29,Maple Leaf,29,Maple Leaf (29),D12,622481.84183622,4841380.00854444
4216,80246782,,8/4/2015 4:00:00 AM,1136,KEELE STREET,MAPLE LEAF DRIVE,40 m North o,Major Arterial,Etobicoke York,43.715346,-79.479564,Non Intersection,No Control,Clear,Daylight,Dry,Fatal,Sideswipe,Passenger,80 to 84,Minor,,,,,,,,,,,,,,,Yes,,Yes,,,Yes,,,,,,29,Maple Leaf,29,Maple Leaf (29),D12,622481.84183622,4841380.00854444
4217,80247200,,8/9/2015 4:00:00 AM,40,KIPLING AVE,FINCH AVE W,18 m North o,Major Arterial,Etobicoke York,43.743254,-79.582095,At Intersection,Traffic Signal,Clear,"Dark, artificial",Dry,Non-Fatal Injury,Rear End,Driver,60 to 64,None,,South,"Automobile, Station Wagon",Going Ahead,Following too Close,Fatigue,,,,,,,,,Yes,,,,,Yes,,Yes,,,,3,Thistletown-Beaumond Heights,3,Thistletown-Beaumond Heights (3),D23,614169.152274497,4844333.18721866
4218,80247201,,8/9/2015 4:00:00 AM,40,KIPLING AVE,FINCH AVE W,18 m North o,Major Arterial,Etobicoke York,43.743254,-79.582095,At Intersection,Traffic Signal,Clear,"Dark, artificial",Dry,Non-Fatal Injury,Rear End,Driver,30 to 34,Minimal,,South,"Automobile, Station Wagon",Stopped,Driving Properly,Normal,,,,,,,,,Yes,,,,,Yes,,Yes,,,,3,Thistletown-Beaumond Heights,3,Thistletown-Beaumond Heights (3),D23,614169.152274497,4844333.18721866
4219,80247202,,8/9/2015 4:00:00 AM,40,KIPLING AVE,FINCH AVE W,18 m North o,Major Arterial,Etobicoke York,43.743254,-79.582095,At Intersection,Traffic Signal,Clear,"Dark, artificial",Dry,Non-Fatal Injury,Rear End,Passenger,30 to 34,Minimal,,,,,,,,,,,,,,,Yes,,,,,Yes,,Yes,,,,3,Thistletown-Beaumond Heights,3,Thistletown-Beaumond Heights (3),D23,614169.152274497,4844333.18721866
4220,80247203,,8/9/2015 4:00:00 AM,40,KIPLING AVE,FINCH AVE W,18 m North o,Major Arterial,Etobicoke York,43.743254,-79.582095,At Intersection,Traffic Signal,Clear,"Dark, artificial",Dry,Non-Fatal Injury,Rear End,Passenger,55 to 59,Minimal,,,,,,,,,,,,,,,Yes,,,,,Yes,,Yes,,,,3,Thistletown-Beaumond Heights,3,Thistletown-Beaumond Heights (3),D23,614169.152274497,4844333.18721866
4221,80247204,,8/9/2015 4:00:00 AM,40,KIPLING AVE,FINCH AVE W,18 m North o,Major Arterial,Etobicoke York,43.743254,-79.582095,At Intersection,Traffic Signal,Clear,"Dark, artificial",Dry,Non-Fatal Injury,Rear End,Passenger,5 to 9,Minimal,,,,,,,,,,,,,,,Yes,,,,,Yes,,Yes,,,,3,Thistletown-Beaumond Heights,3,Thistletown-Beaumond Heights (3),D23,614169.152274497,4844333.18721866
4222,80247205,,8/9/2015 4:00:00 AM,40,KIPLING AVE,FINCH AVE W,18 m North o,Major Arterial,Etobicoke York,43.743254,-79.582095,At Intersection,Traffic Signal,Clear,"Dark, artificial",Dry,Non-Fatal Injury,Rear End,Passenger,25 to 29,Major,,,,,,,,,,,,,,,Yes,,,,,Yes,,Yes,,,,3,Thistletown-Beaumond Heights,3,Thistletown-Beaumond Heights (3),D23,614169.152274497,4844333.18721866
4223,80487930,,8/10/2015 4:00:00 AM,1130,ISLINGTON AVE,THE WESTWAY,,Major Arterial,Etobicoke York,43.688613,-79.542857,At Intersection,Traffic Signal,Clear,Daylight,Dry,Non-Fatal Injury,Angle,Driver,70 to 74,None,,South,"Automobile, Station Wagon",Going Ahead,Disobeyed Traffic Control,Inattentive,,,,,,,,,Yes,,,,,Yes,,Yes,Yes,,,7,Willowridge-Martingrove-Richview,7,Willowridge-Martingrove-Richview (7),D23,617435.285768823,4838319.3647947
4224,80487931,,8/10/2015 4:00:00 AM,1130,ISLINGTON AVE,THE WESTWAY,,Major Arterial,Etobicoke York,43.688613,-79.542857,At Intersection,Traffic Signal,Clear,Daylight,Dry,Non-Fatal Injury,Angle,Driver,40 to 44,Minor,,West,"Automobile, Station Wagon",Going Ahead,Driving Properly,Normal,,,,,,,,,Yes,,,,,Yes,,Yes,Yes,,,7,Willowridge-Martingrove-Richview,7,Willowridge-Martingrove-Richview (7),D23,617435.285768823,4838319.3647947
4225,80487932,,8/10/2015 4:00:00 AM,1130,ISLINGTON AVE,THE WESTWAY,,Major Arterial,Etobicoke York,43.688613,-79.542857,At Intersection,Traffic Signal,Clear,Daylight,Dry,Non-Fatal Injury,Angle,Passenger,0 to 4,Minor,,,,,,,,,,,,,,,Yes,,,,,Yes,,Yes,Yes,,,7,Willowridge-Martingrove-Richview,7,Willowridge-Martingrove-Richview (7),D23,617435.285768823,4838319.3647947
4226,80487933,,8/10/2015 4:00:00 AM,1130,ISLINGTON AVE,THE WESTWAY,,Major Arterial,Etobicoke York,43.688613,-79.542857,At Intersection,Traffic Signal,Clear,Daylight,Dry,Non-Fatal Injury,Angle,Passenger,80 to 84,Major,,,,,,,,,,,,,,,Yes,,,,,Yes,,Yes,Yes,,,7,Willowridge-Martingrove-Richview,7,Willowridge-Martingrove-Richview (7),D23,617435.285768823,4838319.3647947
4227,80247765,,8/15/2015 4:00:00 AM,1047,OLD WESTON RD,ROGERS RD,,Minor Arterial,Etobicoke York,43.681883,-79.46767,At Intersection,Traffic Signal,Clear,Daylight,Dry,Non-Fatal Injury,Approaching,Driver,60 to 64,Major,,South,"Automobile, Station Wagon",Going Ahead,Lost control,Medical or Physical Disability,,,,,,,,,Yes,,,,,Yes,,,,,Yes,110,Keelesdale-Eglinton West,110,Keelesdale-Eglinton West (110),D12,623508.680890082,4837681.12602745
4228,80247766,,8/15/2015 4:00:00 AM,1047,OLD WESTON RD,ROGERS RD,,Minor Arterial,Etobicoke York,43.681883,-79.46767,At Intersection,Traffic Signal,Clear,Daylight,Dry,Non-Fatal Injury,Approaching,Driver,30 to 34,None,,North,"Automobile, Station Wagon",Stopped,Driving Properly,Normal,,,,,,,,,Yes,,,,,Yes,,,,,Yes,110,Keelesdale-Eglinton West,110,Keelesdale-Eglinton West (110),D12,623508.680890082,4837681.12602745
4229,80247767,,8/15/2015 4:00:00 AM,1047,OLD WESTON RD,ROGERS RD,,Minor Arterial,Etobicoke York,43.681883,-79.46767,At Intersection,Traffic Signal,Clear,Daylight,Dry,Non-Fatal Injury,Approaching,Passenger,60 to 64,None,,,,,,,,,,,,,,,Yes,,,,,Yes,,,,,Yes,110,Keelesdale-Eglinton West,110,Keelesdale-Eglinton West (110),D12,623508.680890082,4837681.12602745
4230,80247768,,8/15/2015 4:00:00 AM,1047,OLD WESTON RD,ROGERS RD,,Minor Arterial,Etobicoke York,43.681883,-79.46767,At Intersection,Traffic Signal,Clear,Daylight,Dry,Non-Fatal Injury,Approaching,Passenger,30 to 34,None,,,,,,,,,,,,,,,Yes,,,,,Yes,,,,,Yes,110,Keelesdale-Eglinton West,110,Keelesdale-Eglinton West (110),D12,623508.680890082,4837681.12602745
4231,80488133,,8/16/2015 4:00:00 AM,42,BELLAMY RD N,LAWRENCE AVE E,,Major Arterial,Scarborough,43.757712,-79.235263,Intersection Related,Traffic Signal,Clear,"Dark, artificial",Dry,Fatal,Angle,Driver,20 to 24,Major,,South,"Automobile, Station Wagon",Going Ahead,Disobeyed Traffic Control,"Ability Impaired, Alcohol",,,,,,,,,Yes,,,,,Yes,,Yes,Yes,Yes,,141,Golfdale-Cedarbrae-Woburn,137,Woburn (137),D43,642062.003782197,4846475.40841412
4232,80488134,,8/16/2015 4:00:00 AM,42,BELLAMY RD N,LAWRENCE AVE E,,Major Arterial,Scarborough,43.757712,-79.235263,Intersection Related,Traffic Signal,Clear,"Dark, artificial",Dry,Fatal,Angle,Driver,50 to 54,Minor,,East,"Automobile, Station Wagon",Going Ahead,Driving Properly,Normal,,,,,,,,,Yes,,,,,Yes,,Yes,Yes,Yes,,141,Golfdale-Cedarbrae-Woburn,137,Woburn (137),D43,642062.003782197,4846475.40841412
4233,80488135,,8/16/2015 4:00:00 AM,42,BELLAMY RD N,LAWRENCE AVE E,,Major Arterial,Scarborough,43.757712,-79.235263,Intersection Related,Traffic Signal,Clear,"Dark, artificial",Dry,Fatal,Angle,Driver,45 to 49,Minimal,,East,"Automobile, Station Wagon",Going Ahead,Driving Properly,Normal,,,,,,,,,Yes,,,,,Yes,,Yes,Yes,Yes,,141,Golfdale-Cedarbrae-Woburn,137,Woburn (137),D43,642062.003782197,4846475.40841412
4234,80488136,,8/16/2015 4:00:00 AM,42,BELLAMY RD N,LAWRENCE AVE E,,Major Arterial,Scarborough,43.757712,-79.235263,Intersection Related,Traffic Signal,Clear,"Dark, artificial",Dry,Fatal,Angle,Passenger,25 to 29,Fatal,38,,,,,,,,,,,,,,Yes,,,,,Yes,,Yes,Yes,Yes,,141,Golfdale-Cedarbrae-Woburn,137,Woburn (137),D43,642062.003782197,4846475.40841412
4235,80488137,,8/16/2015 4:00:00 AM,42,BELLAMY RD N,LAWRENCE AVE E,,Major Arterial,Scarborough,43.757712,-79.235263,Intersection Related,Traffic Signal,Clear,"Dark, artificial",Dry,Fatal,Angle,Passenger,20 to 24,Minimal,,,,,,,,,,,,,,,Yes,,,,,Yes,,Yes,Yes,Yes,,141,Golfdale-Cedarbrae-Woburn,137,Woburn (137),D43,642062.003782197,4846475.40841412
4236,80248167,,8/20/2015 4:00:00 AM,1318,SOUTH KINGSWAY,BLOOR ST W,,Major Arterial,Toronto and East York,43.648303,-79.485736,At Intersection,Traffic Signal,Rain,Daylight,Wet,Non-Fatal Injury,Cyclist Collisions,Cyclist,20 to 24,Major,,East,Bicycle,Going Ahead,,,,,,"Cyclist without ROW rides into path of motorist at inter, lnwy, dwy-Cyclist not turn.",Disobeyed Traffic Control,Normal,,Yes,Yes,,,,,Yes,,,,,,87,High Park-Swansea,87,High Park-Swansea (87),D11,622120.584925032,4833924.88206632
4237,80248168,,8/20/2015 4:00:00 AM,1318,SOUTH KINGSWAY,BLOOR ST W,,Major Arterial,Toronto and East York,43.648303,-79.485736,At Intersection,Traffic Signal,Rain,Daylight,Wet,Non-Fatal Injury,Cyclist Collisions,Driver,65 to 69,None,,West,"Automobile, Station Wagon",Turning Left,Driving Properly,Normal,,,,,,,,Yes,Yes,,,,,Yes,,,,,,87,High Park-Swansea,87,High Park-Swansea (87),D11,622120.584925032,4833924.88206632
4238,80248169,,8/20/2015 4:00:00 AM,1318,SOUTH KINGSWAY,BLOOR ST W,,Major Arterial,Toronto and East York,43.648303,-79.485736,At Intersection,Traffic Signal,Rain,Daylight,Wet,Non-Fatal Injury,Cyclist Collisions,Passenger,55 to 59,None,,,,,,,,,,,,,,Yes,Yes,,,,,Yes,,,,,,87,High Park-Swansea,87,High Park-Swansea (87),D11,622120.584925032,4833924.88206632
4239,80248479,,8/23/2015 4:00:00 AM,1147,DUNDAS ST W,CLOVERDALE MALL,100 m East o,Major Arterial,Etobicoke York,43.628993,-79.55492,At Intersection,Traffic Signal,Clear,Daylight,Dry,Non-Fatal Injury,Cyclist Collisions,Driver,60 to 64,Minimal,,East,"Automobile, Station Wagon",Turning Left,Improper Turn,Inattentive,,,,,,,,Yes,Yes,,,,,Yes,,,,,,159,Etobicoke City Centre,14,Islington-City Centre West (14),D22,616578.405611588,4831680.78729298
4240,80248480,,8/23/2015 4:00:00 AM,1147,DUNDAS ST W,CLOVERDALE MALL,100 m East o,Major Arterial,Etobicoke York,43.628993,-79.55492,At Intersection,Traffic Signal,Clear,Daylight,Dry,Non-Fatal Injury,Cyclist Collisions,Driver,45 to 49,Minimal,,West,Passenger Van,Going Ahead,Driving Properly,Normal,,,,,,,,Yes,Yes,,,,,Yes,,,,,,159,Etobicoke City Centre,14,Islington-City Centre West (14),D22,616578.405611588,4831680.78729298
4241,80248481,,8/23/2015 4:00:00 AM,1147,DUNDAS ST W,CLOVERDALE MALL,100 m East o,Major Arterial,Etobicoke York,43.628993,-79.55492,At Intersection,Traffic Signal,Clear,Daylight,Dry,Non-Fatal Injury,Cyclist Collisions,Cyclist,55 to 59,Major,,East,Bicycle,Stopped,,,,,,Motorist loses control and strikes cyclist.,Driving Properly,Normal,,Yes,Yes,,,,,Yes,,,,,,159,Etobicoke City Centre,14,Islington-City Centre West (14),D22,616578.405611588,4831680.78729298
4242,80248482,,8/23/2015 4:00:00 AM,1147,DUNDAS ST W,CLOVERDALE MALL,100 m East o,Major Arterial,Etobicoke York,43.628993,-79.55492,At Intersection,Traffic Signal,Clear,Daylight,Dry,Non-Fatal Injury,Cyclist Collisions,Passenger,40 to 44,Major,,,,,,,,,,,,,,Yes,Yes,,,,,Yes,,,,,,159,Etobicoke City Centre,14,Islington-City Centre West (14),D22,616578.405611588,4831680.78729298
4243,80248933,,8/28/2015 4:00:00 AM,2200,ALBION RD,FINCH AVE W,,Major Arterial,Etobicoke York,43.74137,-79.590785,Non Intersection,No Control,Clear,Daylight,Dry,Non-Fatal Injury,Approaching,Driver,15 to 19,Minor,,East,"Automobile, Station Wagon",Going Ahead,Lost control,Unknown,,,,,,,,,Yes,,,,,Yes,Yes,Yes,,,,2,Mount Olive-Silverstone-Jamestown,2,Mount Olive-Silverstone-Jamestown (2),D23,613472.991382111,4844112.00358531
4244,80248934,,8/28/2015 4:00:00 AM,2200,ALBION RD,FINCH AVE W,,Major Arterial,Etobicoke York,43.74137,-79.590785,Non Intersection,No Control,Clear,Daylight,Dry,Non-Fatal Injury,Approaching,Driver,40 to 44,Minor,,West,"Automobile, Station Wagon",Going Ahead,Driving Properly,Normal,,,,,,,,,Yes,,,,,Yes,Yes,Yes,,,,2,Mount Olive-Silverstone-Jamestown,2,Mount Olive-Silverstone-Jamestown (2),D23,613472.991382111,4844112.00358531
4245,80248935,,8/28/2015 4:00:00 AM,2200,ALBION RD,FINCH AVE W,,Major Arterial,Etobicoke York,43.74137,-79.590785,Non Intersection,No Control,Clear,Daylight,Dry,Non-Fatal Injury,Approaching,Passenger,15 to 19,Major,,,,,,,,,,,,,,,Yes,,,,,Yes,Yes,Yes,,,,2,Mount Olive-Silverstone-Jamestown,2,Mount Olive-Silverstone-Jamestown (2),D23,613472.991382111,4844112.00358531
4246,80501585,,9/5/2015 4:00:00 AM,120,SEWELLS RD,HUPFIELD TRL,20 m West of,Minor Arterial,Scarborough,43.814582,-79.213184,Intersection Related,No Control,Clear,"Dark, artificial",Dry,Non-Fatal Injury,SMV Other,Driver,20 to 24,None,,East,"Automobile, Station Wagon",Going Ahead,Lost control,Unknown,,,,,,,,,Yes,,,,,Yes,Yes,Yes,,,,146,Malvern East,132,Malvern (132),D42,643703.045602969,4852829.84149042
4247,80501586,,9/5/2015 4:00:00 AM,120,SEWELLS RD,HUPFIELD TRL,20 m West of,Minor Arterial,Scarborough,43.814582,-79.213184,Intersection Related,No Control,Clear,"Dark, artificial",Dry,Non-Fatal Injury,SMV Other,Passenger,20 to 24,Minor,,,,,,,,,,,,,,,Yes,,,,,Yes,Yes,Yes,,,,146,Malvern East,132,Malvern (132),D42,643703.045602969,4852829.84149042
4248,80501587,,9/5/2015 4:00:00 AM,120,SEWELLS RD,HUPFIELD TRL,20 m West of,Minor Arterial,Scarborough,43.814582,-79.213184,Intersection Related,No Control,Clear,"Dark, artificial",Dry,Non-Fatal Injury,SMV Other,Passenger,15 to 19,Major,,,,,,,,,,,,,,,Yes,,,,,Yes,Yes,Yes,,,,146,Malvern East,132,Malvern (132),D42,643703.045602969,4852829.84149042
4249,80488917,,9/5/2015 4:00:00 AM,1652,MAXWELL ST,HOVE ST,40 m South o,Local,North York,43.76113,-79.448695,Non Intersection,No Control,Clear,Daylight,Dry,Fatal,SMV Other,Driver,85 to 89,Major,,South,"Automobile, Station Wagon",Going Ahead,Lost control,Unknown,,,,,,,,,Yes,,,,,Yes,,,,,,34,Bathurst Manor,34,Bathurst Manor (34),D32,624873.370491556,4846511.06477471
4250,80488918,,9/5/2015 4:00:00 AM,1652,MAXWELL ST,HOVE ST,40 m South o,Local,North York,43.76113,-79.448695,Non Intersection,No Control,Clear,Daylight,Dry,Fatal,SMV Other,Passenger,90 to 94,Fatal,45,,,,,,,,,,,,,,Yes,,,,,Yes,,,,,,34,Bathurst Manor,34,Bathurst Manor (34),D32,624873.370491556,4846511.06477471
4251,80489005,,9/7/2015 4:00:00 AM,513,MARTIN GROVE RD,RICHGROVE DR,4 m South of,Major Arterial,Etobicoke York,43.676829,-79.564204,At Intersection,Traffic Signal,Clear,Dark,Dry,Non-Fatal Injury,Angle,Driver,unknown,None,,South,"Automobile, Station Wagon",Going Ahead,Disobeyed Traffic Control,Unknown,,,,,,,,,Yes,,,,,Yes,,Yes,Yes,,,7,Willowridge-Martingrove-Richview,7,Willowridge-Martingrove-Richview (7),D23,615737.514150214,4836980.58801968
4252,80489006,,9/7/2015 4:00:00 AM,513,MARTIN GROVE RD,RICHGROVE DR,4 m South of,Major Arterial,Etobicoke York,43.676829,-79.564204,At Intersection,Traffic Signal,Clear,Dark,Dry,Non-Fatal Injury,Angle,Driver,unknown,None,,East,"Automobile, Station Wagon",Going Ahead,Driving Properly,Unknown,,,,,,,,,Yes,,,,,Yes,,Yes,Yes,,,7,Willowridge-Martingrove-Richview,7,Willowridge-Martingrove-Richview (7),D23,615737.514150214,4836980.58801968
4253,80489007,,9/7/2015 4:00:00 AM,513,MARTIN GROVE RD,RICHGROVE DR,4 m South of,Major Arterial,Etobicoke York,43.676829,-79.564204,At Intersection,Traffic Signal,Clear,Dark,Dry,Non-Fatal Injury,Angle,Passenger,20 to 24,Major,,,,,,,,,,,,,,,Yes,,,,,Yes,,Yes,Yes,,,7,Willowridge-Martingrove-Richview,7,Willowridge-Martingrove-Richview (7),D23,615737.514150214,4836980.58801968
4254,80250175,,9/11/2015 4:00:00 AM,2139,DUPONT ST,WALMER RD,24 m West of,Major Arterial,Toronto and East York,43.674601,-79.408252,Non Intersection,No Control,Rain,"Dark, artificial",Wet,Non-Fatal Injury,Pedestrian Collisions,Driver,45 to 49,None,,West,"Automobile, Station Wagon",Going Ahead,Driving Properly,Normal,,,,,,,Yes,,Yes,,,,,Yes,,,,,,95,Annex,95,Annex (95),D14,628313.450238265,4836962.56088862
4255,80250176,,9/11/2015 4:00:00 AM,2139,DUPONT ST,WALMER RD,24 m West of,Major Arterial,Toronto and East York,43.674601,-79.408252,Non Intersection,No Control,Rain,"Dark, artificial",Wet,Non-Fatal Injury,Pedestrian Collisions,Passenger,10 to 14,None,,,,,,,,,,,,,Yes,,Yes,,,,,Yes,,,,,,95,Annex,95,Annex (95),D14,628313.450238265,4836962.56088862
4256,80250177,,9/11/2015 4:00:00 AM,2139,DUPONT ST,WALMER RD,24 m West of,Major Arterial,Toronto and East York,43.674601,-79.408252,Non Intersection,No Control,Rain,"Dark, artificial",Wet,Non-Fatal Injury,Pedestrian Collisions,Passenger,10 to 14,None,,,,,,,,,,,,,Yes,,Yes,,,,,Yes,,,,,,95,Annex,95,Annex (95),D14,628313.450238265,4836962.56088862
4257,80250178,,9/11/2015 4:00:00 AM,2139,DUPONT ST,WALMER RD,24 m West of,Major Arterial,Toronto and East York,43.674601,-79.408252,Non Intersection,No Control,Rain,"Dark, artificial",Wet,Non-Fatal Injury,Pedestrian Collisions,Pedestrian,60 to 64,Major,,South,,,,,Pedestrian hit at mid-block,"Crossing, no Traffic Control",Unknown,,,,Yes,,Yes,,,,,Yes,,,,,,95,Annex,95,Annex (95),D14,628313.450238265,4836962.56088862