OBJECTID,INDEX,ACCNUM,DATE,TIME,STREET1,STREET2,OFFSET,ROAD_CLASS,DISTRICT,LATITUDE,LONGITUDE,ACCLOC,TRAFFCTL,VISIBILITY,LIGHT,RDSFCOND,ACCLASS,IMPACTYPE,INVTYPE,INVAGE,INJURY,FATAL_NO,INITDIR,VEHTYPE,MANOEUVER,DRIVACT,DRIVCOND,PEDTYPE,PEDACT,PEDCOND,CYCLISTYPE,CYCACT,CYCCOND,PEDESTRIAN,CYCLIST,AUTOMOBILE,MOTORCYCLE,TRUCK,TRSN_CITY_VEH,EMERG_VEH,PASSENGER,SPEEDING,AG_DRIV,REDLIGHT,ALCOHOL,DISABILITY,HOOD_158,NEIGHBOURHOOD_158,HOOD_140,NEIGHBOURHOOD_140,DIVISION,x,y
4791,80717563,,9/5/2016 4:00:00 AM,1600,KINGSTON RD,FALLINGBROOK RD,,Major Arterial,Scarborough,43.682185,-79.279201,At Intersection,Traffic Signal,Clear,Daylight,Dry,Non-Fatal Injury,Turning Movement,Driver,80 to 84,None,,East,"Automobile, Station Wagon",Turning Left,Failed to Yield Right of Way,Inattentive,,,,,,,,,Yes,Yes,,,,Yes,,Yes,,,,122,Birchcliffe-Cliffside,122,Birchcliffe-Cliffside (122),D41,638699.109232326,4838012.59865521
4792,80717564,,9/5/2016 4:00:00 AM,1600,KINGSTON RD,FALLINGBROOK RD,,Major Arterial,Scarborough,43.682185,-79.279201,At Intersection,Traffic Signal,Clear,Daylight,Dry,Non-Fatal Injury,Turning Movement,Motorcycle Driver,55 to 59,Major,,West,Motorcycle,Going Ahead,Driving Properly,Normal,,,,,,,,,Yes,Yes,,,,Yes,,Yes,,,,122,Birchcliffe-Cliffside,122,Birchcliffe-Cliffside (122),D41,638699.109232326,4838012.59865521
4793,80717565,,9/5/2016 4:00:00 AM,1600,KINGSTON RD,FALLINGBROOK RD,,Major Arterial,Scarborough,43.682185,-79.279201,At Intersection,Traffic Signal,Clear,Daylight,Dry,Non-Fatal Injury,Turning Movement,Driver,50 to 54,None,,South,"Automobile, Station Wagon",Stopped,Driving Properly,Normal,,,,,,,,,Yes,Yes,,,,Yes,,Yes,,,,122,Birchcliffe-Cliffside,122,Birchcliffe-Cliffside (122),D41,638699.109232326,4838012.59865521
4794,80717566,,9/5/2016 4:00:00 AM,1600,KINGSTON RD,FALLINGBROOK RD,,Major Arterial,Scarborough,43.682185,-79.279201,At Intersection,Traffic Signal,Clear,Daylight,Dry,Non-Fatal Injury,Turning Movement,Passenger,50 to 54,None,,,,,,,,,,,,,,,Yes,Yes,,,,Yes,,Yes,,,,122,Birchcliffe-Cliffside,122,Birchcliffe-Cliffside (122),D41,638699.109232326,4838012.59865521
4795,80717567,,9/5/2016 4:00:00 AM,1600,KINGSTON RD,FALLINGBROOK RD,,Major Arterial,Scarborough,43.682185,-79.279201,At Intersection,Traffic Signal,Clear,Daylight,Dry,Non-Fatal Injury,Turning Movement,Passenger,55 to 59,None,,,,,,,,,,,,,,,Yes,Yes,,,,Yes,,Yes,,,,122,Birchcliffe-Cliffside,122,Birchcliffe-Cliffside (122),D41,638699.109232326,4838012.59865521
4796,80717845,,9/6/2016 4:00:00 AM,1643,HULLRICK DR,CINRICKBAR DR,,Local,Etobicoke York,43.722979,-79.620067,At Intersection,Stop Sign,Clear,Daylight,Dry,Non-Fatal Injury,Angle,Driver,25 to 29,None,,South,"Automobile, Station Wagon",Going Ahead,Disobeyed Traffic Control,Normal,,,,,,,,,Yes,,,,,Yes,,Yes,,,,1,West Humber-Clairville,1,West Humber-Clairville (1),D23,611149.141655011,4842029.73734586
4797,80717846,,9/6/2016 4:00:00 AM,1643,HULLRICK DR,CINRICKBAR DR,,Local,Etobicoke York,43.722979,-79.620067,At Intersection,Stop Sign,Clear,Daylight,Dry,Non-Fatal Injury,Angle,Driver,50 to 54,Major,,West,"Automobile, Station Wagon",Going Ahead,Driving Properly,Normal,,,,,,,,,Yes,,,,,Yes,,Yes,,,,1,West Humber-Clairville,1,West Humber-Clairville (1),D23,611149.141655011,4842029.73734586
4798,80717847,,9/6/2016 4:00:00 AM,1643,HULLRICK DR,CINRICKBAR DR,,Local,Etobicoke York,43.722979,-79.620067,At Intersection,Stop Sign,Clear,Daylight,Dry,Non-Fatal Injury,Angle,Passenger,25 to 29,None,,,,,,,,,,,,,,,Yes,,,,,Yes,,Yes,,,,1,West Humber-Clairville,1,West Humber-Clairville (1),D23,611149.141655011,4842029.73734586
4799,80717848,,9/6/2016 4:00:00 AM,1643,HULLRICK DR,CINRICKBAR DR,,Local,Etobicoke York,43.722979,-79.620067,At Intersection,Stop Sign,Clear,Daylight,Dry,Non-Fatal Injury,Angle,Passenger,15 to 19,None,,,,,,,,,,,,,,,Yes,,,,,Yes,,Yes,,,,1,West Humber-Clairville,1,West Humber-Clairville (1),D23,611149.141655011,4842029.73734586
4800,80769408,,9/8/2016 4:00:00 AM,37,MELFORD DR,TAPSCOTT RD,80 m West of,Collector,Scarborough,43.810794,-79.236697,Non Intersection,No Control,Rain,"Dark, artificial",Wet,Non-Fatal Injury,SMV Unattended Vehicle,Driver,50 to 54,None,,East,"Automobile, Station Wagon",Going Ahead,Speed too Fast For Condition,Inattentive,,,,,,,,,Yes,,Yes,,,Yes,Yes,Yes,,,,145,Malvern West,132,Malvern (132),D42,641820.978893057,4852368.54876633
4801,80769437,,9/8/2016 4:00:00 AM,37,MELFORD DR,TAPSCOTT RD,80 m West of,Collector,Scarborough,43.810794,-79.236697,Non Intersection,No Control,Rain,"Dark, artificial",Wet,Non-Fatal Injury,SMV Unattended Vehicle,Other,unknown,None,,East,Truck - Dump,Parked,,,,,,,,,,,Yes,,Yes,,,Yes,Yes,Yes,,,,145,Malvern West,132,Malvern (132),D42,641820.978893057,4852368.54876633
4802,80769438,,9/8/2016 4:00:00 AM,37,MELFORD DR,TAPSCOTT RD,80 m West of,Collector,Scarborough,43.810794,-79.236697,Non Intersection,No Control,Rain,"Dark, artificial",Wet,Non-Fatal Injury,SMV Unattended Vehicle,Passenger,45 to 49,Major,,,,,,,,,,,,,,,Yes,,Yes,,,Yes,Yes,Yes,,,,145,Malvern West,132,Malvern (132),D42,641820.978893057,4852368.54876633
4803,80717325,,9/11/2016 4:00:00 AM,230,JARVIS ST,GERRARD ST E,,Major Arterial,Toronto and East York,43.660365,-79.375858,At Intersection,Traffic Signal,Clear,Dark,Dry,Non-Fatal Injury,Turning Movement,Driver,45 to 49,Minimal,,South,Passenger Van,Turning Left,Improper Turn,Inattentive,,,,,,,,,Yes,,,,,Yes,Yes,Yes,,,,73,Moss Park,73,Moss Park (73),D51,630955.765813629,4835432.08295798
4804,80717378,,9/11/2016 4:00:00 AM,230,JARVIS ST,GERRARD ST E,,Major Arterial,Toronto and East York,43.660365,-79.375858,At Intersection,Traffic Signal,Clear,Dark,Dry,Non-Fatal Injury,Turning Movement,Driver,20 to 24,Minimal,,North,"Automobile, Station Wagon",Going Ahead,Exceeding Speed Limit,Other,,,,,,,,,Yes,,,,,Yes,Yes,Yes,,,,73,Moss Park,73,Moss Park (73),D51,630955.765813629,4835432.08295798
4805,80717379,,9/11/2016 4:00:00 AM,230,JARVIS ST,GERRARD ST E,,Major Arterial,Toronto and East York,43.660365,-79.375858,At Intersection,Traffic Signal,Clear,Dark,Dry,Non-Fatal Injury,Turning Movement,Passenger,20 to 24,Major,,,,,,,,,,,,,,,Yes,,,,,Yes,Yes,Yes,,,,73,Moss Park,73,Moss Park (73),D51,630955.765813629,4835432.08295798
4806,80719030,,9/16/2016 4:00:00 AM,1955,BROWNS LINE,WOODBURY RD,12 m East of,Major Arterial,Etobicoke York,43.599227,-79.544116,At Intersection,Pedestrian Crossover,Clear,Dark,Dry,Non-Fatal Injury,Pedestrian Collisions,Driver,20 to 24,None,,North,"Automobile, Station Wagon",Going Ahead,Driving Properly,Normal,,,,,,,Yes,,Yes,,,,,Yes,,,,,,20,Alderwood,20,Alderwood (20),D22,617507.956655642,4828390.14230824
4807,80719031,,9/16/2016 4:00:00 AM,1955,BROWNS LINE,WOODBURY RD,12 m East of,Major Arterial,Etobicoke York,43.599227,-79.544116,At Intersection,Pedestrian Crossover,Clear,Dark,Dry,Non-Fatal Injury,Pedestrian Collisions,Pedestrian,10 to 14,Major,,East,,,,,Pedestrian hit a PXO/ped. Mid-block signal,Running onto Roadway,Inattentive,,,,Yes,,Yes,,,,,Yes,,,,,,20,Alderwood,20,Alderwood (20),D22,617507.956655642,4828390.14230824
4808,80719032,,9/16/2016 4:00:00 AM,1955,BROWNS LINE,WOODBURY RD,12 m East of,Major Arterial,Etobicoke York,43.599227,-79.544116,At Intersection,Pedestrian Crossover,Clear,Dark,Dry,Non-Fatal Injury,Pedestrian Collisions,Passenger,20 to 24,None,,,,,,,,,,,,,Yes,,Yes,,,,,Yes,,,,,,20,Alderwood,20,Alderwood (20),D22,617507.956655642,4828390.14230824
4809,80785524,,9/21/2016 4:00:00 AM,1735,ST CLAIR AVE W,RUSHTON RD,23 m West of,Major Arterial,Toronto and East York,43.681227,-79.427661,Intersection Related,No Control,Clear,Daylight,Dry,Fatal,Pedestrian Collisions,Driver,30 to 34,None,,West,"Automobile, Station Wagon",Going Ahead,Driving Properly,Normal,,,,,,,Yes,,Yes,,,,,Yes,,,,,,94,Wychwood,94,Wychwood (94),D13,626734.892956516,4837668.62653774
4810,80785525,,9/21/2016 4:00:00 AM,1735,ST CLAIR AVE W,RUSHTON RD,23 m West of,Major Arterial,Toronto and East York,43.681227,-79.427661,Intersection Related,No Control,Clear,Daylight,Dry,Fatal,Pedestrian Collisions,Passenger,25 to 29,None,,,,,,,,,,,,,Yes,,Yes,,,,,Yes,,,,,,94,Wychwood,94,Wychwood (94),D13,626734.892956516,4837668.62653774
4811,80785526,,9/21/2016 4:00:00 AM,1735,ST CLAIR AVE W,RUSHTON RD,23 m West of,Major Arterial,Toronto and East York,43.681227,-79.427661,Intersection Related,No Control,Clear,Daylight,Dry,Fatal,Pedestrian Collisions,Pedestrian,65 to 69,Fatal,78,South,,,,,Pedestrian hit at mid-block,"Crossing, no Traffic Control",Had Been Drinking,,,,Yes,,Yes,,,,,Yes,,,,,,94,Wychwood,94,Wychwood (94),D13,626734.892956516,4837668.62653774
4812,80632217,,9/24/2016 4:00:00 AM,903,MIDLAND AVE,SHEPPARD AVE E,,Major Arterial,Scarborough,43.785277,-79.278529,At Intersection,Traffic Signal,Clear,Daylight,Dry,Non-Fatal Injury,Cyclist Collisions,Cyclist,10 to 14,Major,,North,Bicycle,Going Ahead,,,,,,Motorist turned left across cyclists path.,Other,Inattentive,,Yes,Yes,,,,,Yes,,,,,,128,Agincourt South-Malvern West,128,Agincourt South-Malvern West (128),D42,638515.381429079,4849463.62315503
4813,80632218,,9/24/2016 4:00:00 AM,903,MIDLAND AVE,SHEPPARD AVE E,,Major Arterial,Scarborough,43.785277,-79.278529,At Intersection,Traffic Signal,Clear,Daylight,Dry,Non-Fatal Injury,Cyclist Collisions,Driver,70 to 74,None,,South,"Automobile, Station Wagon",Turning Left,Improper Turn,Inattentive,,,,,,,,Yes,Yes,,,,,Yes,,,,,,128,Agincourt South-Malvern West,128,Agincourt South-Malvern West (128),D42,638515.381429079,4849463.62315503
4814,80632219,,9/24/2016 4:00:00 AM,903,MIDLAND AVE,SHEPPARD AVE E,,Major Arterial,Scarborough,43.785277,-79.278529,At Intersection,Traffic Signal,Clear,Daylight,Dry,Non-Fatal Injury,Cyclist Collisions,Passenger,70 to 74,None,,,,,,,,,,,,,,Yes,Yes,,,,,Yes,,,,,,128,Agincourt South-Malvern West,128,Agincourt South-Malvern West (128),D42,638515.381429079,4849463.62315503
4815,80719119,,9/25/2016 4:00:00 AM,1629,KEELE ST,STEELES AVE W,,Major Arterial,Etobicoke York,43.781508,-79.494464,At Intersection,Traffic Signal,Clear,Daylight,Dry,Non-Fatal Injury,Angle,Driver,65 to 69,Major,,West,"Automobile, Station Wagon",Going Ahead,Disobeyed Traffic Control,Inattentive,,,,,,,,,Yes,,,,,Yes,,Yes,Yes,,,27,York University Heights,27,York University Heights (27),D31,621147.982825666,4848706.35557874
4816,80719120,,9/25/2016 4:00:00 AM,1629,KEELE ST,STEELES AVE W,,Major Arterial,Etobicoke York,43.781508,-79.494464,At Intersection,Traffic Signal,Clear,Daylight,Dry,Non-Fatal Injury,Angle,Driver,65 to 69,Minor,,North,"Automobile, Station Wagon",Going Ahead,Driving Properly,Normal,,,,,,,,,Yes,,,,,Yes,,Yes,Yes,,,27,York University Heights,27,York University Heights (27),D31,621147.982825666,4848706.35557874
4817,80719121,,9/25/2016 4:00:00 AM,1629,KEELE ST,STEELES AVE W,,Major Arterial,Etobicoke York,43.781508,-79.494464,At Intersection,Traffic Signal,Clear,Daylight,Dry,Non-Fatal Injury,Angle,Driver,55 to 59,Minor,,South,"Automobile, Station Wagon",Stopped,Driving Properly,Normal,,,,,,,,,Yes,,,,,Yes,,Yes,Yes,,,27,York University Heights,27,York University Heights (27),D31,621147.982825666,4848706.35557874
4818,80719122,,9/25/2016 4:00:00 AM,1629,KEELE ST,STEELES AVE W,,Major Arterial,Etobicoke York,43.781508,-79.494464,At Intersection,Traffic Signal,Clear,Daylight,Dry,Non-Fatal Injury,Angle,Passenger,55 to 59,Minor,,,,,,,,,,,,,,,Yes,,,,,Yes,,Yes,Yes,,,27,York University Heights,27,York University Heights (27),D31,621147.982825666,4848706.35557874
4819,80719123,,9/25/2016 4:00:00 AM,1629,KEELE ST,STEELES AVE W,,Major Arterial,Etobicoke York,43.781508,-79.494464,At Intersection,Traffic Signal,Clear,Daylight,Dry,Non-Fatal Injury,Angle,Passenger,75 to 79,Minor,,,,,,,,,,,,,,,Yes,,,,,Yes,,Yes,Yes,,,27,York University Heights,27,York University Heights (27),D31,621147.982825666,4848706.35557874
4820,80719124,,9/25/2016 4:00:00 AM,1629,KEELE ST,STEELES AVE W,,Major Arterial,Etobicoke York,43.781508,-79.494464,At Intersection,Traffic Signal,Clear,Daylight,Dry,Non-Fatal Injury,Angle,Passenger,50 to 54,Minor,,,,,,,,,,,,,,,Yes,,,,,Yes,,Yes,Yes,,,27,York University Heights,27,York University Heights (27),D31,621147.982825666,4848706.35557874
4821,80719315,,9/26/2016 4:00:00 AM,738,LOGAN AVE,DANFORTH AVE,,Major Arterial,Toronto and East York,43.677939,-79.349582,At Intersection,Traffic Controller,Clear,Daylight,Dry,Non-Fatal Injury,SMV Other,Truck Driver,45 to 49,None,,West,Truck - Tank,Slowing or Stopping,Driving Properly,Normal,,,,,,,,,,,Yes,,,Yes,,,,,,68,North Riverdale,68,North Riverdale (68),D55,633035.609973289,4837425.72286103
4822,80719316,,9/26/2016 4:00:00 AM,738,LOGAN AVE,DANFORTH AVE,,Major Arterial,Toronto and East York,43.677939,-79.349582,At Intersection,Traffic Controller,Clear,Daylight,Dry,Non-Fatal Injury,SMV Other,Passenger,45 to 49,Major,,,,,,,,,,,,,,,,,Yes,,,Yes,,,,,,68,North Riverdale,68,North Riverdale (68),D55,633035.609973289,4837425.72286103
4823,80719317,,9/26/2016 4:00:00 AM,738,LOGAN AVE,DANFORTH AVE,,Major Arterial,Toronto and East York,43.677939,-79.349582,At Intersection,Traffic Controller,Clear,Daylight,Dry,Non-Fatal Injury,SMV Other,Passenger,20 to 24,None,,,,,,,,,,,,,,,,,Yes,,,Yes,,,,,,68,North Riverdale,68,North Riverdale (68),D55,633035.609973289,4837425.72286103
4824,80719318,,9/26/2016 4:00:00 AM,738,LOGAN AVE,DANFORTH AVE,,Major Arterial,Toronto and East York,43.677939,-79.349582,At Intersection,Traffic Controller,Clear,Daylight,Dry,Non-Fatal Injury,SMV Other,Passenger,unknown,None,,,,,,,,,,,,,,,,,Yes,,,Yes,,,,,,68,North Riverdale,68,North Riverdale (68),D55,633035.609973289,4837425.72286103
4825,80565309,,9/29/2016 4:00:00 AM,1040,2336 ST CLAIR AVE W,,,Major Arterial,Etobicoke York,43.669959,-79.479152,Non Intersection,No Control,Rain,Daylight,Wet,Fatal,Sideswipe,Driver,70 to 74,Fatal,58,West,"Automobile, Station Wagon",Going Ahead,Driving Properly,Normal,,,,,,,,,Yes,,,,,Yes,Yes,Yes,,,,90,Junction Area,90,Junction Area (90),D11,622607.483203244,4836339.77242074
4826,80565333,,9/29/2016 4:00:00 AM,1040,2336 ST CLAIR AVE W,,,Major Arterial,Etobicoke York,43.669959,-79.479152,Non Intersection,No Control,Rain,Daylight,Wet,Fatal,Sideswipe,Driver,35 to 39,Major,,East,"Automobile, Station Wagon",Going Ahead,Speed too Fast For Condition,Unknown,,,,,,,,,Yes,,,,,Yes,Yes,Yes,,,,90,Junction Area,90,Junction Area (90),D11,622607.483203244,4836339.77242074
4827,80565334,,9/29/2016 4:00:00 AM,1040,2336 ST CLAIR AVE W,,,Major Arterial,Etobicoke York,43.669959,-79.479152,Non Intersection,No Control,Rain,Daylight,Wet,Fatal,Sideswipe,Driver,50 to 54,None,,East,"Automobile, Station Wagon",Going Ahead,Driving Properly,Unknown,,,,,,,,,Yes,,,,,Yes,Yes,Yes,,,,90,Junction Area,90,Junction Area (90),D11,622607.483203244,4836339.77242074
4828,80565335,,9/29/2016 4:00:00 AM,1040,2336 ST CLAIR AVE W,,,Major Arterial,Etobicoke York,43.669959,-79.479152,Non Intersection,No Control,Rain,Daylight,Wet,Fatal,Sideswipe,Passenger,40 to 44,None,,,"Automobile, Station Wagon",,,,,,,,,,,,Yes,,,,,Yes,Yes,Yes,,,,90,Junction Area,90,Junction Area (90),D11,622607.483203244,4836339.77242074
4829,80719448,,9/29/2016 4:00:00 AM,2310,MIDLAND AVE,MCNICOLL AVE,,Major Arterial,Scarborough,43.814509,-79.292178,Intersection Related,Traffic Signal,Clear,"Dark, artificial",Dry,Non-Fatal Injury,Angle,Driver,45 to 49,Minor,,South,"Automobile, Station Wagon",Going Ahead,Disobeyed Traffic Control,Normal,,,,,,,,,Yes,,,,,Yes,,Yes,Yes,,,130,Milliken,130,Milliken (130),D42,637350.123394712,4852687.55585525
4830,80719449,,9/29/2016 4:00:00 AM,2310,MIDLAND AVE,MCNICOLL AVE,,Major Arterial,Scarborough,43.814509,-79.292178,Intersection Related,Traffic Signal,Clear,"Dark, artificial",Dry,Non-Fatal Injury,Angle,Driver,20 to 24,Minimal,,West,"Automobile, Station Wagon",Going Ahead,Driving Properly,Normal,,,,,,,,,Yes,,,,,Yes,,Yes,Yes,,,130,Milliken,130,Milliken (130),D42,637350.123394712,4852687.55585525
4831,80719450,,9/29/2016 4:00:00 AM,2310,MIDLAND AVE,MCNICOLL AVE,,Major Arterial,Scarborough,43.814509,-79.292178,Intersection Related,Traffic Signal,Clear,"Dark, artificial",Dry,Non-Fatal Injury,Angle,Driver,50 to 54,Minimal,,West,"Automobile, Station Wagon",Going Ahead,Driving Properly,Normal,,,,,,,,,Yes,,,,,Yes,,Yes,Yes,,,130,Milliken,130,Milliken (130),D42,637350.123394712,4852687.55585525
4832,80719451,,9/29/2016 4:00:00 AM,2310,MIDLAND AVE,MCNICOLL AVE,,Major Arterial,Scarborough,43.814509,-79.292178,Intersection Related,Traffic Signal,Clear,"Dark, artificial",Dry,Non-Fatal Injury,Angle,Passenger,55 to 59,Major,,,,,,,,,,,,,,,Yes,,,,,Yes,,Yes,Yes,,,130,Milliken,130,Milliken (130),D42,637350.123394712,4852687.55585525
4833,80632243,,9/30/2016 4:00:00 AM,52,DUNDAS ST W,STERLING RD,,Minor Arterial,Toronto and East York,43.650614,-79.442981,At Intersection,Traffic Signal,Clear,"Dark, artificial",Dry,Non-Fatal Injury,Turning Movement,Driver,15 to 19,None,,South,"Automobile, Station Wagon",Turning Left,Disobeyed Traffic Control,Inattentive,,,,,,,,,Yes,,,,,Yes,,Yes,Yes,,,84,Little Portugal,84,Little Portugal (84),D11,625563.856678721,4834245.3518261
4834,80632244,,9/30/2016 4:00:00 AM,52,DUNDAS ST W,STERLING RD,,Minor Arterial,Toronto and East York,43.650614,-79.442981,At Intersection,Traffic Signal,Clear,"Dark, artificial",Dry,Non-Fatal Injury,Turning Movement,Driver,25 to 29,None,,West,"Automobile, Station Wagon",Going Ahead,Driving Properly,Normal,,,,,,,,,Yes,,,,,Yes,,Yes,Yes,,,84,Little Portugal,84,Little Portugal (84),D11,625563.856678721,4834245.3518261
4835,80632245,,9/30/2016 4:00:00 AM,52,DUNDAS ST W,STERLING RD,,Minor Arterial,Toronto and East York,43.650614,-79.442981,At Intersection,Traffic Signal,Clear,"Dark, artificial",Dry,Non-Fatal Injury,Turning Movement,Passenger,30 to 34,Major,,,,,,,,,,,,,,,Yes,,,,,Yes,,Yes,Yes,,,84,Little Portugal,84,Little Portugal (84),D11,625563.856678721,4834245.3518261
4836,80565360,,10/2/2016 4:00:00 AM,1058,EGLINTON AVE E,WINTER AVE,,Major Arterial,Scarborough,43.735331,-79.25436,Intersection Related,Stop Sign,Clear,Daylight,Dry,Fatal,Pedestrian Collisions,Driver,20 to 24,None,,North,"Automobile, Station Wagon",Turning Left,Driving Properly,Inattentive,,,,,,,Yes,,Yes,,,,,Yes,,,,,,124,Kennedy Park,124,Kennedy Park (124),D41,640577.053555211,4843957.07767843
4837,80565363,,10/2/2016 4:00:00 AM,1058,EGLINTON AVE E,WINTER AVE,,Major Arterial,Scarborough,43.735331,-79.25436,Intersection Related,Stop Sign,Clear,Daylight,Dry,Fatal,Pedestrian Collisions,Passenger,20 to 24,None,,,,,,,,,,,,,Yes,,Yes,,,,,Yes,,,,,,124,Kennedy Park,124,Kennedy Park (124),D41,640577.053555211,4843957.07767843
4838,80565364,,10/2/2016 4:00:00 AM,1058,EGLINTON AVE E,WINTER AVE,,Major Arterial,Scarborough,43.735331,-79.25436,Intersection Related,Stop Sign,Clear,Daylight,Dry,Fatal,Pedestrian Collisions,Pedestrian,80 to 84,Fatal,60,South,,,,,Vehicle turns left while ped crosses without ROW at inter.,Crossing without right of way,Medical or Physical Disability,,,,Yes,,Yes,,,,,Yes,,,,,,124,Kennedy Park,124,Kennedy Park (124),D41,640577.053555211,4843957.07767843
4839,80720029,,10/9/2016 4:00:00 AM,1747,LAWRENCE AVE W,WILLIAM R ALLEN RD N,5 m West of,Major Arterial,North York,43.716258,-79.443179,At Intersection,Traffic Signal,Clear,Daylight,Dry,Non-Fatal Injury,Turning Movement,Driver,20 to 24,None,,East,"Automobile, Station Wagon",Turning Left,Failed to Yield Right of Way,Inattentive,,,,,,,,,Yes,Yes,,,,Yes,,Yes,,,,32,Englemount-Lawrence,32,Englemount-Lawrence (32),D13,625411.033566486,4841535.70808994
4840,80720030,,10/9/2016 4:00:00 AM,1747,LAWRENCE AVE W,WILLIAM R ALLEN RD N,5 m West of,Major Arterial,North York,43.716258,-79.443179,At Intersection,Traffic Signal,Clear,Daylight,Dry,Non-Fatal Injury,Turning Movement,Motorcycle Driver,25 to 29,Major,,West,Motorcycle,Going Ahead,Driving Properly,Normal,,,,,,,,,Yes,Yes,,,,Yes,,Yes,,,,32,Englemount-Lawrence,32,Englemount-Lawrence (32),D13,625411.033566486,4841535.70808994
4841,80720031,,10/9/2016 4:00:00 AM,1747,LAWRENCE AVE W,WILLIAM R ALLEN RD N,5 m West of,Major Arterial,North York,43.716258,-79.443179,At Intersection,Traffic Signal,Clear,Daylight,Dry,Non-Fatal Injury,Turning Movement,Passenger,15 to 19,None,,,,,,,,,,,,,,,Yes,Yes,,,,Yes,,Yes,,,,32,Englemount-Lawrence,32,Englemount-Lawrence (32),D13,625411.033566486,4841535.70808994
4842,80908526,,10/14/2016 4:00:00 AM,1918,JANE ST,MARSHLYNN AVE,,Major Arterial,Etobicoke York,43.704402,-79.504207,At Intersection,Stop Sign,Clear,"Dark, artificial",Dry,Non-Fatal Injury,Turning Movement,Passenger,55 to 59,Minimal,,,,,,,,,,,,,,,Yes,Yes,,,,Yes,,Yes,,,,28,Rustic,28,Rustic (28),D12,620518.590212043,4840128.40617215
4843,80908527,,10/14/2016 4:00:00 AM,1918,JANE ST,MARSHLYNN AVE,,Major Arterial,Etobicoke York,43.704402,-79.504207,At Intersection,Stop Sign,Clear,"Dark, artificial",Dry,Non-Fatal Injury,Turning Movement,Motorcycle Driver,20 to 24,Major,,North,Motorcycle,Going Ahead,Driving Properly,Normal,,,,,,,,,Yes,Yes,,,,Yes,,Yes,,,,28,Rustic,28,Rustic (28),D12,620518.590212043,4840128.40617215
4844,80908528,,10/14/2016 4:00:00 AM,1918,JANE ST,MARSHLYNN AVE,,Major Arterial,Etobicoke York,43.704402,-79.504207,At Intersection,Stop Sign,Clear,"Dark, artificial",Dry,Non-Fatal Injury,Turning Movement,Driver,50 to 54,Minimal,,South,"Automobile, Station Wagon",Turning Left,Failed to Yield Right of Way,Inattentive,,,,,,,,,Yes,Yes,,,,Yes,,Yes,,,,28,Rustic,28,Rustic (28),D12,620518.590212043,4840128.40617215
4845,80565853,,10/20/2016 4:00:00 AM,1922,EGLINTON AVE E,HANNA RD,,Major Arterial,North York,43.712084,-79.372058,Non Intersection,No Control,Rain,Dark,Wet,Fatal,Pedestrian Collisions,Pedestrian,60 to 64,Fatal,65,Unknown,,,,,Pedestrian hit at mid-block,"Crossing, no Traffic Control",Inattentive,,,,Yes,,Yes,,,,,Yes,,Yes,,,,56,Leaside-Bennington,56,Leaside-Bennington (56),D53,631149.407025666,4841182.19568628
4846,80566369,,10/20/2016 4:00:00 AM,1922,EGLINTON AVE E,HANNA RD,,Major Arterial,North York,43.712084,-79.372058,Non Intersection,No Control,Rain,Dark,Wet,Fatal,Pedestrian Collisions,Passenger,40 to 44,None,,,,,,,,,,,,,Yes,,Yes,,,,,Yes,,Yes,,,,56,Leaside-Bennington,56,Leaside-Bennington (56),D53,631149.407025666,4841182.19568628
4847,80566370,,10/20/2016 4:00:00 AM,1922,EGLINTON AVE E,HANNA RD,,Major Arterial,North York,43.712084,-79.372058,Non Intersection,No Control,Rain,Dark,Wet,Fatal,Pedestrian Collisions,Driver,30 to 34,None,,East,"Automobile, Station Wagon",Going Ahead,Driving Properly,Normal,,,,,,,Yes,,Yes,,,,,Yes,,Yes,,,,56,Leaside-Bennington,56,Leaside-Bennington (56),D53,631149.407025666,4841182.19568628
4848,80721636,,10/31/2016 4:00:00 AM,2035,LAWRENCE AVE E,DON MILLS RD,45 m West of,Major Arterial,North York,43.73693,-79.344211,Non Intersection,No Control,Clear,"Dark, artificial",Dry,Non-Fatal Injury,Pedestrian Collisions,Driver,40 to 44,Minimal,,West,"Automobile, Station Wagon",Going Ahead,Exceeding Speed Limit,Inattentive,,,,,,,Yes,,Yes,,,,,Yes,Yes,Yes,,Yes,,42,Banbury-Don Mills,42,Banbury-Don Mills (42),D33,633337.690229665,4843986.14225129
4849,80721637,,10/31/2016 4:00:00 AM,2035,LAWRENCE AVE E,DON MILLS RD,45 m West of,Major Arterial,North York,43.73693,-79.344211,Non Intersection,No Control,Clear,"Dark, artificial",Dry,Non-Fatal Injury,Pedestrian Collisions,Driver,35 to 39,Minimal,,West,"Automobile, Station Wagon",Going Ahead,Driving Properly,"Ability Impaired, Alcohol Over .08",,,,,,,Yes,,Yes,,,,,Yes,Yes,Yes,,Yes,,42,Banbury-Don Mills,42,Banbury-Don Mills (42),D33,633337.690229665,4843986.14225129