OBJECTID,INDEX,ACCNUM,DATE,TIME,STREET1,STREET2,OFFSET,ROAD_CLASS,DISTRICT,LATITUDE,LONGITUDE,ACCLOC,TRAFFCTL,VISIBILITY,LIGHT,RDSFCOND,ACCLASS,IMPACTYPE,INVTYPE,INVAGE,INJURY,FATAL_NO,INITDIR,VEHTYPE,MANOEUVER,DRIVACT,DRIVCOND,PEDTYPE,PEDACT,PEDCOND,CYCLISTYPE,CYCACT,CYCCOND,PEDESTRIAN,CYCLIST,AUTOMOBILE,MOTORCYCLE,TRUCK,TRSN_CITY_VEH,EMERG_VEH,PASSENGER,SPEEDING,AG_DRIV,REDLIGHT,ALCOHOL,DISABILITY,HOOD_158,NEIGHBOURHOOD_158,HOOD_140,NEIGHBOURHOOD_140,DIVISION,x,y
5383,81144520,,3/3/2018 5:00:00 AM,1111,WELLINGTON ST W,YORK ST,52 m East of,Minor Arterial,Toronto and East York,43.646697,-79.382236,Non Intersection,No Control,Clear,Daylight,Dry,Non-Fatal Injury,Turning Movement,Passenger,20 to 24,None,,,,,,,,,,,,,,,Yes,,Yes,,,Yes,,,,,,170,Yonge-Bay Corridor,76,Bay Street Corridor (76),D52,630471.092540324,4833904.02438927
5384,81125351,,3/3/2018 5:00:00 AM,1515,BATHURST ST,STEELES AVE W,10 m South o,Major Arterial,North York,43.792338,-79.445712,Intersection Related,Traffic Signal,Clear,Daylight,Dry,Non-Fatal Injury,Angle,Driver,45 to 49,None,,West,Passenger Van,Going Ahead,Failed to Yield Right of Way,Normal,,,,,,,,,Yes,,,,,Yes,,Yes,,,,36,Newtonbrook West,36,Newtonbrook West (36),D32,625048.422603202,4849981.69067297
5385,81125352,,3/3/2018 5:00:00 AM,1515,BATHURST ST,STEELES AVE W,10 m South o,Major Arterial,North York,43.792338,-79.445712,Intersection Related,Traffic Signal,Clear,Daylight,Dry,Non-Fatal Injury,Angle,Driver,80 to 84,Minimal,,North,"Automobile, Station Wagon",Going Ahead,Driving Properly,Normal,,,,,,,,,Yes,,,,,Yes,,Yes,,,,36,Newtonbrook West,36,Newtonbrook West (36),D32,625048.422603202,4849981.69067297
5386,81125353,,3/3/2018 5:00:00 AM,1515,BATHURST ST,STEELES AVE W,10 m South o,Major Arterial,North York,43.792338,-79.445712,Intersection Related,Traffic Signal,Clear,Daylight,Dry,Non-Fatal Injury,Angle,Passenger,75 to 79,Major,,,,,,,,,,,,,,,Yes,,,,,Yes,,Yes,,,,36,Newtonbrook West,36,Newtonbrook West (36),D32,625048.422603202,4849981.69067297
5387,80930458,,3/5/2018 5:00:00 AM,820,DUFFERIN ST,CASTLEFIELD AVE,28 m North o,Major Arterial,North York,43.700686,-79.451724,Intersection Related,Traffic Signal,Clear,Daylight,Dry,Non-Fatal Injury,Pedestrian Collisions,Pedestrian,75 to 79,Major,,East,,,,,Pedestrian hit at mid-block,"Crossing, no Traffic Control",Normal,,,,Yes,,Yes,,,,,Yes,,,,,,108,Briar Hill-Belgravia,108,Briar Hill-Belgravia (108),D13,624754.979051876,4839793.32610923
5388,80930459,,3/5/2018 5:00:00 AM,820,DUFFERIN ST,CASTLEFIELD AVE,28 m North o,Major Arterial,North York,43.700686,-79.451724,Intersection Related,Traffic Signal,Clear,Daylight,Dry,Non-Fatal Injury,Pedestrian Collisions,Passenger,50 to 54,None,,,,,,,,,,,,,Yes,,Yes,,,,,Yes,,,,,,108,Briar Hill-Belgravia,108,Briar Hill-Belgravia (108),D13,624754.979051876,4839793.32610923
5389,80930460,,3/5/2018 5:00:00 AM,820,DUFFERIN ST,CASTLEFIELD AVE,28 m North o,Major Arterial,North York,43.700686,-79.451724,Intersection Related,Traffic Signal,Clear,Daylight,Dry,Non-Fatal Injury,Pedestrian Collisions,Passenger,20 to 24,None,,,,,,,,,,,,,Yes,,Yes,,,,,Yes,,,,,,108,Briar Hill-Belgravia,108,Briar Hill-Belgravia (108),D13,624754.979051876,4839793.32610923
5390,80930461,,3/5/2018 5:00:00 AM,820,DUFFERIN ST,CASTLEFIELD AVE,28 m North o,Major Arterial,North York,43.700686,-79.451724,Intersection Related,Traffic Signal,Clear,Daylight,Dry,Non-Fatal Injury,Pedestrian Collisions,Driver,50 to 54,None,,South,"Automobile, Station Wagon",Slowing or Stopping,Driving Properly,Normal,,,,,,,Yes,,Yes,,,,,Yes,,,,,,108,Briar Hill-Belgravia,108,Briar Hill-Belgravia (108),D13,624754.979051876,4839793.32610923
5391,81239610,,3/5/2018 5:00:00 AM,1505,BATHURST ST,DEWBOURNE AVE,45 m  of,Major Arterial,Toronto and East York,43.698359,-79.424472,Non Intersection,No Control,Clear,Daylight,Dry,Non-Fatal Injury,Rear End,Driver,70 to 74,Minimal,,North,"Automobile, Station Wagon",Going Ahead,Following too Close,Normal,,,,,,,,,Yes,,,,,Yes,,Yes,,,,101,Forest Hill South,101,Forest Hill South (101),D13,626955.787012885,4839576.24803313
5392,81239611,,3/5/2018 5:00:00 AM,1505,BATHURST ST,DEWBOURNE AVE,45 m  of,Major Arterial,Toronto and East York,43.698359,-79.424472,Non Intersection,No Control,Clear,Daylight,Dry,Non-Fatal Injury,Rear End,Driver,25 to 29,None,,North,"Automobile, Station Wagon",Going Ahead,Driving Properly,Normal,,,,,,,,,Yes,,,,,Yes,,Yes,,,,101,Forest Hill South,101,Forest Hill South (101),D13,626955.787012885,4839576.24803313
5393,81239612,,3/5/2018 5:00:00 AM,1505,BATHURST ST,DEWBOURNE AVE,45 m  of,Major Arterial,Toronto and East York,43.698359,-79.424472,Non Intersection,No Control,Clear,Daylight,Dry,Non-Fatal Injury,Rear End,Driver,45 to 49,None,,North,"Automobile, Station Wagon",Going Ahead,Driving Properly,Normal,,,,,,,,,Yes,,,,,Yes,,Yes,,,,101,Forest Hill South,101,Forest Hill South (101),D13,626955.787012885,4839576.24803313
5394,81239613,,3/5/2018 5:00:00 AM,1505,BATHURST ST,DEWBOURNE AVE,45 m  of,Major Arterial,Toronto and East York,43.698359,-79.424472,Non Intersection,No Control,Clear,Daylight,Dry,Non-Fatal Injury,Rear End,Passenger,20 to 24,None,,,,,,,,,,,,,,,Yes,,,,,Yes,,Yes,,,,101,Forest Hill South,101,Forest Hill South (101),D13,626955.787012885,4839576.24803313
5395,81239614,,3/5/2018 5:00:00 AM,1505,BATHURST ST,DEWBOURNE AVE,45 m  of,Major Arterial,Toronto and East York,43.698359,-79.424472,Non Intersection,No Control,Clear,Daylight,Dry,Non-Fatal Injury,Rear End,Passenger,50 to 54,Major,,,,,,,,,,,,,,,Yes,,,,,Yes,,Yes,,,,101,Forest Hill South,101,Forest Hill South (101),D13,626955.787012885,4839576.24803313
5396,81239615,,3/5/2018 5:00:00 AM,1505,BATHURST ST,DEWBOURNE AVE,45 m  of,Major Arterial,Toronto and East York,43.698359,-79.424472,Non Intersection,No Control,Clear,Daylight,Dry,Non-Fatal Injury,Rear End,Passenger,10 to 14,None,,,,,,,,,,,,,,,Yes,,,,,Yes,,Yes,,,,101,Forest Hill South,101,Forest Hill South (101),D13,626955.787012885,4839576.24803313
5397,81239616,,3/5/2018 5:00:00 AM,1505,BATHURST ST,DEWBOURNE AVE,45 m  of,Major Arterial,Toronto and East York,43.698359,-79.424472,Non Intersection,No Control,Clear,Daylight,Dry,Non-Fatal Injury,Rear End,Passenger,15 to 19,None,,,,,,,,,,,,,,,Yes,,,,,Yes,,Yes,,,,101,Forest Hill South,101,Forest Hill South (101),D13,626955.787012885,4839576.24803313
5398,80937735,,3/19/2018 4:00:00 AM,1741,RENFORTH DR,EGLINTON AVE W,10 m South o,Minor Arterial,Etobicoke York,43.66603,-79.587627,Intersection Related,No Control,Clear,Daylight,Dry,Non-Fatal Injury,Rear End,Driver,50 to 54,None,,South,Passenger Van,Going Ahead,Following too Close,Normal,,,,,,,,,Yes,,,,,Yes,,Yes,,,,11,Eringate-Centennial-West Deane,11,Eringate-Centennial-West Deane (11),D22,613869.824749593,4835748.80353244
5399,80937736,,3/19/2018 4:00:00 AM,1741,RENFORTH DR,EGLINTON AVE W,10 m South o,Minor Arterial,Etobicoke York,43.66603,-79.587627,Intersection Related,No Control,Clear,Daylight,Dry,Non-Fatal Injury,Rear End,Driver,65 to 69,Major,,South,"Automobile, Station Wagon",Stopped,Driving Properly,Normal,,,,,,,,,Yes,,,,,Yes,,Yes,,,,11,Eringate-Centennial-West Deane,11,Eringate-Centennial-West Deane (11),D22,613869.824749593,4835748.80353244
5400,80937737,,3/19/2018 4:00:00 AM,1741,RENFORTH DR,EGLINTON AVE W,10 m South o,Minor Arterial,Etobicoke York,43.66603,-79.587627,Intersection Related,No Control,Clear,Daylight,Dry,Non-Fatal Injury,Rear End,Driver,55 to 59,None,,South,"Automobile, Station Wagon",Stopped,Driving Properly,Normal,,,,,,,,,Yes,,,,,Yes,,Yes,,,,11,Eringate-Centennial-West Deane,11,Eringate-Centennial-West Deane (11),D22,613869.824749593,4835748.80353244
5401,80937738,,3/19/2018 4:00:00 AM,1741,RENFORTH DR,EGLINTON AVE W,10 m South o,Minor Arterial,Etobicoke York,43.66603,-79.587627,Intersection Related,No Control,Clear,Daylight,Dry,Non-Fatal Injury,Rear End,Passenger,40 to 44,None,,,,,,,,,,,,,,,Yes,,,,,Yes,,Yes,,,,11,Eringate-Centennial-West Deane,11,Eringate-Centennial-West Deane (11),D22,613869.824749593,4835748.80353244
5402,80875488,,3/21/2018 4:00:00 AM,331,F G GARDINER XY  W,ROYAL YORK RD,,,Etobicoke York,43.623107,-79.499957,Non Intersection,No Control,Clear,"Dark, artificial",Dry,Fatal,Rear End,Passenger,25 to 29,Minimal,,,,,,,,,,,,,,,Yes,,,,,Yes,Yes,Yes,,,,160,Mimico-Queensway,17,Mimico (includes Humber Bay Shores) (17),D22,621024.264089957,4831105.72205218
5403,80875489,,3/21/2018 4:00:00 AM,331,F G GARDINER XY  W,ROYAL YORK RD,,,Etobicoke York,43.623107,-79.499957,Non Intersection,No Control,Clear,"Dark, artificial",Dry,Fatal,Rear End,Passenger,25 to 29,Fatal,16,,,,,,,,,,,,,,Yes,,,,,Yes,Yes,Yes,,,,160,Mimico-Queensway,17,Mimico (includes Humber Bay Shores) (17),D22,621024.264089957,4831105.72205218
5404,80875490,,3/21/2018 4:00:00 AM,331,F G GARDINER XY  W,ROYAL YORK RD,,,Etobicoke York,43.623107,-79.499957,Non Intersection,No Control,Clear,"Dark, artificial",Dry,Fatal,Rear End,Driver,30 to 34,Minor,,West,"Automobile, Station Wagon",Going Ahead,Exceeding Speed Limit,Normal,,,,,,,,,Yes,,,,,Yes,Yes,Yes,,,,160,Mimico-Queensway,17,Mimico (includes Humber Bay Shores) (17),D22,621024.264089957,4831105.72205218
5405,80875563,,3/21/2018 4:00:00 AM,331,F G GARDINER XY  W,ROYAL YORK RD,,,Etobicoke York,43.623107,-79.499957,Non Intersection,No Control,Clear,"Dark, artificial",Dry,Fatal,Rear End,Driver,20 to 24,Minor,,West,"Automobile, Station Wagon",Pulling Away from Shoulder or Curb,Improper Lane Change,Inattentive,,,,,,,,,Yes,,,,,Yes,Yes,Yes,,,,160,Mimico-Queensway,17,Mimico (includes Humber Bay Shores) (17),D22,621024.264089957,4831105.72205218
5406,80875564,,3/29/2018 4:00:00 AM,1221,WILSON AVE,JULIAN RD,,Major Arterial,North York,43.724532,-79.491092,Intersection Related,Traffic Signal,Rain,Daylight,Wet,Fatal,Pedestrian Collisions,Passenger,90 to 94,None,,,,,,,,,,,,,Yes,,Yes,,,,,Yes,,,,,,154,Oakdale-Beverley Heights,26,Downsview-Roding-CFB (26),D31,621534.598531714,4842383.27325625
5407,80875566,,3/29/2018 4:00:00 AM,1221,WILSON AVE,JULIAN RD,,Major Arterial,North York,43.724532,-79.491092,Intersection Related,Traffic Signal,Rain,Daylight,Wet,Fatal,Pedestrian Collisions,Pedestrian,75 to 79,Fatal,18,North,,,,,Vehicle is going straight thru inter.while ped cross without ROW,"Crossing, no Traffic Control",Inattentive,,,,Yes,,Yes,,,,,Yes,,,,,,154,Oakdale-Beverley Heights,26,Downsview-Roding-CFB (26),D31,621534.598531714,4842383.27325625
5408,80877077,,3/29/2018 4:00:00 AM,1221,WILSON AVE,JULIAN RD,,Major Arterial,North York,43.724532,-79.491092,Intersection Related,Traffic Signal,Rain,Daylight,Wet,Fatal,Pedestrian Collisions,Driver,50 to 54,None,,West,Passenger Van,Going Ahead,Driving Properly,Normal,,,,,,,Yes,,Yes,,,,,Yes,,,,,,154,Oakdale-Beverley Heights,26,Downsview-Roding-CFB (26),D31,621534.598531714,4842383.27325625
5409,80922918,,4/8/2018 4:00:00 AM,2030,FINCH AVE W,ARROW RD,10 m West of,Major Arterial,Etobicoke York,43.753218,-79.53622,At Intersection,Traffic Signal,Clear,"Dark, artificial",Dry,Non-Fatal Injury,Rear End,Passenger,10 to 14,Major,,,,,,,,,,,,,,,Yes,,,,,Yes,,Yes,,,,22,Humbermede,22,Humbermede (22),D31,617843.461084597,4845504.07510567
5410,80922919,,4/8/2018 4:00:00 AM,2030,FINCH AVE W,ARROW RD,10 m West of,Major Arterial,Etobicoke York,43.753218,-79.53622,At Intersection,Traffic Signal,Clear,"Dark, artificial",Dry,Non-Fatal Injury,Rear End,Passenger,45 to 49,Minor,,,,,,,,,,,,,,,Yes,,,,,Yes,,Yes,,,,22,Humbermede,22,Humbermede (22),D31,617843.461084597,4845504.07510567
5411,80922920,,4/8/2018 4:00:00 AM,2030,FINCH AVE W,ARROW RD,10 m West of,Major Arterial,Etobicoke York,43.753218,-79.53622,At Intersection,Traffic Signal,Clear,"Dark, artificial",Dry,Non-Fatal Injury,Rear End,Passenger,40 to 44,Minor,,,,,,,,,,,,,,,Yes,,,,,Yes,,Yes,,,,22,Humbermede,22,Humbermede (22),D31,617843.461084597,4845504.07510567
5412,80922921,,4/8/2018 4:00:00 AM,2030,FINCH AVE W,ARROW RD,10 m West of,Major Arterial,Etobicoke York,43.753218,-79.53622,At Intersection,Traffic Signal,Clear,"Dark, artificial",Dry,Non-Fatal Injury,Rear End,Driver,60 to 64,Minor,,East,"Automobile, Station Wagon",Stopped,Driving Properly,Normal,,,,,,,,,Yes,,,,,Yes,,Yes,,,,22,Humbermede,22,Humbermede (22),D31,617843.461084597,4845504.07510567
5413,80922922,,4/8/2018 4:00:00 AM,2030,FINCH AVE W,ARROW RD,10 m West of,Major Arterial,Etobicoke York,43.753218,-79.53622,At Intersection,Traffic Signal,Clear,"Dark, artificial",Dry,Non-Fatal Injury,Rear End,Driver,40 to 44,Minor,,East,"Automobile, Station Wagon",Stopped,Driving Properly,Normal,,,,,,,,,Yes,,,,,Yes,,Yes,,,,22,Humbermede,22,Humbermede (22),D31,617843.461084597,4845504.07510567
5414,80922923,,4/8/2018 4:00:00 AM,2030,FINCH AVE W,ARROW RD,10 m West of,Major Arterial,Etobicoke York,43.753218,-79.53622,At Intersection,Traffic Signal,Clear,"Dark, artificial",Dry,Non-Fatal Injury,Rear End,Driver,30 to 34,None,,East,"Automobile, Station Wagon",Going Ahead,Following too Close,Inattentive,,,,,,,,,Yes,,,,,Yes,,Yes,,,,22,Humbermede,22,Humbermede (22),D31,617843.461084597,4845504.07510567
5415,80916955,,4/12/2018 4:00:00 AM,2000,WILSON AVE,LEXFIELD AVE,,Major Arterial,North York,43.723284,-79.49673,At Intersection,Traffic Signal,Clear,Dark,Dry,Non-Fatal Injury,Turning Movement,Passenger,20 to 24,None,,,,,,,,,,,,,,,Yes,,,,,Yes,,Yes,Yes,,,154,Oakdale-Beverley Heights,26,Downsview-Roding-CFB (26),D31,621082.997794696,4842236.41255856
5416,80916956,,4/12/2018 4:00:00 AM,2000,WILSON AVE,LEXFIELD AVE,,Major Arterial,North York,43.723284,-79.49673,At Intersection,Traffic Signal,Clear,Dark,Dry,Non-Fatal Injury,Turning Movement,Driver,20 to 24,None,,East,"Automobile, Station Wagon",Turning Left,Driving Properly,Normal,,,,,,,,,Yes,,,,,Yes,,Yes,Yes,,,154,Oakdale-Beverley Heights,26,Downsview-Roding-CFB (26),D31,621082.997794696,4842236.41255856
5417,80916957,,4/12/2018 4:00:00 AM,2000,WILSON AVE,LEXFIELD AVE,,Major Arterial,North York,43.723284,-79.49673,At Intersection,Traffic Signal,Clear,Dark,Dry,Non-Fatal Injury,Turning Movement,Driver,20 to 24,Major,,West,"Automobile, Station Wagon",Going Ahead,Disobeyed Traffic Control,Inattentive,,,,,,,,,Yes,,,,,Yes,,Yes,Yes,,,154,Oakdale-Beverley Heights,26,Downsview-Roding-CFB (26),D31,621082.997794696,4842236.41255856
5418,80943288,,4/21/2018 4:00:00 AM,1,HIGHWAY 2A  E,LAWSON RD,400 m East o,Expressway,Scarborough,43.785132,-79.164089,Non Intersection,No Control,Clear,Dark,Dry,Non-Fatal Injury,Rear End,Passenger,50 to 54,None,,,,,,,,,,,,,,,Yes,,,,,Yes,Yes,Yes,,,,133,Centennial Scarborough,133,Centennial Scarborough (133),D43,647724.082270746,4849645.38807609
5419,80943289,,4/21/2018 4:00:00 AM,1,HIGHWAY 2A  E,LAWSON RD,400 m East o,Expressway,Scarborough,43.785132,-79.164089,Non Intersection,No Control,Clear,Dark,Dry,Non-Fatal Injury,Rear End,Passenger,60 to 64,Minimal,,,,,,,,,,,,,,,Yes,,,,,Yes,Yes,Yes,,,,133,Centennial Scarborough,133,Centennial Scarborough (133),D43,647724.082270746,4849645.38807609
5420,80943290,,4/21/2018 4:00:00 AM,1,HIGHWAY 2A  E,LAWSON RD,400 m East o,Expressway,Scarborough,43.785132,-79.164089,Non Intersection,No Control,Clear,Dark,Dry,Non-Fatal Injury,Rear End,Passenger,60 to 64,None,,,,,,,,,,,,,,,Yes,,,,,Yes,Yes,Yes,,,,133,Centennial Scarborough,133,Centennial Scarborough (133),D43,647724.082270746,4849645.38807609
5421,80943291,,4/21/2018 4:00:00 AM,1,HIGHWAY 2A  E,LAWSON RD,400 m East o,Expressway,Scarborough,43.785132,-79.164089,Non Intersection,No Control,Clear,Dark,Dry,Non-Fatal Injury,Rear End,Passenger,70 to 74,Major,,,,,,,,,,,,,,,Yes,,,,,Yes,Yes,Yes,,,,133,Centennial Scarborough,133,Centennial Scarborough (133),D43,647724.082270746,4849645.38807609
5422,80943292,,4/21/2018 4:00:00 AM,1,HIGHWAY 2A  E,LAWSON RD,400 m East o,Expressway,Scarborough,43.785132,-79.164089,Non Intersection,No Control,Clear,Dark,Dry,Non-Fatal Injury,Rear End,Driver,70 to 74,None,,East,"Automobile, Station Wagon",Going Ahead,Driving Properly,Normal,,,,,,,,,Yes,,,,,Yes,Yes,Yes,,,,133,Centennial Scarborough,133,Centennial Scarborough (133),D43,647724.082270746,4849645.38807609
5423,80943293,,4/21/2018 4:00:00 AM,1,HIGHWAY 2A  E,LAWSON RD,400 m East o,Expressway,Scarborough,43.785132,-79.164089,Non Intersection,No Control,Clear,Dark,Dry,Non-Fatal Injury,Rear End,Driver,20 to 24,Minimal,,East,"Automobile, Station Wagon",Going Ahead,Exceeding Speed Limit,Had Been Drinking,,,,,,,,,Yes,,,,,Yes,Yes,Yes,,,,133,Centennial Scarborough,133,Centennial Scarborough (133),D43,647724.082270746,4849645.38807609
5424,80973692,,4/26/2018 4:00:00 AM,105,SCARLETT RD,LAWRENCE AVE W,,Major Arterial,Etobicoke York,43.698107,-79.52325,At Intersection,Traffic Signal,Rain,"Dark, artificial",Wet,Non-Fatal Injury,Turning Movement,Driver,20 to 24,Major,,North,"Automobile, Station Wagon",Going Ahead,Exceeding Speed Limit,Inattentive,,,,,,,,,Yes,,,Yes,,Yes,Yes,Yes,,,,8,Humber Heights-Westmount,8,Humber Heights-Westmount (8),D23,618996.703756505,4839401.75392269
5425,80973693,,4/26/2018 4:00:00 AM,105,SCARLETT RD,LAWRENCE AVE W,,Major Arterial,Etobicoke York,43.698107,-79.52325,At Intersection,Traffic Signal,Rain,"Dark, artificial",Wet,Non-Fatal Injury,Turning Movement,Driver,50 to 54,None,,South,Municipal Transit Bus (TTC),Turning Left,Driving Properly,Normal,,,,,,,,,Yes,,,Yes,,Yes,Yes,Yes,,,,8,Humber Heights-Westmount,8,Humber Heights-Westmount (8),D23,618996.703756505,4839401.75392269
5426,80973694,,4/26/2018 4:00:00 AM,105,SCARLETT RD,LAWRENCE AVE W,,Major Arterial,Etobicoke York,43.698107,-79.52325,At Intersection,Traffic Signal,Rain,"Dark, artificial",Wet,Non-Fatal Injury,Turning Movement,Passenger,unknown,Minor,,,,,,,,,,,,,,,Yes,,,Yes,,Yes,Yes,Yes,,,,8,Humber Heights-Westmount,8,Humber Heights-Westmount (8),D23,618996.703756505,4839401.75392269
5427,80973695,,4/26/2018 4:00:00 AM,105,SCARLETT RD,LAWRENCE AVE W,,Major Arterial,Etobicoke York,43.698107,-79.52325,At Intersection,Traffic Signal,Rain,"Dark, artificial",Wet,Non-Fatal Injury,Turning Movement,Passenger,20 to 24,Minor,,,,,,,,,,,,,,,Yes,,,Yes,,Yes,Yes,Yes,,,,8,Humber Heights-Westmount,8,Humber Heights-Westmount (8),D23,618996.703756505,4839401.75392269
5428,80973696,,4/26/2018 4:00:00 AM,105,SCARLETT RD,LAWRENCE AVE W,,Major Arterial,Etobicoke York,43.698107,-79.52325,At Intersection,Traffic Signal,Rain,"Dark, artificial",Wet,Non-Fatal Injury,Turning Movement,Passenger,60 to 64,Minor,,,,,,,,,,,,,,,Yes,,,Yes,,Yes,Yes,Yes,,,,8,Humber Heights-Westmount,8,Humber Heights-Westmount (8),D23,618996.703756505,4839401.75392269
5429,81474606,,4/26/2018 4:00:00 AM,1942,ISLINGTON AVE,ALBION RD,,Major Arterial,Etobicoke York,43.737166,-79.565257,At Intersection,Traffic Signal,Clear,"Dusk, artificial",Dry,Non-Fatal Injury,Turning Movement,Driver,25 to 29,None,,South,"Automobile, Station Wagon",Turning Left,Failed to Yield Right of Way,Inattentive,,,,,,,,,Yes,,,,,Yes,,Yes,,,,3,Thistletown-Beaumond Heights,3,Thistletown-Beaumond Heights (3),D23,615536.659478698,4843680.36919154
5430,81474607,,4/26/2018 4:00:00 AM,1942,ISLINGTON AVE,ALBION RD,,Major Arterial,Etobicoke York,43.737166,-79.565257,At Intersection,Traffic Signal,Clear,"Dusk, artificial",Dry,Non-Fatal Injury,Turning Movement,Driver,20 to 24,Major,,North,"Automobile, Station Wagon",Going Ahead,Driving Properly,Normal,,,,,,,,,Yes,,,,,Yes,,Yes,,,,3,Thistletown-Beaumond Heights,3,Thistletown-Beaumond Heights (3),D23,615536.659478698,4843680.36919154
5431,81474608,,4/26/2018 4:00:00 AM,1942,ISLINGTON AVE,ALBION RD,,Major Arterial,Etobicoke York,43.737166,-79.565257,At Intersection,Traffic Signal,Clear,"Dusk, artificial",Dry,Non-Fatal Injury,Turning Movement,Passenger,25 to 29,None,,,,,,,,,,,,,,,Yes,,,,,Yes,,Yes,,,,3,Thistletown-Beaumond Heights,3,Thistletown-Beaumond Heights (3),D23,615536.659478698,4843680.36919154
5432,81474609,,4/26/2018 4:00:00 AM,1942,ISLINGTON AVE,ALBION RD,,Major Arterial,Etobicoke York,43.737166,-79.565257,At Intersection,Traffic Signal,Clear,"Dusk, artificial",Dry,Non-Fatal Injury,Turning Movement,Passenger,0 to 4,Minor,,,,,,,,,,,,,,,Yes,,,,,Yes,,Yes,,,,3,Thistletown-Beaumond Heights,3,Thistletown-Beaumond Heights (3),D23,615536.659478698,4843680.36919154
5433,81474610,,4/26/2018 4:00:00 AM,1942,ISLINGTON AVE,ALBION RD,,Major Arterial,Etobicoke York,43.737166,-79.565257,At Intersection,Traffic Signal,Clear,"Dusk, artificial",Dry,Non-Fatal Injury,Turning Movement,Passenger,5 to 9,None,,,,,,,,,,,,,,,Yes,,,,,Yes,,Yes,,,,3,Thistletown-Beaumond Heights,3,Thistletown-Beaumond Heights (3),D23,615536.659478698,4843680.36919154
5434,81474611,,4/26/2018 4:00:00 AM,1942,ISLINGTON AVE,ALBION RD,,Major Arterial,Etobicoke York,43.737166,-79.565257,At Intersection,Traffic Signal,Clear,"Dusk, artificial",Dry,Non-Fatal Injury,Turning Movement,Passenger,5 to 9,None,,,,,,,,,,,,,,,Yes,,,,,Yes,,Yes,,,,3,Thistletown-Beaumond Heights,3,Thistletown-Beaumond Heights (3),D23,615536.659478698,4843680.36919154
5435,81474612,,4/26/2018 4:00:00 AM,1942,ISLINGTON AVE,ALBION RD,,Major Arterial,Etobicoke York,43.737166,-79.565257,At Intersection,Traffic Signal,Clear,"Dusk, artificial",Dry,Non-Fatal Injury,Turning Movement,Passenger,20 to 24,None,,,,,,,,,,,,,,,Yes,,,,,Yes,,Yes,,,,3,Thistletown-Beaumond Heights,3,Thistletown-Beaumond Heights (3),D23,615536.659478698,4843680.36919154
5436,80935738,,4/27/2018 4:00:00 AM,2300,STEELES AVE W,ROSSDEAN DR,,Major Arterial,Etobicoke York,43.771422,-79.540614,At Intersection,Traffic Signal,Rain,"Dark, artificial",Wet,Non-Fatal Injury,Pedestrian Collisions,Passenger,10 to 14,None,,,,,,,,,,,,,Yes,,Yes,,,,,Yes,,,,,,21,Humber Summit,21,Humber Summit (21),D31,617454.08674692,4847519.65606907
5437,80935739,,4/27/2018 4:00:00 AM,2300,STEELES AVE W,ROSSDEAN DR,,Major Arterial,Etobicoke York,43.771422,-79.540614,At Intersection,Traffic Signal,Rain,"Dark, artificial",Wet,Non-Fatal Injury,Pedestrian Collisions,Passenger,10 to 14,None,,,,,,,,,,,,,Yes,,Yes,,,,,Yes,,,,,,21,Humber Summit,21,Humber Summit (21),D31,617454.08674692,4847519.65606907
5438,80935740,,4/27/2018 4:00:00 AM,2300,STEELES AVE W,ROSSDEAN DR,,Major Arterial,Etobicoke York,43.771422,-79.540614,At Intersection,Traffic Signal,Rain,"Dark, artificial",Wet,Non-Fatal Injury,Pedestrian Collisions,Pedestrian,60 to 64,Major,,South,,,,,Vehicle turns left while ped crosses without ROW at inter.,Crossing without right of way,Normal,,,,Yes,,Yes,,,,,Yes,,,,,,21,Humber Summit,21,Humber Summit (21),D31,617454.08674692,4847519.65606907
5439,80935741,,4/27/2018 4:00:00 AM,2300,STEELES AVE W,ROSSDEAN DR,,Major Arterial,Etobicoke York,43.771422,-79.540614,At Intersection,Traffic Signal,Rain,"Dark, artificial",Wet,Non-Fatal Injury,Pedestrian Collisions,Driver,35 to 39,None,,West,"Automobile, Station Wagon",Going Ahead,Driving Properly,Normal,,,,,,,Yes,,Yes,,,,,Yes,,,,,,21,Humber Summit,21,Humber Summit (21),D31,617454.08674692,4847519.65606907
5440,80945990,,5/5/2018 4:00:00 AM,407,LAWRENCE AVE E,KENNEDY RD,,Major Arterial,Scarborough,43.749427,-79.274898,At Intersection,Traffic Signal,Clear,"Dark, artificial",Dry,Non-Fatal Injury,Angle,Driver,20 to 24,Minimal,,West,"Automobile, Station Wagon",Going Ahead,Failed to Yield Right of Way,Normal,,,,,,,,,Yes,,,,,Yes,,Yes,,,,126,Dorset Park,126,Dorset Park (126),D41,638890.499734903,4845488.00794114
5441,80945991,,5/5/2018 4:00:00 AM,407,LAWRENCE AVE E,KENNEDY RD,,Major Arterial,Scarborough,43.749427,-79.274898,At Intersection,Traffic Signal,Clear,"Dark, artificial",Dry,Non-Fatal Injury,Angle,Driver,25 to 29,Minimal,,North,"Automobile, Station Wagon",Going Ahead,Driving Properly,Normal,,,,,,,,,Yes,,,,,Yes,,Yes,,,,126,Dorset Park,126,Dorset Park (126),D41,638890.499734903,4845488.00794114