OBJECTID,INDEX,ACCNUM,DATE,TIME,STREET1,STREET2,OFFSET,ROAD_CLASS,DISTRICT,LATITUDE,LONGITUDE,ACCLOC,TRAFFCTL,VISIBILITY,LIGHT,RDSFCOND,ACCLASS,IMPACTYPE,INVTYPE,INVAGE,INJURY,FATAL_NO,INITDIR,VEHTYPE,MANOEUVER,DRIVACT,DRIVCOND,PEDTYPE,PEDACT,PEDCOND,CYCLISTYPE,CYCACT,CYCCOND,PEDESTRIAN,CYCLIST,AUTOMOBILE,MOTORCYCLE,TRUCK,TRSN_CITY_VEH,EMERG_VEH,PASSENGER,SPEEDING,AG_DRIV,REDLIGHT,ALCOHOL,DISABILITY,HOOD_158,NEIGHBOURHOOD_158,HOOD_140,NEIGHBOURHOOD_140,DIVISION,x,y
5502,80945140,,6/20/2018 4:00:00 AM,1535,3930 LAWRENCE AVE E,,3 m South of,Major Arterial,Scarborough,43.76398,-79.2056,At/Near Private Drive,No Control,Clear,Daylight,Dry,Non-Fatal Injury,Pedestrian Collisions,Passenger,20 to 24,None,,,,,,,,,,,,,Yes,,Yes,,,,,Yes,,Yes,,,,141,Golfdale-Cedarbrae-Woburn,137,Woburn (137),D43,644434.831720336,4847222.87846371
5503,80945141,,6/20/2018 4:00:00 AM,1535,3930 LAWRENCE AVE E,,3 m South of,Major Arterial,Scarborough,43.76398,-79.2056,At/Near Private Drive,No Control,Clear,Daylight,Dry,Non-Fatal Injury,Pedestrian Collisions,Pedestrian,60 to 64,Major,,Unknown,,,,,Pedestrian hit on sidewalk or shoulder,On Sidewalk or Shoulder,Normal,,,,Yes,,Yes,,,,,Yes,,Yes,,,,141,Golfdale-Cedarbrae-Woburn,137,Woburn (137),D43,644434.831720336,4847222.87846371
5504,80945142,,6/20/2018 4:00:00 AM,1535,3930 LAWRENCE AVE E,,3 m South of,Major Arterial,Scarborough,43.76398,-79.2056,At/Near Private Drive,No Control,Clear,Daylight,Dry,Non-Fatal Injury,Pedestrian Collisions,Driver,20 to 24,None,,South,"Automobile, Station Wagon",Going Ahead,Failed to Yield Right of Way,Inattentive,,,,,,,Yes,,Yes,,,,,Yes,,Yes,,,,141,Golfdale-Cedarbrae-Woburn,137,Woburn (137),D43,644434.831720336,4847222.87846371
5505,80945143,,6/20/2018 4:00:00 AM,1535,3930 LAWRENCE AVE E,,3 m South of,Major Arterial,Scarborough,43.76398,-79.2056,At/Near Private Drive,No Control,Clear,Daylight,Dry,Non-Fatal Injury,Pedestrian Collisions,Driver,65 to 69,None,,West,"Automobile, Station Wagon",Going Ahead,Driving Properly,Normal,,,,,,,Yes,,Yes,,,,,Yes,,Yes,,,,141,Golfdale-Cedarbrae-Woburn,137,Woburn (137),D43,644434.831720336,4847222.87846371
5506,80945455,,6/23/2018 4:00:00 AM,15,MORNINGSIDE AVE,MILNER AVE,,Major Arterial,Scarborough,43.800208,-79.199046,At Intersection,Traffic Signal,Clear,Dark,Wet,Non-Fatal Injury,Turning Movement,Driver,35 to 39,Major,,North,"Automobile, Station Wagon",Turning Left,Failed to Yield Right of Way,Inattentive,,,,,,,,,Yes,,,,,Yes,,Yes,,,,144,Morningside Heights,131,Rouge (131),D42,644874.843608757,4851258.02818753
5507,80945456,,6/23/2018 4:00:00 AM,15,MORNINGSIDE AVE,MILNER AVE,,Major Arterial,Scarborough,43.800208,-79.199046,At Intersection,Traffic Signal,Clear,Dark,Wet,Non-Fatal Injury,Turning Movement,Driver,50 to 54,Minimal,,South,"Automobile, Station Wagon",Going Ahead,Driving Properly,Normal,,,,,,,,,Yes,,,,,Yes,,Yes,,,,144,Morningside Heights,131,Rouge (131),D42,644874.843608757,4851258.02818753
5508,80945457,,6/23/2018 4:00:00 AM,15,MORNINGSIDE AVE,MILNER AVE,,Major Arterial,Scarborough,43.800208,-79.199046,At Intersection,Traffic Signal,Clear,Dark,Wet,Non-Fatal Injury,Turning Movement,Driver,15 to 19,Minimal,,East,"Automobile, Station Wagon",Stopped,Driving Properly,Normal,,,,,,,,,Yes,,,,,Yes,,Yes,,,,144,Morningside Heights,131,Rouge (131),D42,644874.843608757,4851258.02818753
5509,80945458,,6/23/2018 4:00:00 AM,15,MORNINGSIDE AVE,MILNER AVE,,Major Arterial,Scarborough,43.800208,-79.199046,At Intersection,Traffic Signal,Clear,Dark,Wet,Non-Fatal Injury,Turning Movement,Passenger,25 to 29,Minor,,,,,,,,,,,,,,,Yes,,,,,Yes,,Yes,,,,144,Morningside Heights,131,Rouge (131),D42,644874.843608757,4851258.02818753
5510,80945459,,6/23/2018 4:00:00 AM,15,MORNINGSIDE AVE,MILNER AVE,,Major Arterial,Scarborough,43.800208,-79.199046,At Intersection,Traffic Signal,Clear,Dark,Wet,Non-Fatal Injury,Turning Movement,Passenger,15 to 19,None,,,,,,,,,,,,,,,Yes,,,,,Yes,,Yes,,,,144,Morningside Heights,131,Rouge (131),D42,644874.843608757,4851258.02818753
5511,80945460,,6/23/2018 4:00:00 AM,15,MORNINGSIDE AVE,MILNER AVE,,Major Arterial,Scarborough,43.800208,-79.199046,At Intersection,Traffic Signal,Clear,Dark,Wet,Non-Fatal Injury,Turning Movement,Passenger,15 to 19,None,,,,,,,,,,,,,,,Yes,,,,,Yes,,Yes,,,,144,Morningside Heights,131,Rouge (131),D42,644874.843608757,4851258.02818753
5512,81163427,,6/23/2018 4:00:00 AM,36,MARKHAM RD,BRIMORTON DR,,Major Arterial,Scarborough,43.773425,-79.230647,Intersection Related,Traffic Signal,Rain,"Dark, artificial",Wet,Non-Fatal Injury,SMV Other,Driver,30 to 34,None,,North,"Automobile, Station Wagon",Turning Left,Lost control,"Ability Impaired, Alcohol Over .08",,,,,,,,,Yes,,,,,Yes,,Yes,,Yes,,141,Golfdale-Cedarbrae-Woburn,137,Woburn (137),D43,642396.30805751,4848228.51024184
5513,81163428,,6/23/2018 4:00:00 AM,36,MARKHAM RD,BRIMORTON DR,,Major Arterial,Scarborough,43.773425,-79.230647,Intersection Related,Traffic Signal,Rain,"Dark, artificial",Wet,Non-Fatal Injury,SMV Other,Passenger,35 to 39,Major,,,,,,,,,,,,,,,Yes,,,,,Yes,,Yes,,Yes,,141,Golfdale-Cedarbrae-Woburn,137,Woburn (137),D43,642396.30805751,4848228.51024184
5514,80946270,,7/4/2018 4:00:00 AM,2043,RAVENCLIFF CRES,BATTERSWOOD DR,40 m West of,Local,Scarborough,43.778926,-79.317661,Non Intersection,No Control,Clear,"Daylight, artificial",Wet,Non-Fatal Injury,Other,Driver,25 to 29,None,,East,"Automobile, Station Wagon",Going Ahead,Driving Properly,Normal,,,,,,,,,Yes,,,,,Yes,,,,,,118,Tam O'Shanter-Sullivan,118,Tam O'Shanter-Sullivan (118),D42,635380.989755954,4848693.50791385
5515,80946271,,7/4/2018 4:00:00 AM,2043,RAVENCLIFF CRES,BATTERSWOOD DR,40 m West of,Local,Scarborough,43.778926,-79.317661,Non Intersection,No Control,Clear,"Daylight, artificial",Wet,Non-Fatal Injury,Other,Passenger,25 to 29,Major,,,,,,,,,,,,,,,Yes,,,,,Yes,,,,,,118,Tam O'Shanter-Sullivan,118,Tam O'Shanter-Sullivan (118),D42,635380.989755954,4848693.50791385
5516,80946272,,7/4/2018 4:00:00 AM,2043,RAVENCLIFF CRES,BATTERSWOOD DR,40 m West of,Local,Scarborough,43.778926,-79.317661,Non Intersection,No Control,Clear,"Daylight, artificial",Wet,Non-Fatal Injury,Other,Passenger,0 to 4,None,,,,,,,,,,,,,,,Yes,,,,,Yes,,,,,,118,Tam O'Shanter-Sullivan,118,Tam O'Shanter-Sullivan (118),D42,635380.989755954,4848693.50791385
5517,80946880,,7/5/2018 4:00:00 AM,2235,RENFORTH DR,HWY 401 WB ON RAMP AVE,,Major Arterial,Etobicoke York,43.669337,-79.591533,At Intersection,Traffic Signal,Clear,"Dark, artificial",Dry,Non-Fatal Injury,Turning Movement,Truck Driver,75 to 79,None,,North,Truck-Tractor,Turning Left,Improper Turn,Fatigue,,,,,,,,,Yes,,Yes,,,Yes,Yes,Yes,,,,1,West Humber-Clairville,1,West Humber-Clairville (1),D23,613548.673502979,4836110.73501971
5518,80946881,,7/5/2018 4:00:00 AM,2235,RENFORTH DR,HWY 401 WB ON RAMP AVE,,Major Arterial,Etobicoke York,43.669337,-79.591533,At Intersection,Traffic Signal,Clear,"Dark, artificial",Dry,Non-Fatal Injury,Turning Movement,Driver,20 to 24,Major,,South,"Automobile, Station Wagon",Going Ahead,Exceeding Speed Limit,Normal,,,,,,,,,Yes,,Yes,,,Yes,Yes,Yes,,,,1,West Humber-Clairville,1,West Humber-Clairville (1),D23,613548.673502979,4836110.73501971
5519,80946882,,7/5/2018 4:00:00 AM,2235,RENFORTH DR,HWY 401 WB ON RAMP AVE,,Major Arterial,Etobicoke York,43.669337,-79.591533,At Intersection,Traffic Signal,Clear,"Dark, artificial",Dry,Non-Fatal Injury,Turning Movement,Passenger,20 to 24,Major,,,,,,,,,,,,,,,Yes,,Yes,,,Yes,Yes,Yes,,,,1,West Humber-Clairville,1,West Humber-Clairville (1),D23,613548.673502979,4836110.73501971
5520,80946883,,7/5/2018 4:00:00 AM,2235,RENFORTH DR,HWY 401 WB ON RAMP AVE,,Major Arterial,Etobicoke York,43.669337,-79.591533,At Intersection,Traffic Signal,Clear,"Dark, artificial",Dry,Non-Fatal Injury,Turning Movement,Passenger,20 to 24,Minor,,,,,,,,,,,,,,,Yes,,Yes,,,Yes,Yes,Yes,,,,1,West Humber-Clairville,1,West Humber-Clairville (1),D23,613548.673502979,4836110.73501971
5521,80946952,,7/9/2018 4:00:00 AM,2148,LN W HURON N BERNARD,BERNARD AVE,620 HURON ST,Laneway,Scarborough,43.673171,-79.404529,Laneway,No Control,Clear,"Dark, artificial",Dry,Non-Fatal Injury,Pedestrian Collisions,Driver,unknown,None,,South,"Automobile, Station Wagon",Going Ahead,Lost control,Unknown,,,,,,,Yes,,Yes,,,,,Yes,Yes,Yes,,,,95,Annex,95,Annex (95),D53,628616.625253982,4836809.50604212
5522,80946953,,7/9/2018 4:00:00 AM,2148,LN W HURON N BERNARD,BERNARD AVE,620 HURON ST,Laneway,Scarborough,43.673171,-79.404529,Laneway,No Control,Clear,"Dark, artificial",Dry,Non-Fatal Injury,Pedestrian Collisions,Driver,20 to 24,None,,North,"Automobile, Station Wagon",Reversing,Other,Unknown,,,,,,,Yes,,Yes,,,,,Yes,Yes,Yes,,,,95,Annex,95,Annex (95),D53,628616.625253982,4836809.50604212
5523,80946954,,7/9/2018 4:00:00 AM,2148,LN W HURON N BERNARD,BERNARD AVE,620 HURON ST,Laneway,Scarborough,43.673171,-79.404529,Laneway,No Control,Clear,"Dark, artificial",Dry,Non-Fatal Injury,Pedestrian Collisions,Pedestrian,25 to 29,Minor,,South,,,,,Pedestrian hit at mid-block,Walking on Roadway with Traffic,Had Been Drinking,,,,Yes,,Yes,,,,,Yes,Yes,Yes,,,,95,Annex,95,Annex (95),D53,628616.625253982,4836809.50604212
5524,80946955,,7/9/2018 4:00:00 AM,2148,LN W HURON N BERNARD,BERNARD AVE,620 HURON ST,Laneway,Scarborough,43.673171,-79.404529,Laneway,No Control,Clear,"Dark, artificial",Dry,Non-Fatal Injury,Pedestrian Collisions,Passenger,20 to 24,Major,,,,,,,,,,,,,Yes,,Yes,,,,,Yes,Yes,Yes,,,,95,Annex,95,Annex (95),D53,628616.625253982,4836809.50604212
5525,80947105,,7/13/2018 4:00:00 AM,2121,TRETHEWEY DR,YORKTOWN  DR,,Minor Arterial,Etobicoke York,43.692324,-79.477252,At Intersection,Stop Sign,Clear,"Dark, artificial",Dry,Non-Fatal Injury,Angle,Motorcycle Driver,30 to 34,Major,,South,Motorcycle,Going Ahead,Other,Normal,,,,,,,,,Yes,Yes,,,,Yes,,,,,,112,Beechborough-Greenbrook,112,Beechborough-Greenbrook (112),D12,622715.054542244,4838826.51585746
5526,80947106,,7/13/2018 4:00:00 AM,2121,TRETHEWEY DR,YORKTOWN  DR,,Minor Arterial,Etobicoke York,43.692324,-79.477252,At Intersection,Stop Sign,Clear,"Dark, artificial",Dry,Non-Fatal Injury,Angle,Driver,50 to 54,None,,West,"Automobile, Station Wagon",Going Ahead,Driving Properly,Normal,,,,,,,,,Yes,Yes,,,,Yes,,,,,,112,Beechborough-Greenbrook,112,Beechborough-Greenbrook (112),D12,622715.054542244,4838826.51585746
5527,80947107,,7/13/2018 4:00:00 AM,2121,TRETHEWEY DR,YORKTOWN  DR,,Minor Arterial,Etobicoke York,43.692324,-79.477252,At Intersection,Stop Sign,Clear,"Dark, artificial",Dry,Non-Fatal Injury,Angle,Passenger,10 to 14,None,,,,,,,,,,,,,,,Yes,Yes,,,,Yes,,,,,,112,Beechborough-Greenbrook,112,Beechborough-Greenbrook (112),D12,622715.054542244,4838826.51585746
5528,80947108,,7/13/2018 4:00:00 AM,2121,TRETHEWEY DR,YORKTOWN  DR,,Minor Arterial,Etobicoke York,43.692324,-79.477252,At Intersection,Stop Sign,Clear,"Dark, artificial",Dry,Non-Fatal Injury,Angle,Passenger,10 to 14,Minor,,,,,,,,,,,,,,,Yes,Yes,,,,Yes,,,,,,112,Beechborough-Greenbrook,112,Beechborough-Greenbrook (112),D12,622715.054542244,4838826.51585746
5529,80947909,,7/21/2018 4:00:00 AM,1548,DON MILLS  RD,THE DONWAY W,20 m South o,Major Arterial,North York,43.73215,-79.342075,At Intersection,Traffic Signal,Clear,Daylight,Dry,Non-Fatal Injury,Turning Movement,Passenger,70 to 74,Minor,,,,,,,,,,,,,,,Yes,,,,,Yes,,,,,,42,Banbury-Don Mills,42,Banbury-Don Mills (42),D33,633520.323203801,4843458.69266501
5530,80947910,,7/21/2018 4:00:00 AM,1548,DON MILLS  RD,THE DONWAY W,20 m South o,Major Arterial,North York,43.73215,-79.342075,At Intersection,Traffic Signal,Clear,Daylight,Dry,Non-Fatal Injury,Turning Movement,Passenger,60 to 64,Major,,,,,,,,,,,,,,,Yes,,,,,Yes,,,,,,42,Banbury-Don Mills,42,Banbury-Don Mills (42),D33,633520.323203801,4843458.69266501
5531,80947911,,7/21/2018 4:00:00 AM,1548,DON MILLS  RD,THE DONWAY W,20 m South o,Major Arterial,North York,43.73215,-79.342075,At Intersection,Traffic Signal,Clear,Daylight,Dry,Non-Fatal Injury,Turning Movement,Passenger,45 to 49,Minor,,,,,,,,,,,,,,,Yes,,,,,Yes,,,,,,42,Banbury-Don Mills,42,Banbury-Don Mills (42),D33,633520.323203801,4843458.69266501
5532,80947912,,7/21/2018 4:00:00 AM,1548,DON MILLS  RD,THE DONWAY W,20 m South o,Major Arterial,North York,43.73215,-79.342075,At Intersection,Traffic Signal,Clear,Daylight,Dry,Non-Fatal Injury,Turning Movement,Passenger,10 to 14,Minor,,,,,,,,,,,,,,,Yes,,,,,Yes,,,,,,42,Banbury-Don Mills,42,Banbury-Don Mills (42),D33,633520.323203801,4843458.69266501
5533,80947913,,7/21/2018 4:00:00 AM,1548,DON MILLS  RD,THE DONWAY W,20 m South o,Major Arterial,North York,43.73215,-79.342075,At Intersection,Traffic Signal,Clear,Daylight,Dry,Non-Fatal Injury,Turning Movement,Driver,40 to 44,None,,North,"Automobile, Station Wagon",Turning Left,Improper Turn,Normal,,,,,,,,,Yes,,,,,Yes,,,,,,42,Banbury-Don Mills,42,Banbury-Don Mills (42),D33,633520.323203801,4843458.69266501
5534,80947914,,7/21/2018 4:00:00 AM,1548,DON MILLS  RD,THE DONWAY W,20 m South o,Major Arterial,North York,43.73215,-79.342075,At Intersection,Traffic Signal,Clear,Daylight,Dry,Non-Fatal Injury,Turning Movement,Driver,25 to 29,Minor,,South,"Automobile, Station Wagon",Going Ahead,Driving Properly,Normal,,,,,,,,,Yes,,,,,Yes,,,,,,42,Banbury-Don Mills,42,Banbury-Don Mills (42),D33,633520.323203801,4843458.69266501
5535,80948217,,7/29/2018 4:00:00 AM,2122,LAKE SHORE BLVD E,WINNERS CRCL,60 m East of,Major Arterial,North York,43.663756,-79.307765,Non Intersection,No Control,Clear,Dark,Dry,Non-Fatal Injury,Pedestrian Collisions,Driver,60 to 64,None,,East,"Automobile, Station Wagon",Going Ahead,Driving Properly,Normal,,,,,,,Yes,,Yes,,,,,Yes,,,,,,70,South Riverdale,70,South Riverdale (70),D55,636438.535646161,4835918.43061891
5536,80948218,,7/29/2018 4:00:00 AM,2122,LAKE SHORE BLVD E,WINNERS CRCL,60 m East of,Major Arterial,North York,43.663756,-79.307765,Non Intersection,No Control,Clear,Dark,Dry,Non-Fatal Injury,Pedestrian Collisions,Passenger,50 to 54,None,,,,,,,,,,,,,Yes,,Yes,,,,,Yes,,,,,,70,South Riverdale,70,South Riverdale (70),D55,636438.535646161,4835918.43061891
5537,80948219,,7/29/2018 4:00:00 AM,2122,LAKE SHORE BLVD E,WINNERS CRCL,60 m East of,Major Arterial,North York,43.663756,-79.307765,Non Intersection,No Control,Clear,Dark,Dry,Non-Fatal Injury,Pedestrian Collisions,Pedestrian,45 to 49,Major,,North,,,,,Pedestrian hit at mid-block,"Crossing, no Traffic Control",Normal,,,,Yes,,Yes,,,,,Yes,,,,,,70,South Riverdale,70,South Riverdale (70),D55,636438.535646161,4835918.43061891
5538,81239017,,7/30/2018 4:00:00 AM,1755,STEELES AVE W,YONGE ST,260 m West o,Major Arterial,North York,43.797373,-79.422603,Non Intersection,No Control,Clear,Daylight,Dry,Non-Fatal Injury,Pedestrian Collisions,Driver,40 to 44,None,,East,"Automobile, Station Wagon",Going Ahead,Driving Properly,Normal,,,,,,,Yes,,Yes,,,,,Yes,,,,,,36,Newtonbrook West,36,Newtonbrook West (36),D32,626896.988387161,4850576.07832141
5539,81239018,,7/30/2018 4:00:00 AM,1755,STEELES AVE W,YONGE ST,260 m West o,Major Arterial,North York,43.797373,-79.422603,Non Intersection,No Control,Clear,Daylight,Dry,Non-Fatal Injury,Pedestrian Collisions,Pedestrian,45 to 49,Major,,North,,,,,Pedestrian hit at mid-block,"Crossing, no Traffic Control",Inattentive,,,,Yes,,Yes,,,,,Yes,,,,,,36,Newtonbrook West,36,Newtonbrook West (36),D32,626896.988387161,4850576.07832141
5540,81239019,,7/30/2018 4:00:00 AM,1755,STEELES AVE W,YONGE ST,260 m West o,Major Arterial,North York,43.797373,-79.422603,Non Intersection,No Control,Clear,Daylight,Dry,Non-Fatal Injury,Pedestrian Collisions,Passenger,40 to 44,None,,,,,,,,,,,,,Yes,,Yes,,,,,Yes,,,,,,36,Newtonbrook West,36,Newtonbrook West (36),D32,626896.988387161,4850576.07832141
5541,80949868,,8/4/2018 4:00:00 AM,2137,123 CALEDONIA  RD,,50 m North o,Minor Arterial,Etobicoke York,43.678824,-79.456218,At/Near Private Drive,No Control,Clear,"Dark, artificial",Dry,Non-Fatal Injury,Pedestrian Collisions,Driver,55 to 59,None,,North,Delivery Van,Going Ahead,Driving Properly,Normal,,,,,,,Yes,,Yes,,,,,Yes,,,,,,92,Corso Italia-Davenport,92,Corso Italia-Davenport (92),D13,624438.065618221,4837358.50056127
5542,80949869,,8/4/2018 4:00:00 AM,2137,123 CALEDONIA  RD,,50 m North o,Minor Arterial,Etobicoke York,43.678824,-79.456218,At/Near Private Drive,No Control,Clear,"Dark, artificial",Dry,Non-Fatal Injury,Pedestrian Collisions,Pedestrian,20 to 24,Major,,East,,,,,Pedestrian hit at mid-block,"Crossing, no Traffic Control",Inattentive,,,,Yes,,Yes,,,,,Yes,,,,,,92,Corso Italia-Davenport,92,Corso Italia-Davenport (92),D13,624438.065618221,4837358.50056127
5543,80949870,,8/4/2018 4:00:00 AM,2137,123 CALEDONIA  RD,,50 m North o,Minor Arterial,Etobicoke York,43.678824,-79.456218,At/Near Private Drive,No Control,Clear,"Dark, artificial",Dry,Non-Fatal Injury,Pedestrian Collisions,Passenger,55 to 59,None,,,,,,,,,,,,,Yes,,Yes,,,,,Yes,,,,,,92,Corso Italia-Davenport,92,Corso Italia-Davenport (92),D13,624438.065618221,4837358.50056127
5544,80948466,,8/6/2018 4:00:00 AM,1207,QUEEN ST W,DUNN AVE,,Major Arterial,Toronto and East York,43.640952,-79.434474,At Intersection,Traffic Signal,Clear,Daylight,Dry,Non-Fatal Injury,Pedestrian Collisions,Truck Driver,50 to 54,None,,West,"Truck - Closed (Blazer, etc)",Going Ahead,Driving Properly,Normal,,,,,,,Yes,,,,Yes,,,Yes,,,,,,85,South Parkdale,85,South Parkdale (85),D14,626270.14182915,4833185.16919208
5545,80948467,,8/6/2018 4:00:00 AM,1207,QUEEN ST W,DUNN AVE,,Major Arterial,Toronto and East York,43.640952,-79.434474,At Intersection,Traffic Signal,Clear,Daylight,Dry,Non-Fatal Injury,Pedestrian Collisions,Passenger,55 to 59,None,,,,,,,,,,,,,Yes,,,,Yes,,,Yes,,,,,,85,South Parkdale,85,South Parkdale (85),D14,626270.14182915,4833185.16919208
5546,80948468,,8/6/2018 4:00:00 AM,1207,QUEEN ST W,DUNN AVE,,Major Arterial,Toronto and East York,43.640952,-79.434474,At Intersection,Traffic Signal,Clear,Daylight,Dry,Non-Fatal Injury,Pedestrian Collisions,Pedestrian,65 to 69,Major,,South,,,,,Vehicle is going straight thru inter.while ped cross without ROW,Crossing without right of way,Normal,,,,Yes,,,,Yes,,,Yes,,,,,,85,South Parkdale,85,South Parkdale (85),D14,626270.14182915,4833185.16919208
5547,80948540,,8/8/2018 4:00:00 AM,244,QUEEN ST W,BELLWOODS AVE,10 m West of,Major Arterial,Toronto and East York,43.645774,-79.410747,Intersection Related,No Control,Rain,"Dark, artificial",Wet,Non-Fatal Injury,Pedestrian Collisions,Driver,45 to 49,None,,West,Fire Vehicle,Going Ahead,Driving Properly,Normal,,,,,,,Yes,,,,,,Yes,Yes,,,,,,162,West Queen West,82,Niagara (82),D14,628173.647444705,4833757.08503186
5548,80948541,,8/8/2018 4:00:00 AM,244,QUEEN ST W,BELLWOODS AVE,10 m West of,Major Arterial,Toronto and East York,43.645774,-79.410747,Intersection Related,No Control,Rain,"Dark, artificial",Wet,Non-Fatal Injury,Pedestrian Collisions,Passenger,50 to 54,None,,,,,,,,,,,,,Yes,,,,,,Yes,Yes,,,,,,162,West Queen West,82,Niagara (82),D14,628173.647444705,4833757.08503186
5549,80948542,,8/8/2018 4:00:00 AM,244,QUEEN ST W,BELLWOODS AVE,10 m West of,Major Arterial,Toronto and East York,43.645774,-79.410747,Intersection Related,No Control,Rain,"Dark, artificial",Wet,Non-Fatal Injury,Pedestrian Collisions,Passenger,45 to 49,None,,,,,,,,,,,,,Yes,,,,,,Yes,Yes,,,,,,162,West Queen West,82,Niagara (82),D14,628173.647444705,4833757.08503186
5550,80948543,,8/8/2018 4:00:00 AM,244,QUEEN ST W,BELLWOODS AVE,10 m West of,Major Arterial,Toronto and East York,43.645774,-79.410747,Intersection Related,No Control,Rain,"Dark, artificial",Wet,Non-Fatal Injury,Pedestrian Collisions,Pedestrian,30 to 34,Major,,South,,,,,Vehicle hits the pedestrian walking or running out from between parked vehicles at mid-block,Coming From Behind Parked Vehicle,Other,,,,Yes,,,,,,Yes,Yes,,,,,,162,West Queen West,82,Niagara (82),D14,628173.647444705,4833757.08503186
5551,80948881,,8/11/2018 4:00:00 AM,1420,EGLINTON AVE W,SCARLETT RD,,Major Arterial,Etobicoke York,43.68389,-79.511417,At Intersection,Traffic Signal,Clear,Daylight,Dry,Non-Fatal Injury,Pedestrian Collisions,Driver,45 to 49,Minor,,North,"Automobile, Station Wagon",Stopped,Driving Properly,Normal,,,,,,,Yes,,Yes,,,,,Yes,,Yes,,,,9,Edenbridge-Humber Valley,9,Edenbridge-Humber Valley (9),D22,619978.559984694,4837839.81415601
5552,80948882,,8/11/2018 4:00:00 AM,1420,EGLINTON AVE W,SCARLETT RD,,Major Arterial,Etobicoke York,43.68389,-79.511417,At Intersection,Traffic Signal,Clear,Daylight,Dry,Non-Fatal Injury,Pedestrian Collisions,Driver,45 to 49,None,,North,"Automobile, Station Wagon",Stopped,Driving Properly,Normal,,,,,,,Yes,,Yes,,,,,Yes,,Yes,,,,9,Edenbridge-Humber Valley,9,Edenbridge-Humber Valley (9),D22,619978.559984694,4837839.81415601
5553,80948883,,8/11/2018 4:00:00 AM,1420,EGLINTON AVE W,SCARLETT RD,,Major Arterial,Etobicoke York,43.68389,-79.511417,At Intersection,Traffic Signal,Clear,Daylight,Dry,Non-Fatal Injury,Pedestrian Collisions,Passenger,25 to 29,Minor,,,,,,,,,,,,,Yes,,Yes,,,,,Yes,,Yes,,,,9,Edenbridge-Humber Valley,9,Edenbridge-Humber Valley (9),D22,619978.559984694,4837839.81415601
5554,80948884,,8/11/2018 4:00:00 AM,1420,EGLINTON AVE W,SCARLETT RD,,Major Arterial,Etobicoke York,43.68389,-79.511417,At Intersection,Traffic Signal,Clear,Daylight,Dry,Non-Fatal Injury,Pedestrian Collisions,Passenger,0 to 4,Minor,,,,,,,,,,,,,Yes,,Yes,,,,,Yes,,Yes,,,,9,Edenbridge-Humber Valley,9,Edenbridge-Humber Valley (9),D22,619978.559984694,4837839.81415601
5555,80948885,,8/11/2018 4:00:00 AM,1420,EGLINTON AVE W,SCARLETT RD,,Major Arterial,Etobicoke York,43.68389,-79.511417,At Intersection,Traffic Signal,Clear,Daylight,Dry,Non-Fatal Injury,Pedestrian Collisions,Passenger,0 to 4,Minor,,,,,,,,,,,,,Yes,,Yes,,,,,Yes,,Yes,,,,9,Edenbridge-Humber Valley,9,Edenbridge-Humber Valley (9),D22,619978.559984694,4837839.81415601
5556,80948886,,8/11/2018 4:00:00 AM,1420,EGLINTON AVE W,SCARLETT RD,,Major Arterial,Etobicoke York,43.68389,-79.511417,At Intersection,Traffic Signal,Clear,Daylight,Dry,Non-Fatal Injury,Pedestrian Collisions,Pedestrian,30 to 34,Minor,,Unknown,,,,,Pedestrian hit on sidewalk or shoulder,On Sidewalk or Shoulder,Normal,,,,Yes,,Yes,,,,,Yes,,Yes,,,,9,Edenbridge-Humber Valley,9,Edenbridge-Humber Valley (9),D22,619978.559984694,4837839.81415601
5557,80948887,,8/11/2018 4:00:00 AM,1420,EGLINTON AVE W,SCARLETT RD,,Major Arterial,Etobicoke York,43.68389,-79.511417,At Intersection,Traffic Signal,Clear,Daylight,Dry,Non-Fatal Injury,Pedestrian Collisions,Driver,25 to 29,None,,West,"Automobile, Station Wagon",Turning Left,Failed to Yield Right of Way,Normal,,,,,,,Yes,,Yes,,,,,Yes,,Yes,,,,9,Edenbridge-Humber Valley,9,Edenbridge-Humber Valley (9),D22,619978.559984694,4837839.81415601
5558,80948888,,8/11/2018 4:00:00 AM,1420,EGLINTON AVE W,SCARLETT RD,,Major Arterial,Etobicoke York,43.68389,-79.511417,At Intersection,Traffic Signal,Clear,Daylight,Dry,Non-Fatal Injury,Pedestrian Collisions,Driver,25 to 29,Major,,East,"Automobile, Station Wagon",Going Ahead,Driving Properly,Normal,,,,,,,Yes,,Yes,,,,,Yes,,Yes,,,,9,Edenbridge-Humber Valley,9,Edenbridge-Humber Valley (9),D22,619978.559984694,4837839.81415601
5559,80949009,,8/12/2018 4:00:00 AM,26,DUFFERIN ST,GIBSON ST,60 m South o,Major Arterial,Toronto and East York,43.689715,-79.447826,Non Intersection,No Control,Clear,"Dark, artificial",Dry,Non-Fatal Injury,Approaching,Motorcycle Driver,30 to 34,Major,,North,Motorcycle,Overtaking,Improper Passing,Unknown,,,,,,,,,Yes,Yes,,,,Yes,Yes,Yes,,,,109,Caledonia-Fairbank,109,Caledonia-Fairbank (109),D13,625091.879018774,4838580.71843823
5560,80949010,,8/12/2018 4:00:00 AM,26,DUFFERIN ST,GIBSON ST,60 m South o,Major Arterial,Toronto and East York,43.689715,-79.447826,Non Intersection,No Control,Clear,"Dark, artificial",Dry,Non-Fatal Injury,Approaching,Driver,30 to 34,Minor,,South,"Automobile, Station Wagon",Going Ahead,Driving Properly,Normal,,,,,,,,,Yes,Yes,,,,Yes,Yes,Yes,,,,109,Caledonia-Fairbank,109,Caledonia-Fairbank (109),D13,625091.879018774,4838580.71843823