OBJECTID,INDEX,ACCNUM,DATE,TIME,STREET1,STREET2,OFFSET,ROAD_CLASS,DISTRICT,LATITUDE,LONGITUDE,ACCLOC,TRAFFCTL,VISIBILITY,LIGHT,RDSFCOND,ACCLASS,IMPACTYPE,INVTYPE,INVAGE,INJURY,FATAL_NO,INITDIR,VEHTYPE,MANOEUVER,DRIVACT,DRIVCOND,PEDTYPE,PEDACT,PEDCOND,CYCLISTYPE,CYCACT,CYCCOND,PEDESTRIAN,CYCLIST,AUTOMOBILE,MOTORCYCLE,TRUCK,TRSN_CITY_VEH,EMERG_VEH,PASSENGER,SPEEDING,AG_DRIV,REDLIGHT,ALCOHOL,DISABILITY,HOOD_158,NEIGHBOURHOOD_158,HOOD_140,NEIGHBOURHOOD_140,DIVISION,x,y
5798,81146965,,2/26/2019 5:00:00 AM,835,DON MILLS RD,BOND AVE,10 m South o,Major Arterial,North York,43.746276,-79.345851,At Intersection,No Control,Clear,Daylight,Dry,Non-Fatal Injury,Turning Movement,Driver,60 to 64,None,,North,"Automobile, Station Wagon",Turning Left,Improper Turn,Normal,,,,,,,,,Yes,,,,,Yes,,,,,,42,Banbury-Don Mills,42,Banbury-Don Mills (42),D33,633184.896929371,4845021.51623912
5799,81146966,,2/26/2019 5:00:00 AM,835,DON MILLS RD,BOND AVE,10 m South o,Major Arterial,North York,43.746276,-79.345851,At Intersection,No Control,Clear,Daylight,Dry,Non-Fatal Injury,Turning Movement,Driver,20 to 24,None,,South,"Automobile, Station Wagon",Slowing or Stopping,Driving Properly,Normal,,,,,,,,,Yes,,,,,Yes,,,,,,42,Banbury-Don Mills,42,Banbury-Don Mills (42),D33,633184.896929371,4845021.51623912
5800,81146967,,2/26/2019 5:00:00 AM,835,DON MILLS RD,BOND AVE,10 m South o,Major Arterial,North York,43.746276,-79.345851,At Intersection,No Control,Clear,Daylight,Dry,Non-Fatal Injury,Turning Movement,Passenger,25 to 29,Major,,,,,,,,,,,,,,,Yes,,,,,Yes,,,,,,42,Banbury-Don Mills,42,Banbury-Don Mills (42),D33,633184.896929371,4845021.51623912
5801,81116798,,2/27/2019 5:00:00 AM,602,2930 FINCH AVE E,,,Major Arterial,Scarborough,43.793738,-79.328258,Non Intersection,No Control,Clear,Daylight,Dry,Non-Fatal Injury,Pedestrian Collisions,Driver,65 to 69,None,,East,"Automobile, Station Wagon",Going Ahead,Driving Properly,Normal,,,,,,,Yes,,Yes,,,,,Yes,,,,,,147,L'Amoreaux West,117,L'Amoreaux (117),D42,634494.996406396,4850321.33834973
5802,81116799,,2/27/2019 5:00:00 AM,602,2930 FINCH AVE E,,,Major Arterial,Scarborough,43.793738,-79.328258,Non Intersection,No Control,Clear,Daylight,Dry,Non-Fatal Injury,Pedestrian Collisions,Passenger,65 to 69,None,,,,,,,,,,,,,Yes,,Yes,,,,,Yes,,,,,,147,L'Amoreaux West,117,L'Amoreaux (117),D42,634494.996406396,4850321.33834973
5803,81116800,,2/27/2019 5:00:00 AM,602,2930 FINCH AVE E,,,Major Arterial,Scarborough,43.793738,-79.328258,Non Intersection,No Control,Clear,Daylight,Dry,Non-Fatal Injury,Pedestrian Collisions,Pedestrian,30 to 34,Major,,North,,,,,Pedestrian hit at mid-block,"Crossing, no Traffic Control",Inattentive,,,,Yes,,Yes,,,,,Yes,,,,,,147,L'Amoreaux West,117,L'Amoreaux (117),D42,634494.996406396,4850321.33834973
5804,81075417,,3/1/2019 5:00:00 AM,1609,2721 VICTORIA PARK AVE,,,Major Arterial,Scarborough,43.776492,-79.323627,Non Intersection,No Control,Clear,Daylight,Dry,Non-Fatal Injury,Pedestrian Collisions,Driver,15 to 19,None,,North,"Automobile, Station Wagon",Going Ahead,Driving Properly,Normal,,,,,,,Yes,,Yes,,,,,Yes,,,,,,46,Pleasant View,46,Pleasant View (46),D33,634906.363336675,4848413.435568
5805,81075418,,3/1/2019 5:00:00 AM,1609,2721 VICTORIA PARK AVE,,,Major Arterial,Scarborough,43.776492,-79.323627,Non Intersection,No Control,Clear,Daylight,Dry,Non-Fatal Injury,Pedestrian Collisions,Pedestrian,65 to 69,Major,,West,,,,,Pedestrian hit at mid-block,"Crossing, no Traffic Control",Inattentive,,,,Yes,,Yes,,,,,Yes,,,,,,46,Pleasant View,46,Pleasant View (46),D33,634906.363336675,4848413.435568
5806,81075419,,3/1/2019 5:00:00 AM,1609,2721 VICTORIA PARK AVE,,,Major Arterial,Scarborough,43.776492,-79.323627,Non Intersection,No Control,Clear,Daylight,Dry,Non-Fatal Injury,Pedestrian Collisions,Passenger,15 to 19,None,,,,,,,,,,,,,Yes,,Yes,,,,,Yes,,,,,,46,Pleasant View,46,Pleasant View (46),D33,634906.363336675,4848413.435568
5807,81075420,,3/1/2019 5:00:00 AM,1609,2721 VICTORIA PARK AVE,,,Major Arterial,Scarborough,43.776492,-79.323627,Non Intersection,No Control,Clear,Daylight,Dry,Non-Fatal Injury,Pedestrian Collisions,Passenger,15 to 19,None,,,,,,,,,,,,,Yes,,Yes,,,,,Yes,,,,,,46,Pleasant View,46,Pleasant View (46),D33,634906.363336675,4848413.435568
5808,81075421,,3/1/2019 5:00:00 AM,1609,2721 VICTORIA PARK AVE,,,Major Arterial,Scarborough,43.776492,-79.323627,Non Intersection,No Control,Clear,Daylight,Dry,Non-Fatal Injury,Pedestrian Collisions,Passenger,15 to 19,None,,,,,,,,,,,,,Yes,,Yes,,,,,Yes,,,,,,46,Pleasant View,46,Pleasant View (46),D33,634906.363336675,4848413.435568
5809,81075422,,3/1/2019 5:00:00 AM,1609,2721 VICTORIA PARK AVE,,,Major Arterial,Scarborough,43.776492,-79.323627,Non Intersection,No Control,Clear,Daylight,Dry,Non-Fatal Injury,Pedestrian Collisions,Passenger,15 to 19,None,,,,,,,,,,,,,Yes,,Yes,,,,,Yes,,,,,,46,Pleasant View,46,Pleasant View (46),D33,634906.363336675,4848413.435568
5810,81153390,,3/9/2019 5:00:00 AM,231,LAKE SHORE BLVD W,BAY ST,3 m East of,Major Arterial,Toronto and East York,43.642932,-79.37778,At Intersection,Traffic Signal,Clear,"Dark, artificial",Dry,Non-Fatal Injury,Rear End,Driver,35 to 39,Minor,,West,"Automobile, Station Wagon",Going Ahead,Lost control,"Ability Impaired, Alcohol Over .08",,,,,,,,,Yes,,,,,Yes,,Yes,,Yes,,166,St Lawrence-East Bayfront-The Islands,77,Waterfront Communities-The Island (77),D52,630838.641873541,4833492.88723067
5811,81153391,,3/9/2019 5:00:00 AM,231,LAKE SHORE BLVD W,BAY ST,3 m East of,Major Arterial,Toronto and East York,43.642932,-79.37778,At Intersection,Traffic Signal,Clear,"Dark, artificial",Dry,Non-Fatal Injury,Rear End,Driver,50 to 54,Minor,,West,"Automobile, Station Wagon",Stopped,Driving Properly,Normal,,,,,,,,,Yes,,,,,Yes,,Yes,,Yes,,166,St Lawrence-East Bayfront-The Islands,77,Waterfront Communities-The Island (77),D52,630838.641873541,4833492.88723067
5812,81153392,,3/9/2019 5:00:00 AM,231,LAKE SHORE BLVD W,BAY ST,3 m East of,Major Arterial,Toronto and East York,43.642932,-79.37778,At Intersection,Traffic Signal,Clear,"Dark, artificial",Dry,Non-Fatal Injury,Rear End,Passenger,15 to 19,Major,,,,,,,,,,,,,,,Yes,,,,,Yes,,Yes,,Yes,,166,St Lawrence-East Bayfront-The Islands,77,Waterfront Communities-The Island (77),D52,630838.641873541,4833492.88723067
5813,81153393,,3/9/2019 5:00:00 AM,231,LAKE SHORE BLVD W,BAY ST,3 m East of,Major Arterial,Toronto and East York,43.642932,-79.37778,At Intersection,Traffic Signal,Clear,"Dark, artificial",Dry,Non-Fatal Injury,Rear End,Passenger,15 to 19,Minor,,,,,,,,,,,,,,,Yes,,,,,Yes,,Yes,,Yes,,166,St Lawrence-East Bayfront-The Islands,77,Waterfront Communities-The Island (77),D52,630838.641873541,4833492.88723067
5814,81153394,,3/9/2019 5:00:00 AM,231,LAKE SHORE BLVD W,BAY ST,3 m East of,Major Arterial,Toronto and East York,43.642932,-79.37778,At Intersection,Traffic Signal,Clear,"Dark, artificial",Dry,Non-Fatal Injury,Rear End,Passenger,20 to 24,Minor,,,,,,,,,,,,,,,Yes,,,,,Yes,,Yes,,Yes,,166,St Lawrence-East Bayfront-The Islands,77,Waterfront Communities-The Island (77),D52,630838.641873541,4833492.88723067
5815,81153395,,3/9/2019 5:00:00 AM,231,LAKE SHORE BLVD W,BAY ST,3 m East of,Major Arterial,Toronto and East York,43.642932,-79.37778,At Intersection,Traffic Signal,Clear,"Dark, artificial",Dry,Non-Fatal Injury,Rear End,Passenger,15 to 19,Minor,,,,,,,,,,,,,,,Yes,,,,,Yes,,Yes,,Yes,,166,St Lawrence-East Bayfront-The Islands,77,Waterfront Communities-The Island (77),D52,630838.641873541,4833492.88723067
5816,81469239,,3/12/2019 4:00:00 AM,44,DANFORTH AVE,BYNG AVE,8 m North of,Major Arterial,Scarborough,43.692969,-79.280025,At Intersection,Traffic Signal,Clear,Dark,Dry,Non-Fatal Injury,Approaching,Driver,35 to 39,Minor,,West,"Automobile, Station Wagon",Going Ahead,Lost control,Normal,,,,,,,,,Yes,,,,,Yes,,Yes,,,,121,Oakridge,121,Oakridge (121),D41,638607.850582387,4839208.93566032
5817,81469240,,3/12/2019 4:00:00 AM,44,DANFORTH AVE,BYNG AVE,8 m North of,Major Arterial,Scarborough,43.692969,-79.280025,At Intersection,Traffic Signal,Clear,Dark,Dry,Non-Fatal Injury,Approaching,Driver,45 to 49,Minor,,East,"Automobile, Station Wagon",Going Ahead,Driving Properly,Normal,,,,,,,,,Yes,,,,,Yes,,Yes,,,,121,Oakridge,121,Oakridge (121),D41,638607.850582387,4839208.93566032
5818,81469241,,3/12/2019 4:00:00 AM,44,DANFORTH AVE,BYNG AVE,8 m North of,Major Arterial,Scarborough,43.692969,-79.280025,At Intersection,Traffic Signal,Clear,Dark,Dry,Non-Fatal Injury,Approaching,Passenger,35 to 39,Major,,,,,,,,,,,,,,,Yes,,,,,Yes,,Yes,,,,121,Oakridge,121,Oakridge (121),D41,638607.850582387,4839208.93566032
5819,81262850,,3/13/2019 4:00:00 AM,555,STEELES AVE E,SEWELLS RD,159 m West o,Minor Arterial,Scarborough,43.845545,-79.211932,Non Intersection,No Control,Clear,Dark,Ice,Non-Fatal Injury,Approaching,Driver,50 to 54,Minor,,East,"Automobile, Station Wagon",Going Ahead,Speed too Fast For Condition,Inattentive,,,,,,,,,Yes,,,,,Yes,Yes,Yes,,,,144,Morningside Heights,131,Rouge (131),D42,643729.390788801,4856270.97692461
5820,81262851,,3/13/2019 4:00:00 AM,555,STEELES AVE E,SEWELLS RD,159 m West o,Minor Arterial,Scarborough,43.845545,-79.211932,Non Intersection,No Control,Clear,Dark,Ice,Non-Fatal Injury,Approaching,Driver,50 to 54,Major,,West,"Automobile, Station Wagon",Going Ahead,Driving Properly,Normal,,,,,,,,,Yes,,,,,Yes,Yes,Yes,,,,144,Morningside Heights,131,Rouge (131),D42,643729.390788801,4856270.97692461
5821,81262852,,3/13/2019 4:00:00 AM,555,STEELES AVE E,SEWELLS RD,159 m West o,Minor Arterial,Scarborough,43.845545,-79.211932,Non Intersection,No Control,Clear,Dark,Ice,Non-Fatal Injury,Approaching,Passenger,40 to 44,Minimal,,,,,,,,,,,,,,,Yes,,,,,Yes,Yes,Yes,,,,144,Morningside Heights,131,Rouge (131),D42,643729.390788801,4856270.97692461
5822,81262853,,3/13/2019 4:00:00 AM,555,STEELES AVE E,SEWELLS RD,159 m West o,Minor Arterial,Scarborough,43.845545,-79.211932,Non Intersection,No Control,Clear,Dark,Ice,Non-Fatal Injury,Approaching,Passenger,50 to 54,Major,,,,,,,,,,,,,,,Yes,,,,,Yes,Yes,Yes,,,,144,Morningside Heights,131,Rouge (131),D42,643729.390788801,4856270.97692461
5823,81262854,,3/13/2019 4:00:00 AM,555,STEELES AVE E,SEWELLS RD,159 m West o,Minor Arterial,Scarborough,43.845545,-79.211932,Non Intersection,No Control,Clear,Dark,Ice,Non-Fatal Injury,Approaching,Passenger,50 to 54,Minor,,,,,,,,,,,,,,,Yes,,,,,Yes,Yes,Yes,,,,144,Morningside Heights,131,Rouge (131),D42,643729.390788801,4856270.97692461
5824,81270014,,3/17/2019 4:00:00 AM,630,KING ST E,PARLIAMENT ST,36 m West of,Major Arterial,Toronto and East York,43.65232,-79.363742,Non Intersection,No Control,Clear,"Dark, artificial",Dry,Non-Fatal Injury,SMV Other,Driver,20 to 24,None,,East,"Automobile, Station Wagon",Going Ahead,Lost control,Unknown,,,,,,,,,Yes,,,,,Yes,Yes,Yes,,,,73,Moss Park,73,Moss Park (73),D51,631950.318175074,4834557.7740175
5825,81270015,,3/17/2019 4:00:00 AM,630,KING ST E,PARLIAMENT ST,36 m West of,Major Arterial,Toronto and East York,43.65232,-79.363742,Non Intersection,No Control,Clear,"Dark, artificial",Dry,Non-Fatal Injury,SMV Other,Passenger,20 to 24,Major,,,,,,,,,,,,,,,Yes,,,,,Yes,Yes,Yes,,,,73,Moss Park,73,Moss Park (73),D51,631950.318175074,4834557.7740175
5826,81270016,,3/17/2019 4:00:00 AM,630,KING ST E,PARLIAMENT ST,36 m West of,Major Arterial,Toronto and East York,43.65232,-79.363742,Non Intersection,No Control,Clear,"Dark, artificial",Dry,Non-Fatal Injury,SMV Other,Passenger,15 to 19,None,,,,,,,,,,,,,,,Yes,,,,,Yes,Yes,Yes,,,,73,Moss Park,73,Moss Park (73),D51,631950.318175074,4834557.7740175
5827,81162687,,3/18/2019 4:00:00 AM,1545,LESLIE ST,FINCH AVE E,,Major Arterial,North York,43.789939,-79.36803,At Intersection,Traffic Signal,Clear,Daylight,Dry,Non-Fatal Injury,Pedestrian Collisions,Driver,50 to 54,None,,North,"Automobile, Station Wagon",Going Ahead,Driving Properly,Normal,,,,,,,Yes,,Yes,,,,,Yes,,,,,,47,Don Valley Village,47,Don Valley Village (47),D33,631303.54750991,4849835.53890694
5828,81162688,,3/18/2019 4:00:00 AM,1545,LESLIE ST,FINCH AVE E,,Major Arterial,North York,43.789939,-79.36803,At Intersection,Traffic Signal,Clear,Daylight,Dry,Non-Fatal Injury,Pedestrian Collisions,Passenger,45 to 49,None,,,,,,,,,,,,,Yes,,Yes,,,,,Yes,,,,,,47,Don Valley Village,47,Don Valley Village (47),D33,631303.54750991,4849835.53890694
5829,81162689,,3/18/2019 4:00:00 AM,1545,LESLIE ST,FINCH AVE E,,Major Arterial,North York,43.789939,-79.36803,At Intersection,Traffic Signal,Clear,Daylight,Dry,Non-Fatal Injury,Pedestrian Collisions,Pedestrian,10 to 14,Major,,East,,,,,Vehicle is going straight thru inter.while ped cross without ROW,Crossing without right of way,Inattentive,,,,Yes,,Yes,,,,,Yes,,,,,,47,Don Valley Village,47,Don Valley Village (47),D33,631303.54750991,4849835.53890694
5830,81163665,,3/20/2019 4:00:00 AM,1222,NORTH QUEEN ST,MEDULLA AVE,,Minor Arterial,Etobicoke York,43.621302,-79.545421,At Intersection,No Control,Clear,Daylight,Dry,Non-Fatal Injury,Pedestrian Collisions,Driver,40 to 44,None,,East,"Automobile, Station Wagon",Going Ahead,Driving Properly,Normal,,,,,,,Yes,,Yes,,,,,Yes,,,,,,159,Etobicoke City Centre,14,Islington-City Centre West (14),D22,617359.685726788,4830839.99001628
5831,81163666,,3/20/2019 4:00:00 AM,1222,NORTH QUEEN ST,MEDULLA AVE,,Minor Arterial,Etobicoke York,43.621302,-79.545421,At Intersection,No Control,Clear,Daylight,Dry,Non-Fatal Injury,Pedestrian Collisions,Passenger,30 to 34,None,,,,,,,,,,,,,Yes,,Yes,,,,,Yes,,,,,,159,Etobicoke City Centre,14,Islington-City Centre West (14),D22,617359.685726788,4830839.99001628
5832,81163667,,3/20/2019 4:00:00 AM,1222,NORTH QUEEN ST,MEDULLA AVE,,Minor Arterial,Etobicoke York,43.621302,-79.545421,At Intersection,No Control,Clear,Daylight,Dry,Non-Fatal Injury,Pedestrian Collisions,Pedestrian,60 to 64,Major,,South,,,,,Vehicle is going straight thru inter.while ped cross without ROW,"Crossing, no Traffic Control",Normal,,,,Yes,,Yes,,,,,Yes,,,,,,159,Etobicoke City Centre,14,Islington-City Centre West (14),D22,617359.685726788,4830839.99001628
5833,81162870,,3/20/2019 4:00:00 AM,1822,BLOOR ST W,AVENUE RD,43 m East of,Major Arterial,Toronto and East York,43.668784,-79.393413,Non Intersection,No Control,Clear,Daylight,Dry,Non-Fatal Injury,Turning Movement,Driver,35 to 39,None,,West,"Automobile, Station Wagon",Making U Turn,Improper Turn,Inattentive,,,,,,,,,Yes,,,,,Yes,,,,,,169,Bay-Cloverhill,76,Bay Street Corridor (76),D52,629522.171328707,4836339.56652221
5834,81162871,,3/20/2019 4:00:00 AM,1822,BLOOR ST W,AVENUE RD,43 m East of,Major Arterial,Toronto and East York,43.668784,-79.393413,Non Intersection,No Control,Clear,Daylight,Dry,Non-Fatal Injury,Turning Movement,Driver,50 to 54,Major,,East,"Automobile, Station Wagon",Going Ahead,Driving Properly,Normal,,,,,,,,,Yes,,,,,Yes,,,,,,169,Bay-Cloverhill,76,Bay Street Corridor (76),D52,629522.171328707,4836339.56652221
5835,81162872,,3/20/2019 4:00:00 AM,1822,BLOOR ST W,AVENUE RD,43 m East of,Major Arterial,Toronto and East York,43.668784,-79.393413,Non Intersection,No Control,Clear,Daylight,Dry,Non-Fatal Injury,Turning Movement,Passenger,20 to 24,None,,,,,,,,,,,,,,,Yes,,,,,Yes,,,,,,169,Bay-Cloverhill,76,Bay Street Corridor (76),D52,629522.171328707,4836339.56652221
5836,81151420,,3/23/2019 4:00:00 AM,1112,EGLINTON AVE W,MARTIN GROVE RD,,Major Arterial,Etobicoke York,43.674407,-79.563129,At Intersection,Traffic Signal,Clear,Daylight,Dry,Non-Fatal Injury,Rear End,Truck Driver,55 to 59,None,,East,Truck-Tractor,Going Ahead,Following too Close,Normal,,,,,,,,,Yes,,Yes,,,Yes,,Yes,,,,10,Princess-Rosethorn,10,Princess-Rosethorn (10),D22,615828.828559367,4836713.09364304
5837,81151421,,3/23/2019 4:00:00 AM,1112,EGLINTON AVE W,MARTIN GROVE RD,,Major Arterial,Etobicoke York,43.674407,-79.563129,At Intersection,Traffic Signal,Clear,Daylight,Dry,Non-Fatal Injury,Rear End,Driver,65 to 69,Minor,,East,"Automobile, Station Wagon",Slowing or Stopping,Driving Properly,Normal,,,,,,,,,Yes,,Yes,,,Yes,,Yes,,,,10,Princess-Rosethorn,10,Princess-Rosethorn (10),D22,615828.828559367,4836713.09364304
5838,81151422,,3/23/2019 4:00:00 AM,1112,EGLINTON AVE W,MARTIN GROVE RD,,Major Arterial,Etobicoke York,43.674407,-79.563129,At Intersection,Traffic Signal,Clear,Daylight,Dry,Non-Fatal Injury,Rear End,Passenger,65 to 69,Major,,,,,,,,,,,,,,,Yes,,Yes,,,Yes,,Yes,,,,10,Princess-Rosethorn,10,Princess-Rosethorn (10),D22,615828.828559367,4836713.09364304
5839,81143066,,3/24/2019 4:00:00 AM,2235,KEELE ST,WILSON AVE,20 m North o,Major Arterial,North York,43.726569,-79.482028,At Intersection,Traffic Signal,Clear,"Dark, artificial",Dry,Non-Fatal Injury,Turning Movement,Driver,30 to 34,None,,East,Passenger Van,Turning Left,Failed to Yield Right of Way,Normal,,,,,,,,,Yes,,,,,Yes,,Yes,,,,155,Downsview,26,Downsview-Roding-CFB (26),D31,622260.518120435,4842622.84330567
5840,81143067,,3/24/2019 4:00:00 AM,2235,KEELE ST,WILSON AVE,20 m North o,Major Arterial,North York,43.726569,-79.482028,At Intersection,Traffic Signal,Clear,"Dark, artificial",Dry,Non-Fatal Injury,Turning Movement,Driver,15 to 19,Major,,West,Passenger Van,Going Ahead,Driving Properly,Normal,,,,,,,,,Yes,,,,,Yes,,Yes,,,,155,Downsview,26,Downsview-Roding-CFB (26),D31,622260.518120435,4842622.84330567
5841,81143068,,3/24/2019 4:00:00 AM,2235,KEELE ST,WILSON AVE,20 m North o,Major Arterial,North York,43.726569,-79.482028,At Intersection,Traffic Signal,Clear,"Dark, artificial",Dry,Non-Fatal Injury,Turning Movement,Passenger,15 to 19,None,,,,,,,,,,,,,,,Yes,,,,,Yes,,Yes,,,,155,Downsview,26,Downsview-Roding-CFB (26),D31,622260.518120435,4842622.84330567
5842,81143069,,3/24/2019 4:00:00 AM,2235,KEELE ST,WILSON AVE,20 m North o,Major Arterial,North York,43.726569,-79.482028,At Intersection,Traffic Signal,Clear,"Dark, artificial",Dry,Non-Fatal Injury,Turning Movement,Passenger,15 to 19,None,,,,,,,,,,,,,,,Yes,,,,,Yes,,Yes,,,,155,Downsview,26,Downsview-Roding-CFB (26),D31,622260.518120435,4842622.84330567
5843,81143070,,3/24/2019 4:00:00 AM,2235,KEELE ST,WILSON AVE,20 m North o,Major Arterial,North York,43.726569,-79.482028,At Intersection,Traffic Signal,Clear,"Dark, artificial",Dry,Non-Fatal Injury,Turning Movement,Passenger,15 to 19,None,,,,,,,,,,,,,,,Yes,,,,,Yes,,Yes,,,,155,Downsview,26,Downsview-Roding-CFB (26),D31,622260.518120435,4842622.84330567
5844,81330340,,4/10/2019 4:00:00 AM,2138,DANFORTH RD,TRUDELLE ST,50 m North o,Major Arterial,Scarborough,43.74047,-79.245509,At/Near Private Drive,No Control,Clear,"Dark, artificial",Dry,Non-Fatal Injury,Turning Movement,Passenger,25 to 29,Major,,,,,,,,,,,,,,,Yes,,,,,Yes,Yes,Yes,,,,138,Eglinton East,138,Eglinton East (138),D43,641277.749392019,4844542.89688244
5845,81330341,,4/10/2019 4:00:00 AM,2138,DANFORTH RD,TRUDELLE ST,50 m North o,Major Arterial,Scarborough,43.74047,-79.245509,At/Near Private Drive,No Control,Clear,"Dark, artificial",Dry,Non-Fatal Injury,Turning Movement,Driver,20 to 24,None,,South,"Automobile, Station Wagon",Going Ahead,Exceeding Speed Limit,Normal,,,,,,,,,Yes,,,,,Yes,Yes,Yes,,,,138,Eglinton East,138,Eglinton East (138),D43,641277.749392019,4844542.89688244
5846,81330342,,4/10/2019 4:00:00 AM,2138,DANFORTH RD,TRUDELLE ST,50 m North o,Major Arterial,Scarborough,43.74047,-79.245509,At/Near Private Drive,No Control,Clear,"Dark, artificial",Dry,Non-Fatal Injury,Turning Movement,Driver,50 to 54,Minor,,North,"Automobile, Station Wagon",Turning Left,Driving Properly,Normal,,,,,,,,,Yes,,,,,Yes,Yes,Yes,,,,138,Eglinton East,138,Eglinton East (138),D43,641277.749392019,4844542.89688244
5847,81330343,,4/10/2019 4:00:00 AM,2138,DANFORTH RD,TRUDELLE ST,50 m North o,Major Arterial,Scarborough,43.74047,-79.245509,At/Near Private Drive,No Control,Clear,"Dark, artificial",Dry,Non-Fatal Injury,Turning Movement,Passenger,15 to 19,None,,,,,,,,,,,,,,,Yes,,,,,Yes,Yes,Yes,,,,138,Eglinton East,138,Eglinton East (138),D43,641277.749392019,4844542.89688244
5848,81474060,,4/11/2019 4:00:00 AM,2355,ROYAL YORK RD,MEADOWVALE DR,,Minor Arterial,Etobicoke York,43.645533,-79.510593,At Intersection,No Control,Clear,"Dark, artificial",Dry,Non-Fatal Injury,Approaching,Driver,unknown,None,,North,"Automobile, Station Wagon",Going Ahead,Speed too Fast For Condition,Inattentive,,,,,,,,,Yes,,,,,Yes,Yes,Yes,,,,16,Stonegate-Queensway,16,Stonegate-Queensway (16),D22,620121.450536502,4833580.96121864
5849,81474061,,4/11/2019 4:00:00 AM,2355,ROYAL YORK RD,MEADOWVALE DR,,Minor Arterial,Etobicoke York,43.645533,-79.510593,At Intersection,No Control,Clear,"Dark, artificial",Dry,Non-Fatal Injury,Approaching,Driver,70 to 74,None,,South,"Automobile, Station Wagon",Going Ahead,Driving Properly,Normal,,,,,,,,,Yes,,,,,Yes,Yes,Yes,,,,16,Stonegate-Queensway,16,Stonegate-Queensway (16),D22,620121.450536502,4833580.96121864
5850,81474062,,4/11/2019 4:00:00 AM,2355,ROYAL YORK RD,MEADOWVALE DR,,Minor Arterial,Etobicoke York,43.645533,-79.510593,At Intersection,No Control,Clear,"Dark, artificial",Dry,Non-Fatal Injury,Approaching,Driver,30 to 34,Major,,South,"Automobile, Station Wagon",Going Ahead,Driving Properly,Normal,,,,,,,,,Yes,,,,,Yes,Yes,Yes,,,,16,Stonegate-Queensway,16,Stonegate-Queensway (16),D22,620121.450536502,4833580.96121864
5851,81474063,,4/11/2019 4:00:00 AM,2355,ROYAL YORK RD,MEADOWVALE DR,,Minor Arterial,Etobicoke York,43.645533,-79.510593,At Intersection,No Control,Clear,"Dark, artificial",Dry,Non-Fatal Injury,Approaching,Passenger,70 to 74,None,,,,,,,,,,,,,,,Yes,,,,,Yes,Yes,Yes,,,,16,Stonegate-Queensway,16,Stonegate-Queensway (16),D22,620121.450536502,4833580.96121864
5852,81164393,,4/16/2019 4:00:00 AM,1000,DON MILLS RD,KERN RD,,Major Arterial,North York,43.750014,-79.346835,At Intersection,No Control,Clear,Daylight,Dry,Non-Fatal Injury,Turning Movement,Driver,50 to 54,Minor,,North,"Automobile, Station Wagon",Turning Left,Failed to Yield Right of Way,Normal,,,,,,,,,Yes,,,,,Yes,,Yes,,,,42,Banbury-Don Mills,42,Banbury-Don Mills (42),D33,633097.383250558,4845435.09546078
5853,81164394,,4/16/2019 4:00:00 AM,1000,DON MILLS RD,KERN RD,,Major Arterial,North York,43.750014,-79.346835,At Intersection,No Control,Clear,Daylight,Dry,Non-Fatal Injury,Turning Movement,Driver,60 to 64,None,,South,"Automobile, Station Wagon",Going Ahead,Driving Properly,Normal,,,,,,,,,Yes,,,,,Yes,,Yes,,,,42,Banbury-Don Mills,42,Banbury-Don Mills (42),D33,633097.383250558,4845435.09546078
5854,81164395,,4/16/2019 4:00:00 AM,1000,DON MILLS RD,KERN RD,,Major Arterial,North York,43.750014,-79.346835,At Intersection,No Control,Clear,Daylight,Dry,Non-Fatal Injury,Turning Movement,Driver,20 to 24,None,,East,"Automobile, Station Wagon",Stopped,Driving Properly,Normal,,,,,,,,,Yes,,,,,Yes,,Yes,,,,42,Banbury-Don Mills,42,Banbury-Don Mills (42),D33,633097.383250558,4845435.09546078
5855,81164396,,4/16/2019 4:00:00 AM,1000,DON MILLS RD,KERN RD,,Major Arterial,North York,43.750014,-79.346835,At Intersection,No Control,Clear,Daylight,Dry,Non-Fatal Injury,Turning Movement,Passenger,60 to 64,Minimal,,,,,,,,,,,,,,,Yes,,,,,Yes,,Yes,,,,42,Banbury-Don Mills,42,Banbury-Don Mills (42),D33,633097.383250558,4845435.09546078
5856,81164397,,4/16/2019 4:00:00 AM,1000,DON MILLS RD,KERN RD,,Major Arterial,North York,43.750014,-79.346835,At Intersection,No Control,Clear,Daylight,Dry,Non-Fatal Injury,Turning Movement,Passenger,55 to 59,Minimal,,,,,,,,,,,,,,,Yes,,,,,Yes,,Yes,,,,42,Banbury-Don Mills,42,Banbury-Don Mills (42),D33,633097.383250558,4845435.09546078
5857,81164398,,4/16/2019 4:00:00 AM,1000,DON MILLS RD,KERN RD,,Major Arterial,North York,43.750014,-79.346835,At Intersection,No Control,Clear,Daylight,Dry,Non-Fatal Injury,Turning Movement,Passenger,80 to 84,Major,,,,,,,,,,,,,,,Yes,,,,,Yes,,Yes,,,,42,Banbury-Don Mills,42,Banbury-Don Mills (42),D33,633097.383250558,4845435.09546078