OBJECTID,INDEX,ACCNUM,DATE,TIME,STREET1,STREET2,OFFSET,ROAD_CLASS,DISTRICT,LATITUDE,LONGITUDE,ACCLOC,TRAFFCTL,VISIBILITY,LIGHT,RDSFCOND,ACCLASS,IMPACTYPE,INVTYPE,INVAGE,INJURY,FATAL_NO,INITDIR,VEHTYPE,MANOEUVER,DRIVACT,DRIVCOND,PEDTYPE,PEDACT,PEDCOND,CYCLISTYPE,CYCACT,CYCCOND,PEDESTRIAN,CYCLIST,AUTOMOBILE,MOTORCYCLE,TRUCK,TRSN_CITY_VEH,EMERG_VEH,PASSENGER,SPEEDING,AG_DRIV,REDLIGHT,ALCOHOL,DISABILITY,HOOD_158,NEIGHBOURHOOD_158,HOOD_140,NEIGHBOURHOOD_140,DIVISION,x,y
6381,81495952,1000067206,1/11/2021 5:00:00 AM,1915,KINGSTON RD,SCARBOROUGH GOLF CLUB RD,33 m West of,Major Arterial,Scarborough,43.745558,-79.209689,Non Intersection,No Control,Clear,Dark,Dry,Non-Fatal Injury,Rear End,Driver,55 to 59,Minor,,East,Intercity Bus,Going Ahead,Driving Properly,Normal,,,,,,,,,Yes,,,Yes,,Yes,Yes,Yes,,Yes,,139,Scarborough Village,139,Scarborough Village (139),D43,644149.924269438,4845169.70692805
6382,81495953,1000067206,1/11/2021 5:00:00 AM,1915,KINGSTON RD,SCARBOROUGH GOLF CLUB RD,33 m West of,Major Arterial,Scarborough,43.745558,-79.209689,Non Intersection,No Control,Clear,Dark,Dry,Non-Fatal Injury,Rear End,Passenger,20 to 24,Minor,,,,,,,,,,,,,,,Yes,,,Yes,,Yes,Yes,Yes,,Yes,,139,Scarborough Village,139,Scarborough Village (139),D43,644149.924269438,4845169.70692805
6383,81495954,1000067206,1/11/2021 5:00:00 AM,1915,KINGSTON RD,SCARBOROUGH GOLF CLUB RD,33 m West of,Major Arterial,Scarborough,43.745558,-79.209689,Non Intersection,No Control,Clear,Dark,Dry,Non-Fatal Injury,Rear End,Passenger,35 to 39,Minor,,,,,,,,,,,,,,,Yes,,,Yes,,Yes,Yes,Yes,,Yes,,139,Scarborough Village,139,Scarborough Village (139),D43,644149.924269438,4845169.70692805
6384,81495955,1000067206,1/11/2021 5:00:00 AM,1915,KINGSTON RD,SCARBOROUGH GOLF CLUB RD,33 m West of,Major Arterial,Scarborough,43.745558,-79.209689,Non Intersection,No Control,Clear,Dark,Dry,Non-Fatal Injury,Rear End,Passenger,15 to 19,Minor,,,,,,,,,,,,,,,Yes,,,Yes,,Yes,Yes,Yes,,Yes,,139,Scarborough Village,139,Scarborough Village (139),D43,644149.924269438,4845169.70692805
6385,81513128,1000142323,1/23/2021 5:00:00 AM,949,328 BAYVIEW AVE,,800 m South ,Major Arterial,Toronto and East York,43.659552,-79.355396,Non Intersection,No Control,Clear,Daylight,Dry,Non-Fatal Injury,Pedestrian Collisions,Driver,30 to 34,None,,South,"Automobile, Station Wagon",Going Ahead,Driving Properly,Normal,,,,,,,Yes,,Yes,,,,,Yes,,,,,,72,Regent Park,72,Regent Park (72),D51,632607.43971443,4835374.28890278
6386,81513129,1000142323,1/23/2021 5:00:00 AM,949,328 BAYVIEW AVE,,800 m South ,Major Arterial,Toronto and East York,43.659552,-79.355396,Non Intersection,No Control,Clear,Daylight,Dry,Non-Fatal Injury,Pedestrian Collisions,Pedestrian,25 to 29,Major,,Unknown,,,,,Pedestrian hit at mid-block,Walking on Roadway Against Traffic,Inattentive,,,,Yes,,Yes,,,,,Yes,,,,,,72,Regent Park,72,Regent Park (72),D51,632607.43971443,4835374.28890278
6387,81513130,1000142323,1/23/2021 5:00:00 AM,949,328 BAYVIEW AVE,,800 m South ,Major Arterial,Toronto and East York,43.659552,-79.355396,Non Intersection,No Control,Clear,Daylight,Dry,Non-Fatal Injury,Pedestrian Collisions,Passenger,30 to 34,None,,,,,,,,,,,,,Yes,,Yes,,,,,Yes,,,,,,72,Regent Park,72,Regent Park (72),D51,632607.43971443,4835374.28890278
6388,81545876,1000186475,1/29/2021 5:00:00 AM,2235,GREENWOOD AVE,MOUNTJOY AVE,30 m South o,Minor Arterial,Toronto and East York,43.679991,-79.331775,Intersection Related,No Control,Clear,"Dark, artificial",Wet,Non-Fatal Injury,Approaching,Driver,45 to 49,Minor,,North,"Automobile, Station Wagon",Going Ahead,Lost control,Unknown,,,,,,,,,Yes,,,,,Yes,,,,,,65,Greenwood-Coxwell,65,Greenwood-Coxwell (65),D55,634466.414796741,4837682.34197288
6389,81545877,1000186475,1/29/2021 5:00:00 AM,2235,GREENWOOD AVE,MOUNTJOY AVE,30 m South o,Minor Arterial,Toronto and East York,43.679991,-79.331775,Intersection Related,No Control,Clear,"Dark, artificial",Wet,Non-Fatal Injury,Approaching,Driver,30 to 34,Minor,,South,"Automobile, Station Wagon",Going Ahead,Driving Properly,Normal,,,,,,,,,Yes,,,,,Yes,,,,,,65,Greenwood-Coxwell,65,Greenwood-Coxwell (65),D55,634466.414796741,4837682.34197288
6390,81545878,1000186475,1/29/2021 5:00:00 AM,2235,GREENWOOD AVE,MOUNTJOY AVE,30 m South o,Minor Arterial,Toronto and East York,43.679991,-79.331775,Intersection Related,No Control,Clear,"Dark, artificial",Wet,Non-Fatal Injury,Approaching,Passenger,25 to 29,Major,,,,,,,,,,,,,,,Yes,,,,,Yes,,,,,,65,Greenwood-Coxwell,65,Greenwood-Coxwell (65),D55,634466.414796741,4837682.34197288
6391,81545879,1000186475,1/29/2021 5:00:00 AM,2235,GREENWOOD AVE,MOUNTJOY AVE,30 m South o,Minor Arterial,Toronto and East York,43.679991,-79.331775,Intersection Related,No Control,Clear,"Dark, artificial",Wet,Non-Fatal Injury,Approaching,Passenger,25 to 29,Minor,,,,,,,,,,,,,,,Yes,,,,,Yes,,,,,,65,Greenwood-Coxwell,65,Greenwood-Coxwell (65),D55,634466.414796741,4837682.34197288
6392,81513133,1000224535,2/4/2021 5:00:00 AM,1747,2330 KENNEDY RD,,,Major Arterial,Scarborough,43.784159,-79.288745,Non Intersection,No Control,Clear,Dawn,Dry,Non-Fatal Injury,Pedestrian Collisions,Driver,70 to 74,None,,South,"Automobile, Station Wagon",Going Ahead,Driving Properly,Normal,,,,,,,Yes,,Yes,,,,,Yes,,,,,,118,Tam O'Shanter-Sullivan,128,Agincourt South-Malvern West (128),D42,637695.925479089,4849322.40730283
6393,81513134,1000224535,2/4/2021 5:00:00 AM,1747,2330 KENNEDY RD,,,Major Arterial,Scarborough,43.784159,-79.288745,Non Intersection,No Control,Clear,Dawn,Dry,Non-Fatal Injury,Pedestrian Collisions,Passenger,60 to 64,None,,,,,,,,,,,,,Yes,,Yes,,,,,Yes,,,,,,118,Tam O'Shanter-Sullivan,128,Agincourt South-Malvern West (128),D42,637695.925479089,4849322.40730283
6394,81513135,1000224535,2/4/2021 5:00:00 AM,1747,2330 KENNEDY RD,,,Major Arterial,Scarborough,43.784159,-79.288745,Non Intersection,No Control,Clear,Dawn,Dry,Non-Fatal Injury,Pedestrian Collisions,Pedestrian,55 to 59,Major,,West,,,,,Pedestrian hit at mid-block,"Crossing, no Traffic Control",Had Been Drinking,,,,Yes,,Yes,,,,,Yes,,,,,,118,Tam O'Shanter-Sullivan,128,Agincourt South-Malvern West (128),D42,637695.925479089,4849322.40730283
6395,81512031,1000228775,2/5/2021 5:00:00 AM,1100,54 THORNCLIFFE PARK  DR,,1 m South of,Collector,North York,43.704459,-79.341594,At/Near Private Drive,No Control,Clear,Daylight,Dry,Non-Fatal Injury,Angle,Driver,65 to 69,None,,West,"Automobile, Station Wagon",Reversing,Other,Normal,,,,,,,,,Yes,,,,,Yes,,,,,,55,Thorncliffe Park,55,Thorncliffe Park (55),D53,633620.600057997,4840383.98252657
6396,81512032,1000228775,2/5/2021 5:00:00 AM,1100,54 THORNCLIFFE PARK  DR,,1 m South of,Collector,North York,43.704459,-79.341594,At/Near Private Drive,No Control,Clear,Daylight,Dry,Non-Fatal Injury,Angle,Driver,30 to 34,None,,South,"Automobile, Station Wagon",Stopped,Other,Normal,,,,,,,,,Yes,,,,,Yes,,,,,,55,Thorncliffe Park,55,Thorncliffe Park (55),D53,633620.600057997,4840383.98252657
6397,81512033,1000228775,2/5/2021 5:00:00 AM,1100,54 THORNCLIFFE PARK  DR,,1 m South of,Collector,North York,43.704459,-79.341594,At/Near Private Drive,No Control,Clear,Daylight,Dry,Non-Fatal Injury,Angle,Passenger,55 to 59,None,,,,,,,,,,,,,,,Yes,,,,,Yes,,,,,,55,Thorncliffe Park,55,Thorncliffe Park (55),D53,633620.600057997,4840383.98252657
6398,81512034,1000228775,2/5/2021 5:00:00 AM,1100,54 THORNCLIFFE PARK  DR,,1 m South of,Collector,North York,43.704459,-79.341594,At/Near Private Drive,No Control,Clear,Daylight,Dry,Non-Fatal Injury,Angle,Passenger,30 to 34,Major,,,,,,,,,,,,,,,Yes,,,,,Yes,,,,,,55,Thorncliffe Park,55,Thorncliffe Park (55),D53,633620.600057997,4840383.98252657
6399,81512131,1000271831,2/12/2021 5:00:00 AM,126,65 SHORNCLIFFE RD,LOCKPORT AVE,,Minor Arterial,Etobicoke York,43.627532,-79.542835,Intersection Related,No Control,Clear,"Dark, artificial",Dry,Non-Fatal Injury,SMV Other,Driver,20 to 24,Major,,South,"Automobile, Station Wagon",Going Ahead,Lost control,Inattentive,,,,,,,,,Yes,,,,,Yes,,,,,,159,Etobicoke City Centre,14,Islington-City Centre West (14),D22,617556.19013174,4831535.56609832
6400,81512132,1000271831,2/12/2021 5:00:00 AM,126,65 SHORNCLIFFE RD,LOCKPORT AVE,,Minor Arterial,Etobicoke York,43.627532,-79.542835,Intersection Related,No Control,Clear,"Dark, artificial",Dry,Non-Fatal Injury,SMV Other,Passenger,20 to 24,Minor,,,,,,,,,,,,,,,Yes,,,,,Yes,,,,,,159,Etobicoke City Centre,14,Islington-City Centre West (14),D22,617556.19013174,4831535.56609832
6401,81512549,1000283889,2/13/2021 5:00:00 AM,2203,MIDLAND  AVE,BENJAMIN BLVD,25 m South o,Minor Arterial,Scarborough,43.732051,-79.257068,Intersection Related,No Control,Snow,Dark,Ice,Non-Fatal Injury,SMV Other,Driver,35 to 39,Minor,,South,"Automobile, Station Wagon",Going Ahead,Speed too Fast For Condition,Inattentive,,,,,,,,,Yes,,,,,Yes,Yes,Yes,,,,124,Kennedy Park,124,Kennedy Park (124),D41,640366.637945966,4843588.19348175
6402,81512550,1000283889,2/13/2021 5:00:00 AM,2203,MIDLAND  AVE,BENJAMIN BLVD,25 m South o,Minor Arterial,Scarborough,43.732051,-79.257068,Intersection Related,No Control,Snow,Dark,Ice,Non-Fatal Injury,SMV Other,Passenger,30 to 34,Minor,,,,,,,,,,,,,,,Yes,,,,,Yes,Yes,Yes,,,,124,Kennedy Park,124,Kennedy Park (124),D41,640366.637945966,4843588.19348175
6403,81512551,1000283889,2/13/2021 5:00:00 AM,2203,MIDLAND  AVE,BENJAMIN BLVD,25 m South o,Minor Arterial,Scarborough,43.732051,-79.257068,Intersection Related,No Control,Snow,Dark,Ice,Non-Fatal Injury,SMV Other,Passenger,35 to 39,Minor,,,,,,,,,,,,,,,Yes,,,,,Yes,Yes,Yes,,,,124,Kennedy Park,124,Kennedy Park (124),D41,640366.637945966,4843588.19348175
6404,81512552,1000283889,2/13/2021 5:00:00 AM,2203,MIDLAND  AVE,BENJAMIN BLVD,25 m South o,Minor Arterial,Scarborough,43.732051,-79.257068,Intersection Related,No Control,Snow,Dark,Ice,Non-Fatal Injury,SMV Other,Passenger,20 to 24,Major,,,,,,,,,,,,,,,Yes,,,,,Yes,Yes,Yes,,,,124,Kennedy Park,124,Kennedy Park (124),D41,640366.637945966,4843588.19348175
6405,81512392,1000289849,2/14/2021 5:00:00 AM,2320,STEELES AVE W,DUFFERIN  ST,,Major Arterial,North York,43.787211,-79.470042,At Intersection,Traffic Signal,Clear,"Dark, artificial",Dry,Non-Fatal Injury,Angle,Driver,50 to 54,Major,,South,"Automobile, Station Wagon",Going Ahead,Disobeyed Traffic Control,Unknown,,,,,,,,,Yes,,,Yes,,Yes,Yes,Yes,Yes,,,34,Bathurst Manor,34,Bathurst Manor (34),D32,623101.49001967,4849375.78887058
6406,81512393,1000289849,2/14/2021 5:00:00 AM,2320,STEELES AVE W,DUFFERIN  ST,,Major Arterial,North York,43.787211,-79.470042,At Intersection,Traffic Signal,Clear,"Dark, artificial",Dry,Non-Fatal Injury,Angle,Driver,40 to 44,None,,West,Intercity Bus,Going Ahead,Driving Properly,Normal,,,,,,,,,Yes,,,Yes,,Yes,Yes,Yes,Yes,,,34,Bathurst Manor,34,Bathurst Manor (34),D32,623101.49001967,4849375.78887058
6407,81512394,1000289849,2/14/2021 5:00:00 AM,2320,STEELES AVE W,DUFFERIN  ST,,Major Arterial,North York,43.787211,-79.470042,At Intersection,Traffic Signal,Clear,"Dark, artificial",Dry,Non-Fatal Injury,Angle,Passenger,60 to 64,None,,,,,,,,,,,,,,,Yes,,,Yes,,Yes,Yes,Yes,Yes,,,34,Bathurst Manor,34,Bathurst Manor (34),D32,623101.49001967,4849375.78887058
6408,81512395,1000289849,2/14/2021 5:00:00 AM,2320,STEELES AVE W,DUFFERIN  ST,,Major Arterial,North York,43.787211,-79.470042,At Intersection,Traffic Signal,Clear,"Dark, artificial",Dry,Non-Fatal Injury,Angle,Passenger,20 to 24,None,,,,,,,,,,,,,,,Yes,,,Yes,,Yes,Yes,Yes,Yes,,,34,Bathurst Manor,34,Bathurst Manor (34),D32,623101.49001967,4849375.78887058
6409,81512396,1000289849,2/14/2021 5:00:00 AM,2320,STEELES AVE W,DUFFERIN  ST,,Major Arterial,North York,43.787211,-79.470042,At Intersection,Traffic Signal,Clear,"Dark, artificial",Dry,Non-Fatal Injury,Angle,Passenger,20 to 24,None,,,,,,,,,,,,,,,Yes,,,Yes,,Yes,Yes,Yes,Yes,,,34,Bathurst Manor,34,Bathurst Manor (34),D32,623101.49001967,4849375.78887058
6410,81512397,1000289849,2/14/2021 5:00:00 AM,2320,STEELES AVE W,DUFFERIN  ST,,Major Arterial,North York,43.787211,-79.470042,At Intersection,Traffic Signal,Clear,"Dark, artificial",Dry,Non-Fatal Injury,Angle,Passenger,20 to 24,None,,,,,,,,,,,,,,,Yes,,,Yes,,Yes,Yes,Yes,Yes,,,34,Bathurst Manor,34,Bathurst Manor (34),D32,623101.49001967,4849375.78887058
6411,81513123,1000367345,2/26/2021 5:00:00 AM,2200,BELLAMY RD N,BRAEBURN BLVD,,Minor Arterial,Scarborough,43.749388,-79.232257,At Intersection,No Control,Clear,"Dark, artificial",Dry,Non-Fatal Injury,Rear End,Driver,25 to 29,Major,,South,"Automobile, Station Wagon",Going Ahead,Following too Close,Inattentive,,,,,,,,,Yes,,,,,Yes,Yes,Yes,,,,141,Golfdale-Cedarbrae-Woburn,137,Woburn (137),D43,642323.722980574,4845556.06123839
6412,81513124,1000367345,2/26/2021 5:00:00 AM,2200,BELLAMY RD N,BRAEBURN BLVD,,Minor Arterial,Scarborough,43.749388,-79.232257,At Intersection,No Control,Clear,"Dark, artificial",Dry,Non-Fatal Injury,Rear End,Driver,25 to 29,Minimal,,South,"Automobile, Station Wagon",Slowing or Stopping,Driving Properly,Normal,,,,,,,,,Yes,,,,,Yes,Yes,Yes,,,,141,Golfdale-Cedarbrae-Woburn,137,Woburn (137),D43,642323.722980574,4845556.06123839
6413,81513125,1000367345,2/26/2021 5:00:00 AM,2200,BELLAMY RD N,BRAEBURN BLVD,,Minor Arterial,Scarborough,43.749388,-79.232257,At Intersection,No Control,Clear,"Dark, artificial",Dry,Non-Fatal Injury,Rear End,Passenger,25 to 29,Minimal,,,,,,,,,,,,,,,Yes,,,,,Yes,Yes,Yes,,,,141,Golfdale-Cedarbrae-Woburn,137,Woburn (137),D43,642323.722980574,4845556.06123839
6414,81513126,1000367345,2/26/2021 5:00:00 AM,2200,BELLAMY RD N,BRAEBURN BLVD,,Minor Arterial,Scarborough,43.749388,-79.232257,At Intersection,No Control,Clear,"Dark, artificial",Dry,Non-Fatal Injury,Rear End,Passenger,25 to 29,Minimal,,,,,,,,,,,,,,,Yes,,,,,Yes,Yes,Yes,,,,141,Golfdale-Cedarbrae-Woburn,137,Woburn (137),D43,642323.722980574,4845556.06123839
6415,81513127,1000367345,2/26/2021 5:00:00 AM,2200,BELLAMY RD N,BRAEBURN BLVD,,Minor Arterial,Scarborough,43.749388,-79.232257,At Intersection,No Control,Clear,"Dark, artificial",Dry,Non-Fatal Injury,Rear End,Passenger,35 to 39,Minimal,,,,,,,,,,,,,,,Yes,,,,,Yes,Yes,Yes,,,,141,Golfdale-Cedarbrae-Woburn,137,Woburn (137),D43,642323.722980574,4845556.06123839
6416,81514113,1000403643,3/4/2021 5:00:00 AM,1143,QUEEN ST W,DOWLING AVE,24 m West of,Major Arterial,Toronto and East York,43.63988,-79.439822,Intersection Related,No Control,Clear,Daylight,Dry,Non-Fatal Injury,Pedestrian Collisions,Driver,25 to 29,None,,East,Ambulance,Going Ahead,Driving Properly,Normal,,,,,,,Yes,,,,,,Yes,Yes,,,,,,85,South Parkdale,85,South Parkdale (85),D14,625841.023621809,4833057.9876769
6417,81514114,1000403643,3/4/2021 5:00:00 AM,1143,QUEEN ST W,DOWLING AVE,24 m West of,Major Arterial,Toronto and East York,43.63988,-79.439822,Intersection Related,No Control,Clear,Daylight,Dry,Non-Fatal Injury,Pedestrian Collisions,Passenger,20 to 24,None,,,,,,,,,,,,,Yes,,,,,,Yes,Yes,,,,,,85,South Parkdale,85,South Parkdale (85),D14,625841.023621809,4833057.9876769
6418,81514115,1000403643,3/4/2021 5:00:00 AM,1143,QUEEN ST W,DOWLING AVE,24 m West of,Major Arterial,Toronto and East York,43.63988,-79.439822,Intersection Related,No Control,Clear,Daylight,Dry,Non-Fatal Injury,Pedestrian Collisions,Passenger,65 to 69,None,,,,,,,,,,,,,Yes,,,,,,Yes,Yes,,,,,,85,South Parkdale,85,South Parkdale (85),D14,625841.023621809,4833057.9876769
6419,81514116,1000403643,3/4/2021 5:00:00 AM,1143,QUEEN ST W,DOWLING AVE,24 m West of,Major Arterial,Toronto and East York,43.63988,-79.439822,Intersection Related,No Control,Clear,Daylight,Dry,Non-Fatal Injury,Pedestrian Collisions,Pedestrian,60 to 64,Major,,North,,,,,Pedestrian hit at mid-block,"Crossing, no Traffic Control",Normal,,,,Yes,,,,,,Yes,Yes,,,,,,85,South Parkdale,85,South Parkdale (85),D14,625841.023621809,4833057.9876769
6420,81514123,1000488018,3/16/2021 4:00:00 AM,1734,KENNEDY RD,FINCH AVE E,100 m North ,Major Arterial,Scarborough,43.802069,-79.297336,Non Intersection,No Control,Clear,Daylight,Dry,Non-Fatal Injury,Approaching,Driver,15 to 19,Minor,,South,"Automobile, Station Wagon",Going Ahead,Lost control,Inattentive,,,,,,,,,Yes,,,,,Yes,Yes,Yes,,,,148,East L'Amoreaux,117,L'Amoreaux (117),D42,636963.722698593,4851297.34271269
6421,81514124,1000488018,3/16/2021 4:00:00 AM,1734,KENNEDY RD,FINCH AVE E,100 m North ,Major Arterial,Scarborough,43.802069,-79.297336,Non Intersection,No Control,Clear,Daylight,Dry,Non-Fatal Injury,Approaching,Driver,70 to 74,Minor,,North,"Automobile, Station Wagon",Going Ahead,Driving Properly,Normal,,,,,,,,,Yes,,,,,Yes,Yes,Yes,,,,148,East L'Amoreaux,117,L'Amoreaux (117),D42,636963.722698593,4851297.34271269
6422,81514125,1000488018,3/16/2021 4:00:00 AM,1734,KENNEDY RD,FINCH AVE E,100 m North ,Major Arterial,Scarborough,43.802069,-79.297336,Non Intersection,No Control,Clear,Daylight,Dry,Non-Fatal Injury,Approaching,Passenger,15 to 19,Major,,,,,,,,,,,,,,,Yes,,,,,Yes,Yes,Yes,,,,148,East L'Amoreaux,117,L'Amoreaux (117),D42,636963.722698593,4851297.34271269
6423,81514898,1000534087,3/23/2021 4:00:00 AM,1218,BURNHAMTHORPE RD,MILL RD,,Major Arterial,Etobicoke York,43.639132,-79.584323,At Intersection,Traffic Signal,Clear,Daylight,Dry,Non-Fatal Injury,Turning Movement,Driver,15 to 19,Major,,West,"Automobile, Station Wagon",Turning Left,Improper Turn,Normal,,,,,,,,,Yes,,,,,Yes,,,,,,12,Markland Wood,12,Markland Wood (12),D22,614187.167112351,4832765.98039914
6424,81514899,1000534087,3/23/2021 4:00:00 AM,1218,BURNHAMTHORPE RD,MILL RD,,Major Arterial,Etobicoke York,43.639132,-79.584323,At Intersection,Traffic Signal,Clear,Daylight,Dry,Non-Fatal Injury,Turning Movement,Driver,30 to 34,None,,East,"Automobile, Station Wagon",Going Ahead,Driving Properly,Normal,,,,,,,,,Yes,,,,,Yes,,,,,,12,Markland Wood,12,Markland Wood (12),D22,614187.167112351,4832765.98039914
6425,81514900,1000534087,3/23/2021 4:00:00 AM,1218,BURNHAMTHORPE RD,MILL RD,,Major Arterial,Etobicoke York,43.639132,-79.584323,At Intersection,Traffic Signal,Clear,Daylight,Dry,Non-Fatal Injury,Turning Movement,Passenger,10 to 14,None,,,,,,,,,,,,,,,Yes,,,,,Yes,,,,,,12,Markland Wood,12,Markland Wood (12),D22,614187.167112351,4832765.98039914
6426,81514901,1000534087,3/23/2021 4:00:00 AM,1218,BURNHAMTHORPE RD,MILL RD,,Major Arterial,Etobicoke York,43.639132,-79.584323,At Intersection,Traffic Signal,Clear,Daylight,Dry,Non-Fatal Injury,Turning Movement,Passenger,10 to 14,None,,,,,,,,,,,,,,,Yes,,,,,Yes,,,,,,12,Markland Wood,12,Markland Wood (12),D22,614187.167112351,4832765.98039914
6427,81515429,1000605999,4/2/2021 4:00:00 AM,1857,LAWRENCE  AVE W,BLACK CREEK  DR,95 m East of,Major Arterial,Etobicoke York,43.705226,-79.492557,At/Near Private Drive,Stop Sign,Clear,Daylight,Dry,Non-Fatal Injury,Cyclist Collisions,Driver,45 to 49,None,,North,"Automobile, Station Wagon",Going Ahead,Failed to Yield Right of Way,Normal,,,,,,,,Yes,Yes,,,,,Yes,,Yes,,,,30,Brookhaven-Amesbury,30,Brookhaven-Amesbury (30),D12,621455.594282537,4840236.92426323
6428,81515430,1000605999,4/2/2021 4:00:00 AM,1857,LAWRENCE  AVE W,BLACK CREEK  DR,95 m East of,Major Arterial,Etobicoke York,43.705226,-79.492557,At/Near Private Drive,Stop Sign,Clear,Daylight,Dry,Non-Fatal Injury,Cyclist Collisions,Cyclist,45 to 49,Major,,West,Bicycle,Going Ahead,,,,,,"Motorist turns right at non-signal Inter.(stop, yield, no cont.,and dwy) and strikes cyclist.",Driving Properly,Normal,,Yes,Yes,,,,,Yes,,Yes,,,,30,Brookhaven-Amesbury,30,Brookhaven-Amesbury (30),D12,621455.594282537,4840236.92426323
6429,81515431,1000605999,4/2/2021 4:00:00 AM,1857,LAWRENCE  AVE W,BLACK CREEK  DR,95 m East of,Major Arterial,Etobicoke York,43.705226,-79.492557,At/Near Private Drive,Stop Sign,Clear,Daylight,Dry,Non-Fatal Injury,Cyclist Collisions,Passenger,40 to 44,None,,,,,,,,,,,,,,Yes,Yes,,,,,Yes,,Yes,,,,30,Brookhaven-Amesbury,30,Brookhaven-Amesbury (30),D12,621455.594282537,4840236.92426323
6430,81546072,1000617527,4/4/2021 4:00:00 AM,1719,WILSON  AVE,YONGE BLVD,,Major Arterial,North York,43.741217,-79.415187,At Intersection,Traffic Signal,Clear,Daylight,Dry,Non-Fatal Injury,Angle,Passenger,50 to 54,None,,,,,,,,,,,,,,,Yes,Yes,,,,Yes,,Yes,Yes,,,39,Bedford Park-Nortown,39,Bedford Park-Nortown (39),D32,627612.958643231,4844350.50005885
6431,81546073,1000617527,4/4/2021 4:00:00 AM,1719,WILSON  AVE,YONGE BLVD,,Major Arterial,North York,43.741217,-79.415187,At Intersection,Traffic Signal,Clear,Daylight,Dry,Non-Fatal Injury,Angle,Motorcycle Driver,45 to 49,Major,,East,Motorcycle,Going Ahead,Disobeyed Traffic Control,Normal,,,,,,,,,Yes,Yes,,,,Yes,,Yes,Yes,,,39,Bedford Park-Nortown,39,Bedford Park-Nortown (39),D32,627612.958643231,4844350.50005885
6432,81546074,1000617527,4/4/2021 4:00:00 AM,1719,WILSON  AVE,YONGE BLVD,,Major Arterial,North York,43.741217,-79.415187,At Intersection,Traffic Signal,Clear,Daylight,Dry,Non-Fatal Injury,Angle,Driver,15 to 19,None,,North,"Automobile, Station Wagon",Going Ahead,Driving Properly,Normal,,,,,,,,,Yes,Yes,,,,Yes,,Yes,Yes,,,39,Bedford Park-Nortown,39,Bedford Park-Nortown (39),D32,627612.958643231,4844350.50005885
6433,81515456,1000625824,4/5/2021 4:00:00 AM,2345,EASTERN  AVE,GILEAD  PL,50 m East of,Minor Arterial,Toronto and East York,43.653208,-79.359607,Non Intersection,No Control,Clear,"Dark, artificial",Dry,Non-Fatal Injury,SMV Other,Driver,15 to 19,Major,,West,"Automobile, Station Wagon",Going Ahead,Other,"Ability Impaired, Alcohol",,,,,,,,,Yes,,,,,Yes,,Yes,,Yes,,166,St Lawrence-East Bayfront-The Islands,77,Waterfront Communities-The Island (77),D51,632281.824836982,4834662.98171159
6434,81515457,1000625824,4/5/2021 4:00:00 AM,2345,EASTERN  AVE,GILEAD  PL,50 m East of,Minor Arterial,Toronto and East York,43.653208,-79.359607,Non Intersection,No Control,Clear,"Dark, artificial",Dry,Non-Fatal Injury,SMV Other,Driver,25 to 29,None,,West,"Automobile, Station Wagon",Going Ahead,Driving Properly,Normal,,,,,,,,,Yes,,,,,Yes,,Yes,,Yes,,166,St Lawrence-East Bayfront-The Islands,77,Waterfront Communities-The Island (77),D51,632281.824836982,4834662.98171159
6435,81515458,1000625824,4/5/2021 4:00:00 AM,2345,EASTERN  AVE,GILEAD  PL,50 m East of,Minor Arterial,Toronto and East York,43.653208,-79.359607,Non Intersection,No Control,Clear,"Dark, artificial",Dry,Non-Fatal Injury,SMV Other,Passenger,15 to 19,Minor,,,,,,,,,,,,,,,Yes,,,,,Yes,,Yes,,Yes,,166,St Lawrence-East Bayfront-The Islands,77,Waterfront Communities-The Island (77),D51,632281.824836982,4834662.98171159
6436,81515459,1000625824,4/5/2021 4:00:00 AM,2345,EASTERN  AVE,GILEAD  PL,50 m East of,Minor Arterial,Toronto and East York,43.653208,-79.359607,Non Intersection,No Control,Clear,"Dark, artificial",Dry,Non-Fatal Injury,SMV Other,Passenger,15 to 19,Minor,,,,,,,,,,,,,,,Yes,,,,,Yes,,Yes,,Yes,,166,St Lawrence-East Bayfront-The Islands,77,Waterfront Communities-The Island (77),D51,632281.824836982,4834662.98171159
6437,81515460,1000625824,4/5/2021 4:00:00 AM,2345,EASTERN  AVE,GILEAD  PL,50 m East of,Minor Arterial,Toronto and East York,43.653208,-79.359607,Non Intersection,No Control,Clear,"Dark, artificial",Dry,Non-Fatal Injury,SMV Other,Passenger,15 to 19,Major,,,,,,,,,,,,,,,Yes,,,,,Yes,,Yes,,Yes,,166,St Lawrence-East Bayfront-The Islands,77,Waterfront Communities-The Island (77),D51,632281.824836982,4834662.98171159
6438,81515461,1000625824,4/5/2021 4:00:00 AM,2345,EASTERN  AVE,GILEAD  PL,50 m East of,Minor Arterial,Toronto and East York,43.653208,-79.359607,Non Intersection,No Control,Clear,"Dark, artificial",Dry,Non-Fatal Injury,SMV Other,Passenger,25 to 29,None,,,,,,,,,,,,,,,Yes,,,,,Yes,,Yes,,Yes,,166,St Lawrence-East Bayfront-The Islands,77,Waterfront Communities-The Island (77),D51,632281.824836982,4834662.98171159