OBJECTID,INDEX,ACCNUM,DATE,TIME,STREET1,STREET2,OFFSET,ROAD_CLASS,DISTRICT,LATITUDE,LONGITUDE,ACCLOC,TRAFFCTL,VISIBILITY,LIGHT,RDSFCOND,ACCLASS,IMPACTYPE,INVTYPE,INVAGE,INJURY,FATAL_NO,INITDIR,VEHTYPE,MANOEUVER,DRIVACT,DRIVCOND,PEDTYPE,PEDACT,PEDCOND,CYCLISTYPE,CYCACT,CYCCOND,PEDESTRIAN,CYCLIST,AUTOMOBILE,MOTORCYCLE,TRUCK,TRSN_CITY_VEH,EMERG_VEH,PASSENGER,SPEEDING,AG_DRIV,REDLIGHT,ALCOHOL,DISABILITY,HOOD_158,NEIGHBOURHOOD_158,HOOD_140,NEIGHBOURHOOD_140,DIVISION,x,y
6439,81542268,1000628967,4/6/2021 4:00:00 AM,1238,107 THE QUEENSWAY,,,Major Arterial,Etobicoke York,43.63674,-79.471339,Non Intersection,No Control,Clear,Daylight,Dry,Non-Fatal Injury,Other,Driver,50 to 54,None,,East,Municipal Transit Bus (TTC),Going Ahead,Driving Properly,Normal,,,,,,,,,,,,Yes,,Yes,,,,,,87,High Park-Swansea,87,High Park-Swansea (87),D11,623305.320350026,4832661.94976375
6440,81542269,1000628967,4/6/2021 4:00:00 AM,1238,107 THE QUEENSWAY,,,Major Arterial,Etobicoke York,43.63674,-79.471339,Non Intersection,No Control,Clear,Daylight,Dry,Non-Fatal Injury,Other,Passenger,75 to 79,Major,,,,,,,,,,,,,,,,,,Yes,,Yes,,,,,,87,High Park-Swansea,87,High Park-Swansea (87),D11,623305.320350026,4832661.94976375
6441,81515215,1000646644,4/8/2021 4:00:00 AM,1950,MORNINGSIDE AVE,MILNER AVE,,Major Arterial,Scarborough,43.800208,-79.199046,At Intersection,Traffic Signal,Clear,"Dusk, artificial",Dry,Non-Fatal Injury,Turning Movement,Driver,55 to 59,None,,South,"Automobile, Station Wagon",Turning Left,Failed to Yield Right of Way,Inattentive,,,,,,,,,Yes,Yes,,,,Yes,,Yes,,,,144,Morningside Heights,131,Rouge (131),D42,644874.843608757,4851258.02818753
6442,81515216,1000646644,4/8/2021 4:00:00 AM,1950,MORNINGSIDE AVE,MILNER AVE,,Major Arterial,Scarborough,43.800208,-79.199046,At Intersection,Traffic Signal,Clear,"Dusk, artificial",Dry,Non-Fatal Injury,Turning Movement,Motorcycle Driver,30 to 34,Major,,North,Motorcycle,Going Ahead,Driving Properly,Normal,,,,,,,,,Yes,Yes,,,,Yes,,Yes,,,,144,Morningside Heights,131,Rouge (131),D42,644874.843608757,4851258.02818753
6443,81515217,1000646644,4/8/2021 4:00:00 AM,1950,MORNINGSIDE AVE,MILNER AVE,,Major Arterial,Scarborough,43.800208,-79.199046,At Intersection,Traffic Signal,Clear,"Dusk, artificial",Dry,Non-Fatal Injury,Turning Movement,Passenger,25 to 29,None,,,,,,,,,,,,,,,Yes,Yes,,,,Yes,,Yes,,,,144,Morningside Heights,131,Rouge (131),D42,644874.843608757,4851258.02818753
6444,81543278,1000691488,4/15/2021 4:00:00 AM,1212,QUEEN ST E,BROADVIEW  AVE,31 m East of,Minor Arterial,Toronto and East York,43.658923,-79.349284,Non Intersection,No Control,Clear,Daylight,Dry,Non-Fatal Injury,Pedestrian Collisions,Driver,40 to 44,None,,East,Pick Up Truck,Going Ahead,Driving Properly,Normal,,,,,,,Yes,,Yes,,,,,Yes,,,,,,70,South Riverdale,70,South Riverdale (70),D55,633101.656818605,4835314.21689121
6445,81543279,1000691488,4/15/2021 4:00:00 AM,1212,QUEEN ST E,BROADVIEW  AVE,31 m East of,Minor Arterial,Toronto and East York,43.658923,-79.349284,Non Intersection,No Control,Clear,Daylight,Dry,Non-Fatal Injury,Pedestrian Collisions,Passenger,40 to 44,None,,,,,,,,,,,,,Yes,,Yes,,,,,Yes,,,,,,70,South Riverdale,70,South Riverdale (70),D55,633101.656818605,4835314.21689121
6446,81543280,1000691488,4/15/2021 4:00:00 AM,1212,QUEEN ST E,BROADVIEW  AVE,31 m East of,Minor Arterial,Toronto and East York,43.658923,-79.349284,Non Intersection,No Control,Clear,Daylight,Dry,Non-Fatal Injury,Pedestrian Collisions,Pedestrian,25 to 29,Major,,South,,,,,Pedestrian hit at mid-block,Running onto Roadway,Normal,,,,Yes,,Yes,,,,,Yes,,,,,,70,South Riverdale,70,South Riverdale (70),D55,633101.656818605,4835314.21689121
6447,81542017,1000734326,4/21/2021 4:00:00 AM,2305,DUNDAS ST W,AUGUSTA AVE,,Major Arterial,Toronto and East York,43.652201,-79.401103,Intersection Related,No Control,Clear,"Dark, artificial",Dry,Fatal,SMV Unattended Vehicle,Driver,30 to 34,Major,,East,"Automobile, Station Wagon",Going Ahead,Exceeding Speed Limit,Unknown,,,,,,,,,Yes,,,Yes,,Yes,Yes,Yes,,,,78,Kensington-Chinatown,78,Kensington-Chinatown (78),D14,628937.693742419,4834485.8267932
6448,81542018,1000734326,4/21/2021 4:00:00 AM,2305,DUNDAS ST W,AUGUSTA AVE,,Major Arterial,Toronto and East York,43.652201,-79.401103,Intersection Related,No Control,Clear,"Dark, artificial",Dry,Fatal,SMV Unattended Vehicle,Driver,30 to 34,None,,East,Street Car,Going Ahead,Driving Properly,Normal,,,,,,,,,Yes,,,Yes,,Yes,Yes,Yes,,,,78,Kensington-Chinatown,78,Kensington-Chinatown (78),D14,628937.693742419,4834485.8267932
6449,81542019,1000734326,4/21/2021 4:00:00 AM,2305,DUNDAS ST W,AUGUSTA AVE,,Major Arterial,Toronto and East York,43.652201,-79.401103,Intersection Related,No Control,Clear,"Dark, artificial",Dry,Fatal,SMV Unattended Vehicle,Passenger,35 to 39,Fatal,5,,,,,,,,,,,,,,Yes,,,Yes,,Yes,Yes,Yes,,,,78,Kensington-Chinatown,78,Kensington-Chinatown (78),D14,628937.693742419,4834485.8267932
6450,81542228,1000747804,4/23/2021 4:00:00 AM,2113,LEITCH AVE,MURRAY ROSS PKWY,,Collector,North York,43.765841,-79.496097,At Intersection,Stop Sign,Clear,"Dark, artificial",Dry,Non-Fatal Injury,Turning Movement,Driver,20 to 24,None,,South,"Automobile, Station Wagon",Turning Left,Failed to Yield Right of Way,Inattentive,,,,,,,,,Yes,Yes,,,,Yes,Yes,Yes,,,,27,York University Heights,27,York University Heights (27),D31,621048.181451544,4846963.91090636
6451,81542229,1000747804,4/23/2021 4:00:00 AM,2113,LEITCH AVE,MURRAY ROSS PKWY,,Collector,North York,43.765841,-79.496097,At Intersection,Stop Sign,Clear,"Dark, artificial",Dry,Non-Fatal Injury,Turning Movement,Motorcycle Driver,30 to 34,Major,,West,Motorcycle,Going Ahead,Exceeding Speed Limit,Normal,,,,,,,,,Yes,Yes,,,,Yes,Yes,Yes,,,,27,York University Heights,27,York University Heights (27),D31,621048.181451544,4846963.91090636
6452,81542230,1000747804,4/23/2021 4:00:00 AM,2113,LEITCH AVE,MURRAY ROSS PKWY,,Collector,North York,43.765841,-79.496097,At Intersection,Stop Sign,Clear,"Dark, artificial",Dry,Non-Fatal Injury,Turning Movement,Passenger,20 to 24,None,,,,,,,,,,,,,,,Yes,Yes,,,,Yes,Yes,Yes,,,,27,York University Heights,27,York University Heights (27),D31,621048.181451544,4846963.91090636
6453,81542231,1000747804,4/23/2021 4:00:00 AM,2113,LEITCH AVE,MURRAY ROSS PKWY,,Collector,North York,43.765841,-79.496097,At Intersection,Stop Sign,Clear,"Dark, artificial",Dry,Non-Fatal Injury,Turning Movement,Passenger,20 to 24,None,,,,,,,,,,,,,,,Yes,Yes,,,,Yes,Yes,Yes,,,,27,York University Heights,27,York University Heights (27),D31,621048.181451544,4846963.91090636
6454,81542232,1000747804,4/23/2021 4:00:00 AM,2113,LEITCH AVE,MURRAY ROSS PKWY,,Collector,North York,43.765841,-79.496097,At Intersection,Stop Sign,Clear,"Dark, artificial",Dry,Non-Fatal Injury,Turning Movement,Passenger,20 to 24,None,,,,,,,,,,,,,,,Yes,Yes,,,,Yes,Yes,Yes,,,,27,York University Heights,27,York University Heights (27),D31,621048.181451544,4846963.91090636
6455,81542233,1000747804,4/23/2021 4:00:00 AM,2113,LEITCH AVE,MURRAY ROSS PKWY,,Collector,North York,43.765841,-79.496097,At Intersection,Stop Sign,Clear,"Dark, artificial",Dry,Non-Fatal Injury,Turning Movement,Passenger,20 to 24,None,,,,,,,,,,,,,,,Yes,Yes,,,,Yes,Yes,Yes,,,,27,York University Heights,27,York University Heights (27),D31,621048.181451544,4846963.91090636
6456,81542505,1000799379,5/1/2021 4:00:00 AM,1229,KANE AVE,ROGERS  RD,,Minor Arterial,Etobicoke York,43.681983,-79.466502,At Intersection,Stop Sign,Clear,Daylight,Dry,Non-Fatal Injury,Angle,Driver,30 to 34,None,,South,"Automobile, Station Wagon",Going Ahead,Failed to Yield Right of Way,Inattentive,,,,,,,,,Yes,,,,,Yes,,Yes,,,,110,Keelesdale-Eglinton West,110,Keelesdale-Eglinton West (110),D12,623602.619376514,4837693.97238148
6457,81542506,1000799379,5/1/2021 4:00:00 AM,1229,KANE AVE,ROGERS  RD,,Minor Arterial,Etobicoke York,43.681983,-79.466502,At Intersection,Stop Sign,Clear,Daylight,Dry,Non-Fatal Injury,Angle,Driver,55 to 59,Minimal,,East,"Automobile, Station Wagon",Going Ahead,Driving Properly,Normal,,,,,,,,,Yes,,,,,Yes,,Yes,,,,110,Keelesdale-Eglinton West,110,Keelesdale-Eglinton West (110),D12,623602.619376514,4837693.97238148
6458,81542507,1000799379,5/1/2021 4:00:00 AM,1229,KANE AVE,ROGERS  RD,,Minor Arterial,Etobicoke York,43.681983,-79.466502,At Intersection,Stop Sign,Clear,Daylight,Dry,Non-Fatal Injury,Angle,Passenger,35 to 39,Major,,,,,,,,,,,,,,,Yes,,,,,Yes,,Yes,,,,110,Keelesdale-Eglinton West,110,Keelesdale-Eglinton West (110),D12,623602.619376514,4837693.97238148
6459,81542446,1000799560,5/1/2021 4:00:00 AM,1303,LAWRENCE  AVE E,GREENBRAE  CRCT,11 m West of,Major Arterial,Scarborough,43.758113,-79.233043,Intersection Related,Traffic Signal,Clear,Daylight,Dry,Non-Fatal Injury,Rear End,Motorcycle Driver,60 to 64,Major,,East,Motorcycle,Slowing or Stopping,Lost control,Normal,,,,,,,,,Yes,Yes,,,,Yes,,,,,,141,Golfdale-Cedarbrae-Woburn,137,Woburn (137),D43,642239.766566053,4846523.75618428
6460,81542447,1000799560,5/1/2021 4:00:00 AM,1303,LAWRENCE  AVE E,GREENBRAE  CRCT,11 m West of,Major Arterial,Scarborough,43.758113,-79.233043,Intersection Related,Traffic Signal,Clear,Daylight,Dry,Non-Fatal Injury,Rear End,Driver,45 to 49,None,,East,"Automobile, Station Wagon",Slowing or Stopping,Driving Properly,Normal,,,,,,,,,Yes,Yes,,,,Yes,,,,,,141,Golfdale-Cedarbrae-Woburn,137,Woburn (137),D43,642239.766566053,4846523.75618428
6461,81542448,1000799560,5/1/2021 4:00:00 AM,1303,LAWRENCE  AVE E,GREENBRAE  CRCT,11 m West of,Major Arterial,Scarborough,43.758113,-79.233043,Intersection Related,Traffic Signal,Clear,Daylight,Dry,Non-Fatal Injury,Rear End,Passenger,45 to 49,Minimal,,,,,,,,,,,,,,,Yes,Yes,,,,Yes,,,,,,141,Golfdale-Cedarbrae-Woburn,137,Woburn (137),D43,642239.766566053,4846523.75618428
6462,81542862,1000814402,5/3/2021 4:00:00 AM,1824,SPADINA  AVE,NASSAU  ST,60 m South o,Major Arterial,Toronto and East York,43.655276,-79.398967,Non Intersection,No Control,Clear,Daylight,Dry,Non-Fatal Injury,Pedestrian Collisions,Driver,35 to 39,None,,North,Street Car,Going Ahead,Driving Properly,Normal,,,,,,,Yes,,,,,Yes,,Yes,,,,,,78,Kensington-Chinatown,78,Kensington-Chinatown (78),D52,629103.356732683,4834830.66708487
6463,81542863,1000814402,5/3/2021 4:00:00 AM,1824,SPADINA  AVE,NASSAU  ST,60 m South o,Major Arterial,Toronto and East York,43.655276,-79.398967,Non Intersection,No Control,Clear,Daylight,Dry,Non-Fatal Injury,Pedestrian Collisions,Pedestrian,45 to 49,Major,,West,,,,,Pedestrian involved in a collision with transit vehicle anywhere along roadway,"Crossing, no Traffic Control",Inattentive,,,,Yes,,,,,Yes,,Yes,,,,,,78,Kensington-Chinatown,78,Kensington-Chinatown (78),D52,629103.356732683,4834830.66708487
6464,81542864,1000814402,5/3/2021 4:00:00 AM,1824,SPADINA  AVE,NASSAU  ST,60 m South o,Major Arterial,Toronto and East York,43.655276,-79.398967,Non Intersection,No Control,Clear,Daylight,Dry,Non-Fatal Injury,Pedestrian Collisions,Passenger,50 to 54,Minimal,,,,,,,,,,,,,Yes,,,,,Yes,,Yes,,,,,,78,Kensington-Chinatown,78,Kensington-Chinatown (78),D52,629103.356732683,4834830.66708487
6465,81577220,1000876012,5/12/2021 4:00:00 AM,1409,DON VALLEY PARKWAY  N,EGLINTON AVE E,100 m South ,Expressway,North York,43.722068,-79.329791,Non Intersection,No Control,Clear,Daylight,Dry,Non-Fatal Injury,Rear End,Driver,20 to 24,Minimal,,North,"Automobile, Station Wagon",Stopped,Following too Close,Inattentive,,,,,,,,,Yes,,,,,Yes,,Yes,,,,44,Flemingdon Park,44,Flemingdon Park (44),D55,634532.189786559,4842358.8072109
6466,81577221,1000876012,5/12/2021 4:00:00 AM,1409,DON VALLEY PARKWAY  N,EGLINTON AVE E,100 m South ,Expressway,North York,43.722068,-79.329791,Non Intersection,No Control,Clear,Daylight,Dry,Non-Fatal Injury,Rear End,Driver,55 to 59,None,,North,Pick Up Truck,Slowing or Stopping,Driving Properly,Normal,,,,,,,,,Yes,,,,,Yes,,Yes,,,,44,Flemingdon Park,44,Flemingdon Park (44),D55,634532.189786559,4842358.8072109
6467,81577222,1000876012,5/12/2021 4:00:00 AM,1409,DON VALLEY PARKWAY  N,EGLINTON AVE E,100 m South ,Expressway,North York,43.722068,-79.329791,Non Intersection,No Control,Clear,Daylight,Dry,Non-Fatal Injury,Rear End,Driver,20 to 24,Major,,North,"Automobile, Station Wagon",Slowing or Stopping,Driving Properly,Normal,,,,,,,,,Yes,,,,,Yes,,Yes,,,,44,Flemingdon Park,44,Flemingdon Park (44),D55,634532.189786559,4842358.8072109
6468,81577223,1000876012,5/12/2021 4:00:00 AM,1409,DON VALLEY PARKWAY  N,EGLINTON AVE E,100 m South ,Expressway,North York,43.722068,-79.329791,Non Intersection,No Control,Clear,Daylight,Dry,Non-Fatal Injury,Rear End,Passenger,20 to 24,None,,,,,,,,,,,,,,,Yes,,,,,Yes,,Yes,,,,44,Flemingdon Park,44,Flemingdon Park (44),D55,634532.189786559,4842358.8072109
6469,81579154,1000878925,5/12/2021 4:00:00 AM,2058,QUEEN ST E,MACLEAN AVE,10 m West of,Minor Arterial,Toronto and East York,43.671855,-79.290973,Intersection Related,No Control,Clear,"Dark, artificial",Dry,Non-Fatal Injury,Sideswipe,Driver,40 to 44,Minor,,East,"Automobile, Station Wagon",Changing Lanes,Other,"Ability Impaired, Alcohol",,,,,,,,,Yes,,,Yes,,Yes,Yes,Yes,,Yes,,63,The Beaches,63,The Beaches (63),D55,637773.896273883,4836845.6886735
6470,81579155,1000878925,5/12/2021 4:00:00 AM,2058,QUEEN ST E,MACLEAN AVE,10 m West of,Minor Arterial,Toronto and East York,43.671855,-79.290973,Intersection Related,No Control,Clear,"Dark, artificial",Dry,Non-Fatal Injury,Sideswipe,Driver,30 to 34,None,,East,Street Car,Going Ahead,Driving Properly,Normal,,,,,,,,,Yes,,,Yes,,Yes,Yes,Yes,,Yes,,63,The Beaches,63,The Beaches (63),D55,637773.896273883,4836845.6886735
6471,81579156,1000878925,5/12/2021 4:00:00 AM,2058,QUEEN ST E,MACLEAN AVE,10 m West of,Minor Arterial,Toronto and East York,43.671855,-79.290973,Intersection Related,No Control,Clear,"Dark, artificial",Dry,Non-Fatal Injury,Sideswipe,Passenger,30 to 34,Major,,,,,,,,,,,,,,,Yes,,,Yes,,Yes,Yes,Yes,,Yes,,63,The Beaches,63,The Beaches (63),D55,637773.896273883,4836845.6886735
6472,81543369,1000885795,5/13/2021 4:00:00 AM,1949,SIXTH ST,BIRMINGHAM  ST,9 m North of,Collector,Etobicoke York,43.603434,-79.505153,At Intersection,No Control,Clear,Daylight,Dry,Non-Fatal Injury,Angle,Motorcycle Driver,45 to 49,Major,,East,Motorcycle,Going Ahead,Driving Properly,Normal,,,,,,,,,,Yes,,,,Yes,,,,,,18,New Toronto,18,New Toronto (18),D22,620644.374404848,4828913.23616608
6473,81543370,1000885795,5/13/2021 4:00:00 AM,1949,SIXTH ST,BIRMINGHAM  ST,9 m North of,Collector,Etobicoke York,43.603434,-79.505153,At Intersection,No Control,Clear,Daylight,Dry,Non-Fatal Injury,Angle,Motorcycle Passenger,30 to 34,Minor,,,,,,,,,,,,,,,,Yes,,,,Yes,,,,,,18,New Toronto,18,New Toronto (18),D22,620644.374404848,4828913.23616608
6474,81543376,1000906854,5/16/2021 4:00:00 AM,2000,F G GARDINER C  E,GARDINER E PARK LAWN RAMP RD,2 m West of,Expressway,Etobicoke York,43.621478,-79.505779,Non Intersection,No Control,Clear,Daylight,Dry,Non-Fatal Injury,SMV Other,Driver,70 to 74,Major,,East,"Automobile, Station Wagon",Going Ahead,Lost control,Normal,,,,,,,,,Yes,,,,,Yes,,,,,,160,Mimico-Queensway,17,Mimico (includes Humber Bay Shores) (17),D22,620557.793772431,4830916.33176112
6475,81543377,1000906854,5/16/2021 4:00:00 AM,2000,F G GARDINER C  E,GARDINER E PARK LAWN RAMP RD,2 m West of,Expressway,Etobicoke York,43.621478,-79.505779,Non Intersection,No Control,Clear,Daylight,Dry,Non-Fatal Injury,SMV Other,Passenger,70 to 74,Minor,,,,,,,,,,,,,,,Yes,,,,,Yes,,,,,,160,Mimico-Queensway,17,Mimico (includes Humber Bay Shores) (17),D22,620557.793772431,4830916.33176112
6476,81545742,1000928847,5/19/2021 4:00:00 AM,1752,8 FRASERWOOD AVE,,,Local,North York,43.713919,-79.438205,Non Intersection,No Control,Clear,Daylight,Dry,Non-Fatal Injury,Pedestrian Collisions,Driver,45 to 49,None,,West,"Automobile, Station Wagon",Going Ahead,Driving Properly,Normal,,,,,,,Yes,,Yes,,,,,Yes,,,,,,32,Englemount-Lawrence,32,Englemount-Lawrence (32),D13,625816.616801138,4841283.46707833
6477,81545743,1000928847,5/19/2021 4:00:00 AM,1752,8 FRASERWOOD AVE,,,Local,North York,43.713919,-79.438205,Non Intersection,No Control,Clear,Daylight,Dry,Non-Fatal Injury,Pedestrian Collisions,Passenger,50 to 54,None,,,,,,,,,,,,,Yes,,Yes,,,,,Yes,,,,,,32,Englemount-Lawrence,32,Englemount-Lawrence (32),D13,625816.616801138,4841283.46707833
6478,81545744,1000928847,5/19/2021 4:00:00 AM,1752,8 FRASERWOOD AVE,,,Local,North York,43.713919,-79.438205,Non Intersection,No Control,Clear,Daylight,Dry,Non-Fatal Injury,Pedestrian Collisions,Passenger,0 to 4,None,,,,,,,,,,,,,Yes,,Yes,,,,,Yes,,,,,,32,Englemount-Lawrence,32,Englemount-Lawrence (32),D13,625816.616801138,4841283.46707833
6479,81545745,1000928847,5/19/2021 4:00:00 AM,1752,8 FRASERWOOD AVE,,,Local,North York,43.713919,-79.438205,Non Intersection,No Control,Clear,Daylight,Dry,Non-Fatal Injury,Pedestrian Collisions,Passenger,0 to 4,None,,,,,,,,,,,,,Yes,,Yes,,,,,Yes,,,,,,32,Englemount-Lawrence,32,Englemount-Lawrence (32),D13,625816.616801138,4841283.46707833
6480,81545746,1000928847,5/19/2021 4:00:00 AM,1752,8 FRASERWOOD AVE,,,Local,North York,43.713919,-79.438205,Non Intersection,No Control,Clear,Daylight,Dry,Non-Fatal Injury,Pedestrian Collisions,Pedestrian,5 to 9,Major,,South,,,,,Pedestrian hit at mid-block,Running onto Roadway,Normal,,,,Yes,,Yes,,,,,Yes,,,,,,32,Englemount-Lawrence,32,Englemount-Lawrence (32),D13,625816.616801138,4841283.46707833
6481,81578360,1000952186,5/22/2021 4:00:00 AM,2312,DON MILLS RD,GATEWAY   BLVD,8 m South of,Major Arterial,North York,43.714331,-79.336314,Intersection Related,Traffic Signal,Clear,"Dark, artificial",Dry,Non-Fatal Injury,Pedestrian Collisions,Driver,15 to 19,None,,South,"Automobile, Station Wagon",Going Ahead,Exceeding Speed Limit,Had Been Drinking,,,,,,,Yes,,Yes,,,,,Yes,Yes,Yes,,,,44,Flemingdon Park,44,Flemingdon Park (44),D55,634024.01789229,4841488.93318214
6482,81578361,1000952186,5/22/2021 4:00:00 AM,2312,DON MILLS RD,GATEWAY   BLVD,8 m South of,Major Arterial,North York,43.714331,-79.336314,Intersection Related,Traffic Signal,Clear,"Dark, artificial",Dry,Non-Fatal Injury,Pedestrian Collisions,Passenger,20 to 24,None,,,,,,,,,,,,,Yes,,Yes,,,,,Yes,Yes,Yes,,,,44,Flemingdon Park,44,Flemingdon Park (44),D55,634024.01789229,4841488.93318214
6483,81578362,1000952186,5/22/2021 4:00:00 AM,2312,DON MILLS RD,GATEWAY   BLVD,8 m South of,Major Arterial,North York,43.714331,-79.336314,Intersection Related,Traffic Signal,Clear,"Dark, artificial",Dry,Non-Fatal Injury,Pedestrian Collisions,Pedestrian,15 to 19,Major,,Unknown,,,,,Pedestrian hit on sidewalk or shoulder,On Sidewalk or Shoulder,Normal,,,,Yes,,Yes,,,,,Yes,Yes,Yes,,,,44,Flemingdon Park,44,Flemingdon Park (44),D55,634024.01789229,4841488.93318214
6484,81578417,1000969867,5/25/2021 4:00:00 AM,1520,QUEENS PARK CRES E,QUEENS PARK,200 m North ,Major Arterial,Toronto and East York,43.661261,-79.389972,Non Intersection,No Control,Clear,Daylight,Dry,Non-Fatal Injury,Other,Driver,40 to 44,None,,North,Municipal Transit Bus (TTC),Going Ahead,Driving Properly,Normal,,,,,,,,,,,,Yes,,Yes,,,,,,169,Bay-Cloverhill,76,Bay Street Corridor (76),D52,629815.800611914,4835509.41520253
6485,81578418,1000969867,5/25/2021 4:00:00 AM,1520,QUEENS PARK CRES E,QUEENS PARK,200 m North ,Major Arterial,Toronto and East York,43.661261,-79.389972,Non Intersection,No Control,Clear,Daylight,Dry,Non-Fatal Injury,Other,Passenger,70 to 74,Major,,,,,,,,,,,,,,,,,,Yes,,Yes,,,,,,169,Bay-Cloverhill,76,Bay Street Corridor (76),D52,629815.800611914,4835509.41520253
6486,81583749,1000988001,5/28/2021 4:00:00 AM,527,2043 DUNDAS ST W,,,Minor Arterial,Toronto and East York,43.651698,-79.4472,Non Intersection,No Control,Clear,"Dark, artificial",Dry,Non-Fatal Injury,SMV Unattended Vehicle,Driver,15 to 19,Minor,,East,Passenger Van,Going Ahead,Lost control,Inattentive,,,,,,,,,Yes,,,,,Yes,,,,,,86,Roncesvalles,86,Roncesvalles (86),D11,625221.364681781,4834359.36899398
6487,81583750,1000988001,5/28/2021 4:00:00 AM,527,2043 DUNDAS ST W,,,Minor Arterial,Toronto and East York,43.651698,-79.4472,Non Intersection,No Control,Clear,"Dark, artificial",Dry,Non-Fatal Injury,SMV Unattended Vehicle,Other,unknown,None,,East,"Automobile, Station Wagon",Parked,,,,,,,,,,,Yes,,,,,Yes,,,,,,86,Roncesvalles,86,Roncesvalles (86),D11,625221.364681781,4834359.36899398
6488,81583751,1000988001,5/28/2021 4:00:00 AM,527,2043 DUNDAS ST W,,,Minor Arterial,Toronto and East York,43.651698,-79.4472,Non Intersection,No Control,Clear,"Dark, artificial",Dry,Non-Fatal Injury,SMV Unattended Vehicle,Passenger,20 to 24,Major,,,,,,,,,,,,,,,Yes,,,,,Yes,,,,,,86,Roncesvalles,86,Roncesvalles (86),D11,625221.364681781,4834359.36899398
6489,81576832,1001003363,5/30/2021 4:00:00 AM,1315,BLOOR  ST W,GLENDONWYNNE RD,52 m East of,Major Arterial,Etobicoke York,43.651698,-79.473323,Non Intersection,No Control,Clear,Daylight,Dry,Non-Fatal Injury,Pedestrian Collisions,Driver,15 to 19,None,,West,"Automobile, Station Wagon",Going Ahead,Driving Properly,Normal,,,,,,,Yes,,Yes,,,,,Yes,,,,,,87,High Park-Swansea,87,High Park-Swansea (87),D11,623114.726465872,4834320.28134533
6490,81576833,1001003363,5/30/2021 4:00:00 AM,1315,BLOOR  ST W,GLENDONWYNNE RD,52 m East of,Major Arterial,Etobicoke York,43.651698,-79.473323,Non Intersection,No Control,Clear,Daylight,Dry,Non-Fatal Injury,Pedestrian Collisions,Passenger,15 to 19,None,,,,,,,,,,,,,Yes,,Yes,,,,,Yes,,,,,,87,High Park-Swansea,87,High Park-Swansea (87),D11,623114.726465872,4834320.28134533
6491,81576834,1001003363,5/30/2021 4:00:00 AM,1315,BLOOR  ST W,GLENDONWYNNE RD,52 m East of,Major Arterial,Etobicoke York,43.651698,-79.473323,Non Intersection,No Control,Clear,Daylight,Dry,Non-Fatal Injury,Pedestrian Collisions,Pedestrian,65 to 69,Major,,South,,,,,Pedestrian hit at mid-block,"Crossing, no Traffic Control",Normal,,,,Yes,,Yes,,,,,Yes,,,,,,87,High Park-Swansea,87,High Park-Swansea (87),D11,623114.726465872,4834320.28134533
6492,81583370,1001004435,5/30/2021 4:00:00 AM,1610,LAING ST,QUEEN ST E,,Minor Arterial,Toronto and East York,43.663836,-79.327312,At Intersection,Stop Sign,Clear,Daylight,Dry,Non-Fatal Injury,Turning Movement,Driver,20 to 24,None,,North,"Automobile, Station Wagon",Turning Left,Failed to Yield Right of Way,Inattentive,,,,,,,,,Yes,Yes,,,,Yes,,Yes,,,,65,Greenwood-Coxwell,65,Greenwood-Coxwell (65),D55,634862.337280441,4835895.35432195
6493,81583371,1001004435,5/30/2021 4:00:00 AM,1610,LAING ST,QUEEN ST E,,Minor Arterial,Toronto and East York,43.663836,-79.327312,At Intersection,Stop Sign,Clear,Daylight,Dry,Non-Fatal Injury,Turning Movement,Motorcycle Driver,40 to 44,Major,,East,Motorcycle,Going Ahead,Driving Properly,Unknown,,,,,,,,,Yes,Yes,,,,Yes,,Yes,,,,65,Greenwood-Coxwell,65,Greenwood-Coxwell (65),D55,634862.337280441,4835895.35432195
6494,81583372,1001004435,5/30/2021 4:00:00 AM,1610,LAING ST,QUEEN ST E,,Minor Arterial,Toronto and East York,43.663836,-79.327312,At Intersection,Stop Sign,Clear,Daylight,Dry,Non-Fatal Injury,Turning Movement,Passenger,40 to 44,None,,,,,,,,,,,,,,,Yes,Yes,,,,Yes,,Yes,,,,65,Greenwood-Coxwell,65,Greenwood-Coxwell (65),D55,634862.337280441,4835895.35432195
6495,81583373,1001004435,5/30/2021 4:00:00 AM,1610,LAING ST,QUEEN ST E,,Minor Arterial,Toronto and East York,43.663836,-79.327312,At Intersection,Stop Sign,Clear,Daylight,Dry,Non-Fatal Injury,Turning Movement,Passenger,20 to 24,None,,,,,,,,,,,,,,,Yes,Yes,,,,Yes,,Yes,,,,65,Greenwood-Coxwell,65,Greenwood-Coxwell (65),D55,634862.337280441,4835895.35432195
6496,81579333,1001013918,5/31/2021 4:00:00 AM,2240,DON VALLEY PARKWAY  S,DON MILLS RD,,Expressway,North York,43.698252,-79.340442,Non Intersection,No Control,Clear,"Dark, artificial",Dry,Fatal,SMV Other,Motorcycle Passenger,35 to 39,Fatal,9,,,,,,,,,,,,,,,Yes,,,,Yes,,,,,,58,Old East York,58,Old East York (58),D55,633727.219120321,4839696.46488508