OBJECTID,INDEX,ACCNUM,DATE,TIME,STREET1,STREET2,OFFSET,ROAD_CLASS,DISTRICT,LATITUDE,LONGITUDE,ACCLOC,TRAFFCTL,VISIBILITY,LIGHT,RDSFCOND,ACCLASS,IMPACTYPE,INVTYPE,INVAGE,INJURY,FATAL_NO,INITDIR,VEHTYPE,MANOEUVER,DRIVACT,DRIVCOND,PEDTYPE,PEDACT,PEDCOND,CYCLISTYPE,CYCACT,CYCCOND,PEDESTRIAN,CYCLIST,AUTOMOBILE,MOTORCYCLE,TRUCK,TRSN_CITY_VEH,EMERG_VEH,PASSENGER,SPEEDING,AG_DRIV,REDLIGHT,ALCOHOL,DISABILITY,HOOD_158,NEIGHBOURHOOD_158,HOOD_140,NEIGHBOURHOOD_140,DIVISION,x,y
6497,81579334,1001013918,5/31/2021 4:00:00 AM,2240,DON VALLEY PARKWAY  S,DON MILLS RD,,Expressway,North York,43.698252,-79.340442,Non Intersection,No Control,Clear,"Dark, artificial",Dry,Fatal,SMV Other,Motorcycle Driver,35 to 39,Major,,South,Motorcycle,Changing Lanes,Lost control,Unknown,,,,,,,,,,Yes,,,,Yes,,,,,,58,Old East York,58,Old East York (58),D55,633727.219120321,4839696.46488508
6498,81579337,1001013918,5/31/2021 4:00:00 AM,2240,DON VALLEY PARKWAY  S,DON MILLS RD,,Expressway,North York,43.698252,-79.340442,Non Intersection,No Control,Clear,"Dark, artificial",Dry,Fatal,SMV Other,Motorcycle Driver,40 to 44,Major,,South,Motorcycle,Changing Lanes,Lost control,Unknown,,,,,,,,,,Yes,,,,Yes,,,,,,58,Old East York,58,Old East York (58),D55,633727.219120321,4839696.46488508
6499,81578173,1001036123,6/3/2021 4:00:00 AM,2332,1651 ELLESMERE RD,,,Major Arterial,Scarborough,43.772353,-79.25027,At/Near Private Drive,Yield Sign,Clear,"Dark, artificial",Dry,Non-Fatal Injury,Turning Movement,Driver,20 to 24,None,,South,"Automobile, Station Wagon",Turning Left,Improper Turn,Inattentive,,,,,,,,,Yes,Yes,,,,Yes,,,,,,142,Woburn North,137,Woburn (137),D43,640819.560189566,4848075.88537701
6500,81578174,1001036123,6/3/2021 4:00:00 AM,2332,1651 ELLESMERE RD,,,Major Arterial,Scarborough,43.772353,-79.25027,At/Near Private Drive,Yield Sign,Clear,"Dark, artificial",Dry,Non-Fatal Injury,Turning Movement,Motorcycle Driver,15 to 19,Major,,West,Motorcycle,Going Ahead,Driving Properly,Normal,,,,,,,,,Yes,Yes,,,,Yes,,,,,,142,Woburn North,137,Woburn (137),D43,640819.560189566,4848075.88537701
6501,81578175,1001036123,6/3/2021 4:00:00 AM,2332,1651 ELLESMERE RD,,,Major Arterial,Scarborough,43.772353,-79.25027,At/Near Private Drive,Yield Sign,Clear,"Dark, artificial",Dry,Non-Fatal Injury,Turning Movement,Passenger,20 to 24,None,,,,,,,,,,,,,,,Yes,Yes,,,,Yes,,,,,,142,Woburn North,137,Woburn (137),D43,640819.560189566,4848075.88537701
6502,81578176,1001036123,6/3/2021 4:00:00 AM,2332,1651 ELLESMERE RD,,,Major Arterial,Scarborough,43.772353,-79.25027,At/Near Private Drive,Yield Sign,Clear,"Dark, artificial",Dry,Non-Fatal Injury,Turning Movement,Passenger,20 to 24,None,,,,,,,,,,,,,,,Yes,Yes,,,,Yes,,,,,,142,Woburn North,137,Woburn (137),D43,640819.560189566,4848075.88537701
6503,81578177,1001036123,6/3/2021 4:00:00 AM,2332,1651 ELLESMERE RD,,,Major Arterial,Scarborough,43.772353,-79.25027,At/Near Private Drive,Yield Sign,Clear,"Dark, artificial",Dry,Non-Fatal Injury,Turning Movement,Passenger,20 to 24,None,,,,,,,,,,,,,,,Yes,Yes,,,,Yes,,,,,,142,Woburn North,137,Woburn (137),D43,640819.560189566,4848075.88537701
6504,81578876,1001050520,6/5/2021 4:00:00 AM,2159,QUEEN ST W,BAY ST,50 m West of,Major Arterial,Toronto and East York,43.65161,-79.382747,Non Intersection,No Control,Clear,"Dark, artificial",Dry,Non-Fatal Injury,Rear End,Driver,15 to 19,None,,East,"Automobile, Station Wagon",Going Ahead,Following too Close,Inattentive,,,,,,,,,Yes,Yes,,,,Yes,,Yes,,,,170,Yonge-Bay Corridor,76,Bay Street Corridor (76),D52,630419.246666403,4834448.87411404
6505,81578877,1001050520,6/5/2021 4:00:00 AM,2159,QUEEN ST W,BAY ST,50 m West of,Major Arterial,Toronto and East York,43.65161,-79.382747,Non Intersection,No Control,Clear,"Dark, artificial",Dry,Non-Fatal Injury,Rear End,Motorcycle Driver,40 to 44,Minimal,,East,Motorcycle,Going Ahead,Driving Properly,Normal,,,,,,,,,Yes,Yes,,,,Yes,,Yes,,,,170,Yonge-Bay Corridor,76,Bay Street Corridor (76),D52,630419.246666403,4834448.87411404
6506,81578878,1001050520,6/5/2021 4:00:00 AM,2159,QUEEN ST W,BAY ST,50 m West of,Major Arterial,Toronto and East York,43.65161,-79.382747,Non Intersection,No Control,Clear,"Dark, artificial",Dry,Non-Fatal Injury,Rear End,Passenger,15 to 19,None,,,,,,,,,,,,,,,Yes,Yes,,,,Yes,,Yes,,,,170,Yonge-Bay Corridor,76,Bay Street Corridor (76),D52,630419.246666403,4834448.87411404
6507,81578879,1001050520,6/5/2021 4:00:00 AM,2159,QUEEN ST W,BAY ST,50 m West of,Major Arterial,Toronto and East York,43.65161,-79.382747,Non Intersection,No Control,Clear,"Dark, artificial",Dry,Non-Fatal Injury,Rear End,Motorcycle Passenger,30 to 34,Major,,,,,,,,,,,,,,,Yes,Yes,,,,Yes,,Yes,,,,170,Yonge-Bay Corridor,76,Bay Street Corridor (76),D52,630419.246666403,4834448.87411404
6508,81577519,1001163687,6/21/2021 4:00:00 AM,1842,FINCH AVE E,KENNETH AVE,90 m West of,Major Arterial,North York,43.780165,-79.413295,Non Intersection,No Control,Clear,Daylight,Dry,Fatal,Rear End,Driver,75 to 79,Major,,West,"Automobile, Station Wagon",Going Ahead,Lost control,Unknown,,,,,,,,,Yes,,,Yes,,Yes,,,,,,151,Yonge-Doris,51,Willowdale East (51),D32,627682.43181556,4848679.17652067
6509,81577520,1001163687,6/21/2021 4:00:00 AM,1842,FINCH AVE E,KENNETH AVE,90 m West of,Major Arterial,North York,43.780165,-79.413295,Non Intersection,No Control,Clear,Daylight,Dry,Fatal,Rear End,Driver,60 to 64,Minor,,West,Municipal Transit Bus (TTC),Going Ahead,Driving Properly,Normal,,,,,,,,,Yes,,,Yes,,Yes,,,,,,151,Yonge-Doris,51,Willowdale East (51),D32,627682.43181556,4848679.17652067
6510,81577521,1001163687,6/21/2021 4:00:00 AM,1842,FINCH AVE E,KENNETH AVE,90 m West of,Major Arterial,North York,43.780165,-79.413295,Non Intersection,No Control,Clear,Daylight,Dry,Fatal,Rear End,Passenger,75 to 79,Fatal,12,,,,,,,,,,,,,,Yes,,,Yes,,Yes,,,,,,151,Yonge-Doris,51,Willowdale East (51),D32,627682.43181556,4848679.17652067
6511,81577522,1001163687,6/21/2021 4:00:00 AM,1842,FINCH AVE E,KENNETH AVE,90 m West of,Major Arterial,North York,43.780165,-79.413295,Non Intersection,No Control,Clear,Daylight,Dry,Fatal,Rear End,Passenger,60 to 64,Minor,,,,,,,,,,,,,,,Yes,,,Yes,,Yes,,,,,,151,Yonge-Doris,51,Willowdale East (51),D32,627682.43181556,4848679.17652067
6512,81578619,1001241239,7/2/2021 4:00:00 AM,1711,JANE  ST,WILSON  AVE,5 m North of,Major Arterial,North York,43.720843,-79.508594,Intersection Related,Traffic Signal,Clear,Daylight,Wet,Non-Fatal Injury,Pedestrian Collisions,Driver,30 to 34,None,,West,Pick Up Truck,Turning Right,Driving Properly,Normal,,,,,,,Yes,,Yes,,,,,Yes,,,,,,154,Oakdale-Beverley Heights,26,Downsview-Roding-CFB (26),D31,620132.266158822,4841948.04014284
6513,81578620,1001241239,7/2/2021 4:00:00 AM,1711,JANE  ST,WILSON  AVE,5 m North of,Major Arterial,North York,43.720843,-79.508594,Intersection Related,Traffic Signal,Clear,Daylight,Wet,Non-Fatal Injury,Pedestrian Collisions,Passenger,55 to 59,None,,,,,,,,,,,,,Yes,,Yes,,,,,Yes,,,,,,154,Oakdale-Beverley Heights,26,Downsview-Roding-CFB (26),D31,620132.266158822,4841948.04014284
6514,81578621,1001241239,7/2/2021 4:00:00 AM,1711,JANE  ST,WILSON  AVE,5 m North of,Major Arterial,North York,43.720843,-79.508594,Intersection Related,Traffic Signal,Clear,Daylight,Wet,Non-Fatal Injury,Pedestrian Collisions,Pedestrian,60 to 64,Major,,West,,,,,Vehicle turns right while ped crosses without ROW at inter.,Crossing without right of way,Inattentive,,,,Yes,,Yes,,,,,Yes,,,,,,154,Oakdale-Beverley Heights,26,Downsview-Roding-CFB (26),D31,620132.266158822,4841948.04014284
6515,81579338,1001364901,7/20/2021 4:00:00 AM,1611,CARLINGVIEW DR,CONSTELLATION CRT,,Major Arterial,Etobicoke York,43.690688,-79.597316,At Intersection,No Control,Clear,Daylight,Dry,Fatal,SMV Other,Driver,65 to 69,Fatal,20,South,"Automobile, Station Wagon",Going Ahead,Lost control,Unknown,,,,,,,,,Yes,,,,,Yes,,,,,,1,West Humber-Clairville,1,West Humber-Clairville (1),D23,613042.351534383,4838474.14479027
6516,81579339,1001364901,7/20/2021 4:00:00 AM,1611,CARLINGVIEW DR,CONSTELLATION CRT,,Major Arterial,Etobicoke York,43.690688,-79.597316,At Intersection,No Control,Clear,Daylight,Dry,Fatal,SMV Other,Passenger,65 to 69,Fatal,19,,,,,,,,,,,,,,Yes,,,,,Yes,,,,,,1,West Humber-Clairville,1,West Humber-Clairville (1),D23,613042.351534383,4838474.14479027
6517,81579335,1001373443,7/21/2021 4:00:00 AM,1937,27 S 427 C S RAMP,HIGHWAY 401 X  E,,Expressway Ramp,Etobicoke York,43.677428,-79.577968,Non Intersection,No Control,Clear,Daylight,Dry,Fatal,Rear End,Driver,35 to 39,Minimal,,South,"Automobile, Station Wagon",Going Ahead,Exceeding Speed Limit,Normal,,,,,,,,,Yes,,,,,Yes,Yes,Yes,,,,1,West Humber-Clairville,1,West Humber-Clairville (1),D23,614626.86874615,4837028.0020883
6518,81579341,1001373443,7/21/2021 4:00:00 AM,1937,27 S 427 C S RAMP,HIGHWAY 401 X  E,,Expressway Ramp,Etobicoke York,43.677428,-79.577968,Non Intersection,No Control,Clear,Daylight,Dry,Fatal,Rear End,Driver,35 to 39,None,,South,"Automobile, Station Wagon",Going Ahead,Driving Properly,Normal,,,,,,,,,Yes,,,,,Yes,Yes,Yes,,,,1,West Humber-Clairville,1,West Humber-Clairville (1),D23,614626.86874615,4837028.0020883
6519,81579343,1001373443,7/21/2021 4:00:00 AM,1937,27 S 427 C S RAMP,HIGHWAY 401 X  E,,Expressway Ramp,Etobicoke York,43.677428,-79.577968,Non Intersection,No Control,Clear,Daylight,Dry,Fatal,Rear End,Passenger,35 to 39,Fatal,21,,,,,,,,,,,,,,Yes,,,,,Yes,Yes,Yes,,,,1,West Humber-Clairville,1,West Humber-Clairville (1),D23,614626.86874615,4837028.0020883
6520,81579344,1001373443,7/21/2021 4:00:00 AM,1937,27 S 427 C S RAMP,HIGHWAY 401 X  E,,Expressway Ramp,Etobicoke York,43.677428,-79.577968,Non Intersection,No Control,Clear,Daylight,Dry,Fatal,Rear End,Passenger,35 to 39,Minimal,,,,,,,,,,,,,,,Yes,,,,,Yes,Yes,Yes,,,,1,West Humber-Clairville,1,West Humber-Clairville (1),D23,614626.86874615,4837028.0020883
6521,81579258,1001385290,7/23/2021 4:00:00 AM,1335,VICTORIA PARK AVE,EDGE PARK  AVE,19 m North o,Major Arterial,Scarborough,43.718081,-79.299884,Non Intersection,No Control,Clear,Daylight,Dry,Non-Fatal Injury,Pedestrian Collisions,Driver,35 to 39,None,,North,Pick Up Truck,Going Ahead,Driving Properly,Normal,,,,,,,Yes,,Yes,,,,,Yes,,,,,,43,Victoria Village,120,Clairlea-Birchmount (120),D55,636950.253085805,4841964.97702056
6522,81579259,1001385290,7/23/2021 4:00:00 AM,1335,VICTORIA PARK AVE,EDGE PARK  AVE,19 m North o,Major Arterial,Scarborough,43.718081,-79.299884,Non Intersection,No Control,Clear,Daylight,Dry,Non-Fatal Injury,Pedestrian Collisions,Passenger,35 to 39,None,,,Pick Up Truck,,,,,,,,,,Yes,,Yes,,,,,Yes,,,,,,43,Victoria Village,120,Clairlea-Birchmount (120),D55,636950.253085805,4841964.97702056
6523,81579260,1001385290,7/23/2021 4:00:00 AM,1335,VICTORIA PARK AVE,EDGE PARK  AVE,19 m North o,Major Arterial,Scarborough,43.718081,-79.299884,Non Intersection,No Control,Clear,Daylight,Dry,Non-Fatal Injury,Pedestrian Collisions,Pedestrian,20 to 24,Major,,East,,,,,Pedestrian hit at mid-block,Running onto Roadway,Inattentive,,,,Yes,,Yes,,,,,Yes,,,,,,43,Victoria Village,120,Clairlea-Birchmount (120),D55,636950.253085805,4841964.97702056
6524,81786826,1001390189,7/24/2021 4:00:00 AM,440,670 BIRCHMOUNT RD,ANACONDA AVENUE,139 m North ,,,43.721084,-79.274189,At/Near Private Drive,Traffic Signal,Clear,"Dark, artificial",Dry,Non-Fatal Injury,SMV Other,Driver,30 to 34,Minor,,North,"Automobile, Station Wagon",Going Ahead,Lost control,Fatigue,,,,,,,,,Yes,,,,,Yes,Yes,Yes,,,,120,Clairlea-Birchmount,120,Clairlea-Birchmount (120),D41,639013.153519784,4842341.28410899
6525,81786827,1001390189,7/24/2021 4:00:00 AM,440,670 BIRCHMOUNT RD,ANACONDA AVENUE,139 m North ,,,43.721084,-79.274189,At/Near Private Drive,Traffic Signal,Clear,"Dark, artificial",Dry,Non-Fatal Injury,SMV Other,Passenger,10 to 14,Major,,,,,,,,,,,,,,,Yes,,,,,Yes,Yes,Yes,,,,120,Clairlea-Birchmount,120,Clairlea-Birchmount (120),D41,639013.153519784,4842341.28410899
6526,81786828,1001390189,7/24/2021 4:00:00 AM,440,670 BIRCHMOUNT RD,ANACONDA AVENUE,139 m North ,,,43.721084,-79.274189,At/Near Private Drive,Traffic Signal,Clear,"Dark, artificial",Dry,Non-Fatal Injury,SMV Other,Passenger,5 to 9,Major,,,,,,,,,,,,,,,Yes,,,,,Yes,Yes,Yes,,,,120,Clairlea-Birchmount,120,Clairlea-Birchmount (120),D41,639013.153519784,4842341.28410899
6527,81580177,1001394967,7/24/2021 4:00:00 AM,2137,WILLIAM R ALLEN RD N,WILSON AVE,,,,43.733981,-79.449664,Intersection Related,No Control,Rain,"Dark, artificial",Wet,Non-Fatal Injury,Rear End,Driver,20 to 24,None,,North,"Automobile, Station Wagon",Going Ahead,Failed to Yield Right of Way,Inattentive,,,,,,,,,Yes,,,,,Yes,,Yes,,,,33,Clanton Park,33,Clanton Park (33),D32,624851.800806027,4843494.30873808
6528,81580178,1001394967,7/24/2021 4:00:00 AM,2137,WILLIAM R ALLEN RD N,WILSON AVE,,,,43.733981,-79.449664,Intersection Related,No Control,Rain,"Dark, artificial",Wet,Non-Fatal Injury,Rear End,Driver,30 to 34,Major,,North,"Automobile, Station Wagon",Going Ahead,Driving Properly,Normal,,,,,,,,,Yes,,,,,Yes,,Yes,,,,33,Clanton Park,33,Clanton Park (33),D32,624851.800806027,4843494.30873808
6529,81580179,1001394967,7/24/2021 4:00:00 AM,2137,WILLIAM R ALLEN RD N,WILSON AVE,,,,43.733981,-79.449664,Intersection Related,No Control,Rain,"Dark, artificial",Wet,Non-Fatal Injury,Rear End,Passenger,15 to 19,None,,,,,,,,,,,,,,,Yes,,,,,Yes,,Yes,,,,33,Clanton Park,33,Clanton Park (33),D32,624851.800806027,4843494.30873808
6530,81580180,1001394967,7/24/2021 4:00:00 AM,2137,WILLIAM R ALLEN RD N,WILSON AVE,,,,43.733981,-79.449664,Intersection Related,No Control,Rain,"Dark, artificial",Wet,Non-Fatal Injury,Rear End,Passenger,15 to 19,None,,,,,,,,,,,,,,,Yes,,,,,Yes,,Yes,,,,33,Clanton Park,33,Clanton Park (33),D32,624851.800806027,4843494.30873808
6531,81580181,1001394967,7/24/2021 4:00:00 AM,2137,WILLIAM R ALLEN RD N,WILSON AVE,,,,43.733981,-79.449664,Intersection Related,No Control,Rain,"Dark, artificial",Wet,Non-Fatal Injury,Rear End,Passenger,30 to 34,Minor,,,,,,,,,,,,,,,Yes,,,,,Yes,,Yes,,,,33,Clanton Park,33,Clanton Park (33),D32,624851.800806027,4843494.30873808
6532,81580182,1001394967,7/24/2021 4:00:00 AM,2137,WILLIAM R ALLEN RD N,WILSON AVE,,,,43.733981,-79.449664,Intersection Related,No Control,Rain,"Dark, artificial",Wet,Non-Fatal Injury,Rear End,Passenger,35 to 39,Minor,,,,,,,,,,,,,,,Yes,,,,,Yes,,Yes,,,,33,Clanton Park,33,Clanton Park (33),D32,624851.800806027,4843494.30873808
6533,81580183,1001394967,7/24/2021 4:00:00 AM,2137,WILLIAM R ALLEN RD N,WILSON AVE,,,,43.733981,-79.449664,Intersection Related,No Control,Rain,"Dark, artificial",Wet,Non-Fatal Injury,Rear End,Passenger,35 to 39,Major,,,,,,,,,,,,,,,Yes,,,,,Yes,,Yes,,,,33,Clanton Park,33,Clanton Park (33),D32,624851.800806027,4843494.30873808
6534,81579552,1001402939,7/26/2021 4:00:00 AM,400,OAKWOOD AVE,ROGERS RD,,Minor Arterial,Toronto and East York,43.68706,-79.438655,At Intersection,Traffic Signal,Clear,"Dark, artificial",Dry,Non-Fatal Injury,Turning Movement,Driver,20 to 24,Minor,,South,"Automobile, Station Wagon",Making U Turn,Improper Turn,Unknown,,,,,,,,,Yes,,,,,Yes,,Yes,,,,107,Oakwood Village,107,Oakwood Village (107),D13,625836.541397886,4838299.71959139
6535,81579553,1001402939,7/26/2021 4:00:00 AM,400,OAKWOOD AVE,ROGERS RD,,Minor Arterial,Toronto and East York,43.68706,-79.438655,At Intersection,Traffic Signal,Clear,"Dark, artificial",Dry,Non-Fatal Injury,Turning Movement,Driver,25 to 29,Major,,North,"Automobile, Station Wagon",Going Ahead,Driving Properly,Had Been Drinking,,,,,,,,,Yes,,,,,Yes,,Yes,,,,107,Oakwood Village,107,Oakwood Village (107),D13,625836.541397886,4838299.71959139
6536,81579554,1001402939,7/26/2021 4:00:00 AM,400,OAKWOOD AVE,ROGERS RD,,Minor Arterial,Toronto and East York,43.68706,-79.438655,At Intersection,Traffic Signal,Clear,"Dark, artificial",Dry,Non-Fatal Injury,Turning Movement,Passenger,20 to 24,Minimal,,,,,,,,,,,,,,,Yes,,,,,Yes,,Yes,,,,107,Oakwood Village,107,Oakwood Village (107),D13,625836.541397886,4838299.71959139
6537,81579555,1001402939,7/26/2021 4:00:00 AM,400,OAKWOOD AVE,ROGERS RD,,Minor Arterial,Toronto and East York,43.68706,-79.438655,At Intersection,Traffic Signal,Clear,"Dark, artificial",Dry,Non-Fatal Injury,Turning Movement,Passenger,20 to 24,Minimal,,,,,,,,,,,,,,,Yes,,,,,Yes,,Yes,,,,107,Oakwood Village,107,Oakwood Village (107),D13,625836.541397886,4838299.71959139
6538,81579810,1001438929,7/31/2021 4:00:00 AM,36,F G GARDINER XY E,LOWER JARVIS ST,30 m West of,Expressway,Toronto and East York,43.645636,-79.370395,Non Intersection,No Control,Clear,"Dark, artificial",Dry,Non-Fatal Injury,Rear End,Motorcycle Driver,35 to 39,Major,,East,Motorcycle,Going Ahead,Speed too Fast For Condition,Inattentive,,,,,,,,,Yes,Yes,,,,Yes,Yes,Yes,,,,166,St Lawrence-East Bayfront-The Islands,77,Waterfront Communities-The Island (77),D51,631428.381854276,4833804.87041473
6539,81579811,1001438929,7/31/2021 4:00:00 AM,36,F G GARDINER XY E,LOWER JARVIS ST,30 m West of,Expressway,Toronto and East York,43.645636,-79.370395,Non Intersection,No Control,Clear,"Dark, artificial",Dry,Non-Fatal Injury,Rear End,Driver,50 to 54,None,,East,"Automobile, Station Wagon",Going Ahead,Driving Properly,Normal,,,,,,,,,Yes,Yes,,,,Yes,Yes,Yes,,,,166,St Lawrence-East Bayfront-The Islands,77,Waterfront Communities-The Island (77),D51,631428.381854276,4833804.87041473
6540,81579812,1001438929,7/31/2021 4:00:00 AM,36,F G GARDINER XY E,LOWER JARVIS ST,30 m West of,Expressway,Toronto and East York,43.645636,-79.370395,Non Intersection,No Control,Clear,"Dark, artificial",Dry,Non-Fatal Injury,Rear End,Passenger,50 to 54,None,,East,"Automobile, Station Wagon",Going Ahead,,,,,,,,,,,Yes,Yes,,,,Yes,Yes,Yes,,,,166,St Lawrence-East Bayfront-The Islands,77,Waterfront Communities-The Island (77),D51,631428.381854276,4833804.87041473
6541,81579813,1001438929,7/31/2021 4:00:00 AM,36,F G GARDINER XY E,LOWER JARVIS ST,30 m West of,Expressway,Toronto and East York,43.645636,-79.370395,Non Intersection,No Control,Clear,"Dark, artificial",Dry,Non-Fatal Injury,Rear End,Passenger,15 to 19,None,,East,"Automobile, Station Wagon",Going Ahead,,,,,,,,,,,Yes,Yes,,,,Yes,Yes,Yes,,,,166,St Lawrence-East Bayfront-The Islands,77,Waterfront Communities-The Island (77),D51,631428.381854276,4833804.87041473
6542,81579729,1001445870,8/1/2021 4:00:00 AM,54,LAKE SHORE BLVD W,BATHURST ST,,Major Arterial,Toronto and East York,43.636386,-79.399608,At Intersection,Traffic Signal,Clear,"Dark, artificial",Dry,Non-Fatal Injury,Angle,Driver,30 to 34,Minimal,,North,"Automobile, Station Wagon",Going Ahead,Other,Normal,,,,,,,,,Yes,,,,,Yes,,Yes,Yes,,,163,Fort York-Liberty Village,82,Niagara (82),D14,629092.124396464,4832731.6901427
6543,81579730,1001445870,8/1/2021 4:00:00 AM,54,LAKE SHORE BLVD W,BATHURST ST,,Major Arterial,Toronto and East York,43.636386,-79.399608,At Intersection,Traffic Signal,Clear,"Dark, artificial",Dry,Non-Fatal Injury,Angle,Driver,40 to 44,Major,,West,"Automobile, Station Wagon",Going Ahead,Disobeyed Traffic Control,Other,,,,,,,,,Yes,,,,,Yes,,Yes,Yes,,,163,Fort York-Liberty Village,82,Niagara (82),D14,629092.124396464,4832731.6901427
6544,81579731,1001445870,8/1/2021 4:00:00 AM,54,LAKE SHORE BLVD W,BATHURST ST,,Major Arterial,Toronto and East York,43.636386,-79.399608,At Intersection,Traffic Signal,Clear,"Dark, artificial",Dry,Non-Fatal Injury,Angle,Passenger,30 to 34,Minimal,,North,"Automobile, Station Wagon",Going Ahead,,,,,,,,,,,Yes,,,,,Yes,,Yes,Yes,,,163,Fort York-Liberty Village,82,Niagara (82),D14,629092.124396464,4832731.6901427
6545,81579847,1001538488,8/14/2021 4:00:00 AM,243,BLOOR ST W,EAGLE RD,,Major Arterial,Etobicoke York,43.645354,-79.520053,Non Intersection,No Control,Clear,"Dark, artificial",Dry,Fatal,Pedestrian Collisions,Passenger,20 to 24,Fatal,25,,,,,,,,,,,,,,Yes,,,,,Yes,Yes,Yes,,,,16,Stonegate-Queensway,16,Stonegate-Queensway (16),D22,619358.8446988,4833547.43264982
6546,81579848,1001538488,8/14/2021 4:00:00 AM,243,BLOOR ST W,EAGLE RD,,Major Arterial,Etobicoke York,43.645354,-79.520053,Non Intersection,No Control,Clear,"Dark, artificial",Dry,Fatal,Pedestrian Collisions,Driver,20 to 24,Minor,,West,"Automobile, Station Wagon",Going Ahead,Speed too Fast For Condition,Inattentive,,,,,,,,,Yes,,,,,Yes,Yes,Yes,,,,16,Stonegate-Queensway,16,Stonegate-Queensway (16),D22,619358.8446988,4833547.43264982
6547,81580152,1001547694,8/15/2021 4:00:00 AM,1415,DON VALLEY PARKWAY  N,BAYVIEW BLOOR DVP N RAMP,1 km North o,Expressway,Scarborough,43.690997,-79.359271,Non Intersection,No Control,Clear,Daylight,Dry,Fatal,Rear End,Motorcycle Driver,20 to 24,Fatal,29,North,Motorcycle,Going Ahead,Speed too Fast For Condition,Unknown,,,,,,,,,,Yes,Yes,,,Yes,Yes,Yes,,,,57,Broadview North,57,Broadview North (57),D55,632225.906005008,4838860.49844759
6548,81580153,1001547694,8/15/2021 4:00:00 AM,1415,DON VALLEY PARKWAY  N,BAYVIEW BLOOR DVP N RAMP,1 km North o,Expressway,Scarborough,43.690997,-79.359271,Non Intersection,No Control,Clear,Daylight,Dry,Fatal,Rear End,Truck Driver,20 to 24,None,,North,Truck - Dump,Going Ahead,Driving Properly,Normal,,,,,,,,,,Yes,Yes,,,Yes,Yes,Yes,,,,57,Broadview North,57,Broadview North (57),D55,632225.906005008,4838860.49844759
6549,81580154,1001547694,8/15/2021 4:00:00 AM,1415,DON VALLEY PARKWAY  N,BAYVIEW BLOOR DVP N RAMP,1 km North o,Expressway,Scarborough,43.690997,-79.359271,Non Intersection,No Control,Clear,Daylight,Dry,Fatal,Rear End,Passenger,30 to 34,None,,,,,,,,,,,,,,,,Yes,Yes,,,Yes,Yes,Yes,,,,57,Broadview North,57,Broadview North (57),D55,632225.906005008,4838860.49844759
6550,81580991,1001598412,8/22/2021 4:00:00 AM,1828,MARTIN GROVE RD,Near TOLLINGTON RD,1 m North of,Major Arterial,Etobicoke York,43.686652,-79.568607,Non Intersection,No Control,Clear,Daylight,Dry,Non-Fatal Injury,Turning Movement,Driver,15 to 19,Minor,,North,"Automobile, Station Wagon",Making U Turn,Improper Turn,Inattentive,,,,,,,,,Yes,,,,,Yes,,,,,,7,Willowridge-Martingrove-Richview,7,Willowridge-Martingrove-Richview (7),D23,615363.764022475,4838065.42797893
6551,81580992,1001598412,8/22/2021 4:00:00 AM,1828,MARTIN GROVE RD,Near TOLLINGTON RD,1 m North of,Major Arterial,Etobicoke York,43.686652,-79.568607,Non Intersection,No Control,Clear,Daylight,Dry,Non-Fatal Injury,Turning Movement,Driver,30 to 34,Minimal,,North,"Automobile, Station Wagon",Going Ahead,Driving Properly,Normal,,,,,,,,,Yes,,,,,Yes,,,,,,7,Willowridge-Martingrove-Richview,7,Willowridge-Martingrove-Richview (7),D23,615363.764022475,4838065.42797893
6552,81580993,1001598412,8/22/2021 4:00:00 AM,1828,MARTIN GROVE RD,Near TOLLINGTON RD,1 m North of,Major Arterial,Etobicoke York,43.686652,-79.568607,Non Intersection,No Control,Clear,Daylight,Dry,Non-Fatal Injury,Turning Movement,Passenger,15 to 19,Minimal,,North,"Automobile, Station Wagon",Making U Turn,,,,,,,,,,,Yes,,,,,Yes,,,,,,7,Willowridge-Martingrove-Richview,7,Willowridge-Martingrove-Richview (7),D23,615363.764022475,4838065.42797893
6553,81580994,1001598412,8/22/2021 4:00:00 AM,1828,MARTIN GROVE RD,Near TOLLINGTON RD,1 m North of,Major Arterial,Etobicoke York,43.686652,-79.568607,Non Intersection,No Control,Clear,Daylight,Dry,Non-Fatal Injury,Turning Movement,Passenger,15 to 19,Major,,North,"Automobile, Station Wagon",Making U Turn,,,,,,,,,,,Yes,,,,,Yes,,,,,,7,Willowridge-Martingrove-Richview,7,Willowridge-Martingrove-Richview (7),D23,615363.764022475,4838065.42797893
6554,81580995,1001598412,8/22/2021 4:00:00 AM,1828,MARTIN GROVE RD,Near TOLLINGTON RD,1 m North of,Major Arterial,Etobicoke York,43.686652,-79.568607,Non Intersection,No Control,Clear,Daylight,Dry,Non-Fatal Injury,Turning Movement,Passenger,15 to 19,Major,,North,"Automobile, Station Wagon",Going Ahead,,,,,,,,,,,Yes,,,,,Yes,,,,,,7,Willowridge-Martingrove-Richview,7,Willowridge-Martingrove-Richview (7),D23,615363.764022475,4838065.42797893