OBJECTID,INDEX,ACCNUM,DATE,TIME,STREET1,STREET2,OFFSET,ROAD_CLASS,DISTRICT,LATITUDE,LONGITUDE,ACCLOC,TRAFFCTL,VISIBILITY,LIGHT,RDSFCOND,ACCLASS,IMPACTYPE,INVTYPE,INVAGE,INJURY,FATAL_NO,INITDIR,VEHTYPE,MANOEUVER,DRIVACT,DRIVCOND,PEDTYPE,PEDACT,PEDCOND,CYCLISTYPE,CYCACT,CYCCOND,PEDESTRIAN,CYCLIST,AUTOMOBILE,MOTORCYCLE,TRUCK,TRSN_CITY_VEH,EMERG_VEH,PASSENGER,SPEEDING,AG_DRIV,REDLIGHT,ALCOHOL,DISABILITY,HOOD_158,NEIGHBOURHOOD_158,HOOD_140,NEIGHBOURHOOD_140,DIVISION,x,y
6555,81580996,1001598412,8/22/2021 4:00:00 AM,1828,MARTIN GROVE RD,Near TOLLINGTON RD,1 m North of,Major Arterial,Etobicoke York,43.686652,-79.568607,Non Intersection,No Control,Clear,Daylight,Dry,Non-Fatal Injury,Turning Movement,Passenger,15 to 19,Minimal,,North,"Automobile, Station Wagon",Making U Turn,,,,,,,,,,,Yes,,,,,Yes,,,,,,7,Willowridge-Martingrove-Richview,7,Willowridge-Martingrove-Richview (7),D23,615363.764022475,4838065.42797893
6556,81580997,1001598412,8/22/2021 4:00:00 AM,1828,MARTIN GROVE RD,Near TOLLINGTON RD,1 m North of,Major Arterial,Etobicoke York,43.686652,-79.568607,Non Intersection,No Control,Clear,Daylight,Dry,Non-Fatal Injury,Turning Movement,Passenger,30 to 34,None,,North,"Automobile, Station Wagon",Going Ahead,,,,,,,,,,,Yes,,,,,Yes,,,,,,7,Willowridge-Martingrove-Richview,7,Willowridge-Martingrove-Richview (7),D23,615363.764022475,4838065.42797893
6557,81580998,1001598412,8/22/2021 4:00:00 AM,1828,MARTIN GROVE RD,Near TOLLINGTON RD,1 m North of,Major Arterial,Etobicoke York,43.686652,-79.568607,Non Intersection,No Control,Clear,Daylight,Dry,Non-Fatal Injury,Turning Movement,Passenger,0 to 4,None,,North,"Automobile, Station Wagon",Going Ahead,,,,,,,,,,,Yes,,,,,Yes,,,,,,7,Willowridge-Martingrove-Richview,7,Willowridge-Martingrove-Richview (7),D23,615363.764022475,4838065.42797893
6558,81581579,1001600132,8/23/2021 4:00:00 AM,2,LAKE SHORE BV W,LOWER SIMCOE ST,,Expressway,Toronto and East York,43.640597,-79.383136,At Intersection,Traffic Signal,Clear,"Dark, artificial",Dry,Non-Fatal Injury,Turning Movement,Driver,65 to 69,Minor,,South,"Automobile, Station Wagon",Turning Right,Improper Turn,Inattentive,,,,,,,,,Yes,,,,,Yes,Yes,Yes,,,,165,Harbourfront-CityPlace,77,Waterfront Communities-The Island (77),D52,630411.706069143,4833225.12560883
6559,81581580,1001600132,8/23/2021 4:00:00 AM,2,LAKE SHORE BV W,LOWER SIMCOE ST,,Expressway,Toronto and East York,43.640597,-79.383136,At Intersection,Traffic Signal,Clear,"Dark, artificial",Dry,Non-Fatal Injury,Turning Movement,Driver,20 to 24,Major,,West,"Automobile, Station Wagon",Going Ahead,Driving Properly,Normal,,,,,,,,,Yes,,,,,Yes,Yes,Yes,,,,165,Harbourfront-CityPlace,77,Waterfront Communities-The Island (77),D52,630411.706069143,4833225.12560883
6560,81581581,1001600132,8/23/2021 4:00:00 AM,2,LAKE SHORE BV W,LOWER SIMCOE ST,,Expressway,Toronto and East York,43.640597,-79.383136,At Intersection,Traffic Signal,Clear,"Dark, artificial",Dry,Non-Fatal Injury,Turning Movement,Passenger,20 to 24,Major,,West,"Automobile, Station Wagon",Going Ahead,,,,,,,,,,,Yes,,,,,Yes,Yes,Yes,,,,165,Harbourfront-CityPlace,77,Waterfront Communities-The Island (77),D52,630411.706069143,4833225.12560883
6561,81582388,1001637805,8/28/2021 4:00:00 AM,300,YORE RD,KEELE ST,,Major Arterial,Etobicoke York,43.691775,-79.474246,Intersection Related,No Control,Clear,"Dark, artificial",Dry,Non-Fatal Injury,SMV Other,Motorcycle Driver,15 to 19,Major,,West,Motorcycle,Going Ahead,Exceeding Speed Limit,Unknown,,,,,,,,,,Yes,,,,Yes,Yes,Yes,,,,112,Beechborough-Greenbrook,112,Beechborough-Greenbrook (112),D12,622958.425747423,4838769.99481502
6562,81582389,1001637805,8/28/2021 4:00:00 AM,300,YORE RD,KEELE ST,,Major Arterial,Etobicoke York,43.691775,-79.474246,Intersection Related,No Control,Clear,"Dark, artificial",Dry,Non-Fatal Injury,SMV Other,Motorcycle Passenger,unknown,Minor,,,Motorcycle,,,,,,,,,,,,,Yes,,,,Yes,Yes,Yes,,,,112,Beechborough-Greenbrook,112,Beechborough-Greenbrook (112),D12,622958.425747423,4838769.99481502
6563,81588344,1001647780,8/29/2021 4:00:00 AM,1500,JANE ST,SHEPPARD AVE,,Major Arterial,North York,43.739371,-79.513194,At Intersection,Traffic Signal,Clear,Daylight,Dry,Non-Fatal Injury,Turning Movement,Driver,55 to 59,None,,South,"Automobile, Station Wagon",Turning Left,Failed to Yield Right of Way,Inattentive,,,,,,,,,Yes,Yes,,,,Yes,,Yes,,,,25,Glenfield-Jane Heights,25,Glenfield-Jane Heights (25),D31,619724.813636253,4843999.180957
6564,81588345,1001647780,8/29/2021 4:00:00 AM,1500,JANE ST,SHEPPARD AVE,,Major Arterial,North York,43.739371,-79.513194,At Intersection,Traffic Signal,Clear,Daylight,Dry,Non-Fatal Injury,Turning Movement,Motorcycle Driver,25 to 29,Major,,North,Motorcycle,Going Ahead,Driving Properly,Normal,,,,,,,,,Yes,Yes,,,,Yes,,Yes,,,,25,Glenfield-Jane Heights,25,Glenfield-Jane Heights (25),D31,619724.813636253,4843999.180957
6565,81588346,1001647780,8/29/2021 4:00:00 AM,1500,JANE ST,SHEPPARD AVE,,Major Arterial,North York,43.739371,-79.513194,At Intersection,Traffic Signal,Clear,Daylight,Dry,Non-Fatal Injury,Turning Movement,Passenger,50 to 54,None,,South,"Automobile, Station Wagon",Turning Left,,,,,,,,,,,Yes,Yes,,,,Yes,,Yes,,,,25,Glenfield-Jane Heights,25,Glenfield-Jane Heights (25),D31,619724.813636253,4843999.180957
6566,81581481,1001719723,9/1/2021 4:00:00 AM,1124,COXWELL AVE,GERRARD ST E,,Minor Arterial,Toronto and East York,43.67525,-79.320316,At Intersection,Traffic Signal,Clear,Daylight,Dry,Fatal,Other,Passenger,85 to 89,Fatal,36,,,,,,,,,,,,,,,,,Yes,,Yes,,,,,,65,Greenwood-Coxwell,65,Greenwood-Coxwell (65),D55,635400.735531635,4837174.43101445
6567,81581483,1001719723,9/1/2021 4:00:00 AM,1124,COXWELL AVE,GERRARD ST E,,Minor Arterial,Toronto and East York,43.67525,-79.320316,At Intersection,Traffic Signal,Clear,Daylight,Dry,Fatal,Other,Driver,60 to 64,None,,North,Municipal Transit Bus (TTC),Going Ahead,Driving Properly,Normal,,,,,,,,,,,,Yes,,Yes,,,,,,65,Greenwood-Coxwell,65,Greenwood-Coxwell (65),D55,635400.735531635,4837174.43101445
6568,81582839,1001708062,9/7/2021 4:00:00 AM,630,HORNER AV,ALDERCREST RD,5 m South of,Minor Arterial,Etobicoke York,43.602839,-79.539798,Non Intersection,No Control,Clear,"Dark, artificial",Dry,Non-Fatal Injury,Rear End,Driver,20 to 24,Minor,,West,"Automobile, Station Wagon",Stopped,Lost control,Inattentive,,,,,,,,,Yes,,Yes,,,Yes,,,,,,20,Alderwood,20,Alderwood (20),D22,617849.423866346,4828797.41505044
6569,81582840,1001708062,9/7/2021 4:00:00 AM,630,HORNER AV,ALDERCREST RD,5 m South of,Minor Arterial,Etobicoke York,43.602839,-79.539798,Non Intersection,No Control,Clear,"Dark, artificial",Dry,Non-Fatal Injury,Rear End,Truck Driver,70 to 74,None,,West,Truck-Tractor,Going Ahead,Driving Properly,Normal,,,,,,,,,Yes,,Yes,,,Yes,,,,,,20,Alderwood,20,Alderwood (20),D22,617849.423866346,4828797.41505044
6570,81582841,1001708062,9/7/2021 4:00:00 AM,630,HORNER AV,ALDERCREST RD,5 m South of,Minor Arterial,Etobicoke York,43.602839,-79.539798,Non Intersection,No Control,Clear,"Dark, artificial",Dry,Non-Fatal Injury,Rear End,Passenger,25 to 29,Major,,West,"Automobile, Station Wagon",Stopped,,,,,,,,,,,Yes,,Yes,,,Yes,,,,,,20,Alderwood,20,Alderwood (20),D22,617849.423866346,4828797.41505044
6571,81584048,1001735558,9/10/2021 4:00:00 AM,1926,GERRARD ST E,YONGE  ST,58 m East of,Minor Arterial,Toronto and East York,43.659201,-79.381183,Non Intersection,No Control,Clear,"Dark, artificial",Dry,Non-Fatal Injury,Cyclist Collisions,Driver,25 to 29,None,,West,Delivery Van,Pulling Onto Shoulder or towardCurb,Failed to Yield Right of Way,Normal,,,,,,,,Yes,Yes,,,,,Yes,,Yes,,,,168,Downtown Yonge East,75,Church-Yonge Corridor (75),D51,630528.92491315,4835294.41418681
6572,81584049,1001735558,9/10/2021 4:00:00 AM,1926,GERRARD ST E,YONGE  ST,58 m East of,Minor Arterial,Toronto and East York,43.659201,-79.381183,Non Intersection,No Control,Clear,"Dark, artificial",Dry,Non-Fatal Injury,Cyclist Collisions,Cyclist,30 to 34,Major,,West,Bicycle,Going Ahead,,,,,,Cyclist and Driver travelling in same direction. One vehicle sideswipes the other.,Driving Properly,Normal,,Yes,Yes,,,,,Yes,,Yes,,,,168,Downtown Yonge East,75,Church-Yonge Corridor (75),D51,630528.92491315,4835294.41418681
6573,81584050,1001735558,9/10/2021 4:00:00 AM,1926,GERRARD ST E,YONGE  ST,58 m East of,Minor Arterial,Toronto and East York,43.659201,-79.381183,Non Intersection,No Control,Clear,"Dark, artificial",Dry,Non-Fatal Injury,Cyclist Collisions,Passenger,20 to 24,None,,,,,,,,,,,,,,Yes,Yes,,,,,Yes,,Yes,,,,168,Downtown Yonge East,75,Church-Yonge Corridor (75),D51,630528.92491315,4835294.41418681
6574,81582773,1001747721,9/12/2021 4:00:00 AM,1500,BLOOR ST W,CHARLESTON RD,,Major Arterial,Etobicoke York,43.63935,-79.546191,Intersection Related,Stop Sign,Clear,Daylight,Dry,Non-Fatal Injury,Turning Movement,Driver,90 to 94,Major,,South,"Automobile, Station Wagon",Turning Right,Disobeyed Traffic Control,Inattentive,,,,,,,,,Yes,,,,,Yes,,Yes,,,,158,Islington,14,Islington-City Centre West (14),D22,617262.457964491,4832843.35497336
6575,81582774,1001747721,9/12/2021 4:00:00 AM,1500,BLOOR ST W,CHARLESTON RD,,Major Arterial,Etobicoke York,43.63935,-79.546191,Intersection Related,Stop Sign,Clear,Daylight,Dry,Non-Fatal Injury,Turning Movement,Driver,45 to 49,Minimal,,West,"Automobile, Station Wagon",Going Ahead,Driving Properly,Normal,,,,,,,,,Yes,,,,,Yes,,Yes,,,,158,Islington,14,Islington-City Centre West (14),D22,617262.457964491,4832843.35497336
6576,81582775,1001747721,9/12/2021 4:00:00 AM,1500,BLOOR ST W,CHARLESTON RD,,Major Arterial,Etobicoke York,43.63935,-79.546191,Intersection Related,Stop Sign,Clear,Daylight,Dry,Non-Fatal Injury,Turning Movement,Passenger,15 to 19,None,,West,"Automobile, Station Wagon",Going Ahead,,,,,,,,,,,Yes,,,,,Yes,,Yes,,,,158,Islington,14,Islington-City Centre West (14),D22,617262.457964491,4832843.35497336
6577,81582776,1001747721,9/12/2021 4:00:00 AM,1500,BLOOR ST W,CHARLESTON RD,,Major Arterial,Etobicoke York,43.63935,-79.546191,Intersection Related,Stop Sign,Clear,Daylight,Dry,Non-Fatal Injury,Turning Movement,Passenger,10 to 14,None,,West,"Automobile, Station Wagon",Going Ahead,,,,,,,,,,,Yes,,,,,Yes,,Yes,,,,158,Islington,14,Islington-City Centre West (14),D22,617262.457964491,4832843.35497336
6578,81582947,1001881235,9/30/2021 4:00:00 AM,2144,AVENUE RD,EGLINTON AVE W,,Major Arterial,North York,43.704535,-79.408565,At Intersection,Traffic Controller,Clear,"Daylight, artificial",Dry,Non-Fatal Injury,Turning Movement,Driver,20 to 24,None,,South,"Automobile, Station Wagon",Turning Left,Improper Turn,Normal,,,,,,,,,Yes,Yes,,,,Yes,,,,,,100,Yonge-Eglinton,100,Yonge-Eglinton (100),D53,628224.416215698,4840286.65905039
6579,81582948,1001881235,9/30/2021 4:00:00 AM,2144,AVENUE RD,EGLINTON AVE W,,Major Arterial,North York,43.704535,-79.408565,At Intersection,Traffic Controller,Clear,"Daylight, artificial",Dry,Non-Fatal Injury,Turning Movement,Motorcycle Driver,55 to 59,Major,,North,Motorcycle,Going Ahead,Driving Properly,Normal,,,,,,,,,Yes,Yes,,,,Yes,,,,,,100,Yonge-Eglinton,100,Yonge-Eglinton (100),D53,628224.416215698,4840286.65905039
6580,81582949,1001881235,9/30/2021 4:00:00 AM,2144,AVENUE RD,EGLINTON AVE W,,Major Arterial,North York,43.704535,-79.408565,At Intersection,Traffic Controller,Clear,"Daylight, artificial",Dry,Non-Fatal Injury,Turning Movement,Passenger,20 to 24,None,,South,"Automobile, Station Wagon",Turning Left,,,,,,,,,,,Yes,Yes,,,,Yes,,,,,,100,Yonge-Eglinton,100,Yonge-Eglinton (100),D53,628224.416215698,4840286.65905039
6581,81582706,1001888393,10/1/2021 4:00:00 AM,2039,EGLINTON AVE E,MIDLAND AVE,,Major Arterial,Scarborough,43.734458,-79.258067,At Intersection,Traffic Signal,Clear,Dark,Dry,Fatal,Pedestrian Collisions,Pedestrian,45 to 49,Fatal,39,South,,,,,Vehicle turns left while ped crosses with ROW at inter.,Crossing with right of way,Normal,,,,Yes,,Yes,,,,,Yes,,Yes,,,,124,Kennedy Park,124,Kennedy Park (124),D41,640280.562389039,4843853.83483432
6582,81582707,1001888393,10/1/2021 4:00:00 AM,2039,EGLINTON AVE E,MIDLAND AVE,,Major Arterial,Scarborough,43.734458,-79.258067,At Intersection,Traffic Signal,Clear,Dark,Dry,Fatal,Pedestrian Collisions,Driver,25 to 29,None,,North,"Automobile, Station Wagon",Turning Left,Failed to Yield Right of Way,Had Been Drinking,,,,,,,Yes,,Yes,,,,,Yes,,Yes,,,,124,Kennedy Park,124,Kennedy Park (124),D41,640280.562389039,4843853.83483432
6583,81583785,1001888393,10/1/2021 4:00:00 AM,2039,EGLINTON AVE E,MIDLAND AVE,,Major Arterial,Scarborough,43.734458,-79.258067,At Intersection,Traffic Signal,Clear,Dark,Dry,Fatal,Pedestrian Collisions,Passenger,20 to 24,None,,,,,,,,,,,,,Yes,,Yes,,,,,Yes,,Yes,,,,124,Kennedy Park,124,Kennedy Park (124),D41,640280.562389039,4843853.83483432
6584,81582708,1001896382,10/3/2021 4:00:00 AM,132,F G GARDINER XY  E,ISLINGTON AVE,,Expressway,Etobicoke York,43.621237,-79.5078,Non Intersection,No Control,Clear,Dark,Dry,Fatal,Rear End,Passenger,55 to 59,Fatal,40,,,,,,,,,,,,,,Yes,,,,,Yes,Yes,Yes,,,,160,Mimico-Queensway,17,Mimico (includes Humber Bay Shores) (17),D22,620395.213619566,4830886.63332482
6585,81582709,1001896382,10/3/2021 4:00:00 AM,132,F G GARDINER XY  E,ISLINGTON AVE,,Expressway,Etobicoke York,43.621237,-79.5078,Non Intersection,No Control,Clear,Dark,Dry,Fatal,Rear End,Driver,60 to 64,Minor,,East,"Automobile, Station Wagon",Going Ahead,Driving Properly,Normal,,,,,,,,,Yes,,,,,Yes,Yes,Yes,,,,160,Mimico-Queensway,17,Mimico (includes Humber Bay Shores) (17),D22,620395.213619566,4830886.63332482
6586,81583232,1001896382,10/3/2021 4:00:00 AM,132,F G GARDINER XY  E,ISLINGTON AVE,,Expressway,Etobicoke York,43.621237,-79.5078,Non Intersection,No Control,Clear,Dark,Dry,Fatal,Rear End,Driver,30 to 34,None,,East,"Automobile, Station Wagon",Going Ahead,Exceeding Speed Limit,Unknown,,,,,,,,,Yes,,,,,Yes,Yes,Yes,,,,160,Mimico-Queensway,17,Mimico (includes Humber Bay Shores) (17),D22,620395.213619566,4830886.63332482
6587,81583779,1001961568,10/12/2021 4:00:00 AM,1639,PARKSIDE DR,SPRING RD,,Major Arterial,Scarborough,43.640914,-79.454616,Intersection Related,Traffic Signal,Clear,Daylight,Dry,Fatal,Rear End,Passenger,70 to 74,None,,,,,,,,,,,,,,,Yes,,,,,Yes,Yes,Yes,,,,87,High Park-Swansea,87,High Park-Swansea (87),D11,624645.617840896,4833150.50324725
6588,81583780,1001961568,10/12/2021 4:00:00 AM,1639,PARKSIDE DR,SPRING RD,,Major Arterial,Scarborough,43.640914,-79.454616,Intersection Related,Traffic Signal,Clear,Daylight,Dry,Fatal,Rear End,Passenger,65 to 69,Fatal,42,,,,,,,,,,,,,,Yes,,,,,Yes,Yes,Yes,,,,87,High Park-Swansea,87,High Park-Swansea (87),D11,624645.617840896,4833150.50324725
6589,81583781,1001961568,10/12/2021 4:00:00 AM,1639,PARKSIDE DR,SPRING RD,,Major Arterial,Scarborough,43.640914,-79.454616,Intersection Related,Traffic Signal,Clear,Daylight,Dry,Fatal,Rear End,Driver,50 to 54,None,,South,"Automobile, Station Wagon",Slowing or Stopping,Driving Properly,Normal,,,,,,,,,Yes,,,,,Yes,Yes,Yes,,,,87,High Park-Swansea,87,High Park-Swansea (87),D11,624645.617840896,4833150.50324725
6590,81583782,1001961568,10/12/2021 4:00:00 AM,1639,PARKSIDE DR,SPRING RD,,Major Arterial,Scarborough,43.640914,-79.454616,Intersection Related,Traffic Signal,Clear,Daylight,Dry,Fatal,Rear End,Driver,35 to 39,Major,,South,"Automobile, Station Wagon",Going Ahead,Exceeding Speed Limit,Unknown,,,,,,,,,Yes,,,,,Yes,Yes,Yes,,,,87,High Park-Swansea,87,High Park-Swansea (87),D11,624645.617840896,4833150.50324725
6591,81583783,1001961568,10/12/2021 4:00:00 AM,1639,PARKSIDE DR,SPRING RD,,Major Arterial,Scarborough,43.640914,-79.454616,Intersection Related,Traffic Signal,Clear,Daylight,Dry,Fatal,Rear End,Driver,70 to 74,Minor,,South,"Automobile, Station Wagon",Slowing or Stopping,Driving Properly,Normal,,,,,,,,,Yes,,,,,Yes,Yes,Yes,,,,87,High Park-Swansea,87,High Park-Swansea (87),D11,624645.617840896,4833150.50324725
6592,81583784,1001961568,10/12/2021 4:00:00 AM,1639,PARKSIDE DR,SPRING RD,,Major Arterial,Scarborough,43.640914,-79.454616,Intersection Related,Traffic Signal,Clear,Daylight,Dry,Fatal,Rear End,Passenger,70 to 74,Minor,,,,,,,,,,,,,,,Yes,,,,,Yes,Yes,Yes,,,,87,High Park-Swansea,87,High Park-Swansea (87),D11,624645.617840896,4833150.50324725
6593,81588051,1001961568,10/12/2021 4:00:00 AM,1639,PARKSIDE DR,SPRING RD,,Major Arterial,Scarborough,43.640914,-79.454616,Intersection Related,Traffic Signal,Clear,Daylight,Dry,Fatal,Rear End,Driver,55 to 59,None,,South,"Automobile, Station Wagon",Slowing or Stopping,Driving Properly,Normal,,,,,,,,,Yes,,,,,Yes,Yes,Yes,,,,87,High Park-Swansea,87,High Park-Swansea (87),D11,624645.617840896,4833150.50324725
6594,81588052,1001961568,10/12/2021 4:00:00 AM,1639,PARKSIDE DR,SPRING RD,,Major Arterial,Scarborough,43.640914,-79.454616,Intersection Related,Traffic Signal,Clear,Daylight,Dry,Fatal,Rear End,Driver,70 to 74,Fatal,41,South,"Automobile, Station Wagon",Going Ahead,Driving Properly,Unknown,,,,,,,,,Yes,,,,,Yes,Yes,Yes,,,,87,High Park-Swansea,87,High Park-Swansea (87),D11,624645.617840896,4833150.50324725
6595,81583786,1001970214,10/13/2021 4:00:00 AM,1927,DON MILLS RD,THE DONWAY  W,,Minor Arterial,North York,43.73189,-79.342868,Non Intersection,No Control,Clear,"Dark, artificial",Dry,Fatal,Pedestrian Collisions,Pedestrian,60 to 64,Fatal,43,South,,,,,Pedestrian hit at mid-block,"Crossing, no Traffic Control",Inattentive,,,,Yes,,Yes,,,,,Yes,,,,,,42,Banbury-Don Mills,42,Banbury-Don Mills (42),D33,633457.036110644,4843428.53829532
6596,81583787,1001970214,10/13/2021 4:00:00 AM,1927,DON MILLS RD,THE DONWAY  W,,Minor Arterial,North York,43.73189,-79.342868,Non Intersection,No Control,Clear,"Dark, artificial",Dry,Fatal,Pedestrian Collisions,Driver,35 to 39,None,,West,"Automobile, Station Wagon",Going Ahead,Driving Properly,Normal,,,,,,,Yes,,Yes,,,,,Yes,,,,,,42,Banbury-Don Mills,42,Banbury-Don Mills (42),D33,633457.036110644,4843428.53829532
6597,81588049,1001970214,10/13/2021 4:00:00 AM,1927,DON MILLS RD,THE DONWAY  W,,Minor Arterial,North York,43.73189,-79.342868,Non Intersection,No Control,Clear,"Dark, artificial",Dry,Fatal,Pedestrian Collisions,Passenger,5 to 9,None,,,,,,,,,,,,,Yes,,Yes,,,,,Yes,,,,,,42,Banbury-Don Mills,42,Banbury-Don Mills (42),D33,633457.036110644,4843428.53829532
6598,81588050,1001970214,10/13/2021 4:00:00 AM,1927,DON MILLS RD,THE DONWAY  W,,Minor Arterial,North York,43.73189,-79.342868,Non Intersection,No Control,Clear,"Dark, artificial",Dry,Fatal,Pedestrian Collisions,Passenger,5 to 9,None,,,,,,,,,,,,,Yes,,Yes,,,,,Yes,,,,,,42,Banbury-Don Mills,42,Banbury-Don Mills (42),D33,633457.036110644,4843428.53829532
6599,81588229,1002021609,10/20/2021 4:00:00 AM,2318,LAWRENCE AVE EAST,GREENHOLM CRCT,2 m North of,Major Arterial,Scarborough,43.760295,-79.222736,Intersection Related,Traffic Signal,Clear,"Dark, artificial",Dry,Non-Fatal Injury,Turning Movement,Driver,20 to 24,Major,,East,"Automobile, Station Wagon",Turning Left,Failed to Yield Right of Way,Inattentive,,,,,,,,,Yes,,,,,Yes,,Yes,,,,141,Golfdale-Cedarbrae-Woburn,137,Woburn (137),D43,643064.287756063,4846783.85538181
6600,81588230,1002021609,10/20/2021 4:00:00 AM,2318,LAWRENCE AVE EAST,GREENHOLM CRCT,2 m North of,Major Arterial,Scarborough,43.760295,-79.222736,Intersection Related,Traffic Signal,Clear,"Dark, artificial",Dry,Non-Fatal Injury,Turning Movement,Driver,25 to 29,Minimal,,West,"Automobile, Station Wagon",Going Ahead,Driving Properly,Normal,,,,,,,,,Yes,,,,,Yes,,Yes,,,,141,Golfdale-Cedarbrae-Woburn,137,Woburn (137),D43,643064.287756063,4846783.85538181
6601,81588231,1002021609,10/20/2021 4:00:00 AM,2318,LAWRENCE AVE EAST,GREENHOLM CRCT,2 m North of,Major Arterial,Scarborough,43.760295,-79.222736,Intersection Related,Traffic Signal,Clear,"Dark, artificial",Dry,Non-Fatal Injury,Turning Movement,Passenger,15 to 19,None,,West,"Automobile, Station Wagon",Going Ahead,,,,,,,,,,,Yes,,,,,Yes,,Yes,,,,141,Golfdale-Cedarbrae-Woburn,137,Woburn (137),D43,643064.287756063,4846783.85538181
6602,81646683,1002036399,10/22/2021 4:00:00 AM,2319,WILSON AV,ALLINGHAM GS,,Major Arterial,North York,43.735579,-79.442638,Intersection Related,Traffic Signal,Clear,"Dark, artificial",Dry,Non-Fatal Injury,Approaching,Driver,20 to 24,Minor,,West,"Automobile, Station Wagon",Going Ahead,Lost control,Inattentive,,,,,,,,,Yes,,,Yes,,Yes,Yes,Yes,,,,33,Clanton Park,33,Clanton Park (33),D32,625414.28843421,4843682.4005557
6603,81646684,1002036399,10/22/2021 4:00:00 AM,2319,WILSON AV,ALLINGHAM GS,,Major Arterial,North York,43.735579,-79.442638,Intersection Related,Traffic Signal,Clear,"Dark, artificial",Dry,Non-Fatal Injury,Approaching,Driver,45 to 49,Minimal,,East,Municipal Transit Bus (TTC),Going Ahead,Driving Properly,Normal,,,,,,,,,Yes,,,Yes,,Yes,Yes,Yes,,,,33,Clanton Park,33,Clanton Park (33),D32,625414.28843421,4843682.4005557
6604,81646685,1002036399,10/22/2021 4:00:00 AM,2319,WILSON AV,ALLINGHAM GS,,Major Arterial,North York,43.735579,-79.442638,Intersection Related,Traffic Signal,Clear,"Dark, artificial",Dry,Non-Fatal Injury,Approaching,Passenger,15 to 19,Major,,,,,,,,,,,,,,,Yes,,,Yes,,Yes,Yes,Yes,,,,33,Clanton Park,33,Clanton Park (33),D32,625414.28843421,4843682.4005557
6605,81646686,1002036399,10/22/2021 4:00:00 AM,2319,WILSON AV,ALLINGHAM GS,,Major Arterial,North York,43.735579,-79.442638,Intersection Related,Traffic Signal,Clear,"Dark, artificial",Dry,Non-Fatal Injury,Approaching,Passenger,15 to 19,Major,,,,,,,,,,,,,,,Yes,,,Yes,,Yes,Yes,Yes,,,,33,Clanton Park,33,Clanton Park (33),D32,625414.28843421,4843682.4005557
6606,81646687,1002036399,10/22/2021 4:00:00 AM,2319,WILSON AV,ALLINGHAM GS,,Major Arterial,North York,43.735579,-79.442638,Intersection Related,Traffic Signal,Clear,"Dark, artificial",Dry,Non-Fatal Injury,Approaching,Passenger,15 to 19,Major,,,,,,,,,,,,,,,Yes,,,Yes,,Yes,Yes,Yes,,,,33,Clanton Park,33,Clanton Park (33),D32,625414.28843421,4843682.4005557
6607,81646688,1002036399,10/22/2021 4:00:00 AM,2319,WILSON AV,ALLINGHAM GS,,Major Arterial,North York,43.735579,-79.442638,Intersection Related,Traffic Signal,Clear,"Dark, artificial",Dry,Non-Fatal Injury,Approaching,Passenger,15 to 19,Minor,,,,,,,,,,,,,,,Yes,,,Yes,,Yes,Yes,Yes,,,,33,Clanton Park,33,Clanton Park (33),D32,625414.28843421,4843682.4005557
6608,81706801,1002078919,10/29/2021 4:00:00 AM,248,VICTORIA PARK AV,GERRARD ST E,,Major Arterial,Scarborough,43.686831,-79.286548,At Intersection,Traffic Signal,Clear,"Dark, artificial",Dry,Non-Fatal Injury,SMV Other,Driver,30 to 34,None,,South,"Automobile, Station Wagon",Going Ahead,Driving Properly,Normal,,,,,,,,,Yes,,,,,Yes,,,,,,62,East End-Danforth,62,East End-Danforth (62),D55,638096.260978184,4838516.34076565
6609,81706802,1002078919,10/29/2021 4:00:00 AM,248,VICTORIA PARK AV,GERRARD ST E,,Major Arterial,Scarborough,43.686831,-79.286548,At Intersection,Traffic Signal,Clear,"Dark, artificial",Dry,Non-Fatal Injury,SMV Other,Passenger,30 to 34,Major,,,,,,,,,,,,,,,Yes,,,,,Yes,,,,,,62,East End-Danforth,62,East End-Danforth (62),D55,638096.260978184,4838516.34076565
6610,81604855,1002145902,11/7/2021 4:00:00 AM,1614,DUFFERIN ST,DUPONT ST,,Major Arterial,Toronto and East York,43.668429,-79.438876,Intersection Related,Traffic Signal,Clear,Daylight,Dry,Non-Fatal Injury,Sideswipe,Driver,35 to 39,Minor,,East,"Automobile, Station Wagon",Going Ahead,Lost control,Unknown,,,,,,,,,Yes,,,,,Yes,Yes,Yes,,,,172,Dovercourt Village,93,Dovercourt-Wallace Emerson-Junction (93),D14,625857.675235113,4836230.16094139