OBJECTID,INDEX,ACCNUM,DATE,TIME,STREET1,STREET2,OFFSET,ROAD_CLASS,DISTRICT,LATITUDE,LONGITUDE,ACCLOC,TRAFFCTL,VISIBILITY,LIGHT,RDSFCOND,ACCLASS,IMPACTYPE,INVTYPE,INVAGE,INJURY,FATAL_NO,INITDIR,VEHTYPE,MANOEUVER,DRIVACT,DRIVCOND,PEDTYPE,PEDACT,PEDCOND,CYCLISTYPE,CYCACT,CYCCOND,PEDESTRIAN,CYCLIST,AUTOMOBILE,MOTORCYCLE,TRUCK,TRSN_CITY_VEH,EMERG_VEH,PASSENGER,SPEEDING,AG_DRIV,REDLIGHT,ALCOHOL,DISABILITY,HOOD_158,NEIGHBOURHOOD_158,HOOD_140,NEIGHBOURHOOD_140,DIVISION,x,y
6611,81604856,1002145902,11/7/2021 4:00:00 AM,1614,DUFFERIN ST,DUPONT ST,,Major Arterial,Toronto and East York,43.668429,-79.438876,Intersection Related,Traffic Signal,Clear,Daylight,Dry,Non-Fatal Injury,Sideswipe,Driver,60 to 64,None,,East,"Automobile, Station Wagon",Going Ahead,Driving Properly,Normal,,,,,,,,,Yes,,,,,Yes,Yes,Yes,,,,172,Dovercourt Village,93,Dovercourt-Wallace Emerson-Junction (93),D14,625857.675235113,4836230.16094139
6612,81604857,1002145902,11/7/2021 4:00:00 AM,1614,DUFFERIN ST,DUPONT ST,,Major Arterial,Toronto and East York,43.668429,-79.438876,Intersection Related,Traffic Signal,Clear,Daylight,Dry,Non-Fatal Injury,Sideswipe,Driver,65 to 69,Major,,East,"Automobile, Station Wagon",Going Ahead,Driving Properly,Normal,,,,,,,,,Yes,,,,,Yes,Yes,Yes,,,,172,Dovercourt Village,93,Dovercourt-Wallace Emerson-Junction (93),D14,625857.675235113,4836230.16094139
6613,81604858,1002145902,11/7/2021 4:00:00 AM,1614,DUFFERIN ST,DUPONT ST,,Major Arterial,Toronto and East York,43.668429,-79.438876,Intersection Related,Traffic Signal,Clear,Daylight,Dry,Non-Fatal Injury,Sideswipe,Driver,30 to 34,None,,East,"Automobile, Station Wagon",Going Ahead,Driving Properly,Normal,,,,,,,,,Yes,,,,,Yes,Yes,Yes,,,,172,Dovercourt Village,93,Dovercourt-Wallace Emerson-Junction (93),D14,625857.675235113,4836230.16094139
6614,81604859,1002145902,11/7/2021 4:00:00 AM,1614,DUFFERIN ST,DUPONT ST,,Major Arterial,Toronto and East York,43.668429,-79.438876,Intersection Related,Traffic Signal,Clear,Daylight,Dry,Non-Fatal Injury,Sideswipe,Driver,55 to 59,Minimal,,East,"Automobile, Station Wagon",Going Ahead,Driving Properly,Normal,,,,,,,,,Yes,,,,,Yes,Yes,Yes,,,,172,Dovercourt Village,93,Dovercourt-Wallace Emerson-Junction (93),D14,625857.675235113,4836230.16094139
6615,81604860,1002145902,11/7/2021 4:00:00 AM,1614,DUFFERIN ST,DUPONT ST,,Major Arterial,Toronto and East York,43.668429,-79.438876,Intersection Related,Traffic Signal,Clear,Daylight,Dry,Non-Fatal Injury,Sideswipe,Driver,50 to 54,None,,West,"Automobile, Station Wagon",Going Ahead,Driving Properly,Normal,,,,,,,,,Yes,,,,,Yes,Yes,Yes,,,,172,Dovercourt Village,93,Dovercourt-Wallace Emerson-Junction (93),D14,625857.675235113,4836230.16094139
6616,81604861,1002145902,11/7/2021 4:00:00 AM,1614,DUFFERIN ST,DUPONT ST,,Major Arterial,Toronto and East York,43.668429,-79.438876,Intersection Related,Traffic Signal,Clear,Daylight,Dry,Non-Fatal Injury,Sideswipe,Driver,20 to 24,None,,West,"Automobile, Station Wagon",Stopped,Driving Properly,Normal,,,,,,,,,Yes,,,,,Yes,Yes,Yes,,,,172,Dovercourt Village,93,Dovercourt-Wallace Emerson-Junction (93),D14,625857.675235113,4836230.16094139
6617,81604862,1002145902,11/7/2021 4:00:00 AM,1614,DUFFERIN ST,DUPONT ST,,Major Arterial,Toronto and East York,43.668429,-79.438876,Intersection Related,Traffic Signal,Clear,Daylight,Dry,Non-Fatal Injury,Sideswipe,Driver,50 to 54,None,,West,"Automobile, Station Wagon",Stopped,Driving Properly,Normal,,,,,,,,,Yes,,,,,Yes,Yes,Yes,,,,172,Dovercourt Village,93,Dovercourt-Wallace Emerson-Junction (93),D14,625857.675235113,4836230.16094139
6618,81604863,1002145902,11/7/2021 4:00:00 AM,1614,DUFFERIN ST,DUPONT ST,,Major Arterial,Toronto and East York,43.668429,-79.438876,Intersection Related,Traffic Signal,Clear,Daylight,Dry,Non-Fatal Injury,Sideswipe,Driver,30 to 34,None,,West,"Automobile, Station Wagon",Stopped,Driving Properly,Normal,,,,,,,,,Yes,,,,,Yes,Yes,Yes,,,,172,Dovercourt Village,93,Dovercourt-Wallace Emerson-Junction (93),D14,625857.675235113,4836230.16094139
6619,81604864,1002145902,11/7/2021 4:00:00 AM,1614,DUFFERIN ST,DUPONT ST,,Major Arterial,Toronto and East York,43.668429,-79.438876,Intersection Related,Traffic Signal,Clear,Daylight,Dry,Non-Fatal Injury,Sideswipe,Passenger,35 to 39,Minor,,East,"Automobile, Station Wagon",Going Ahead,,,,,,,,,,,Yes,,,,,Yes,Yes,Yes,,,,172,Dovercourt Village,93,Dovercourt-Wallace Emerson-Junction (93),D14,625857.675235113,4836230.16094139
6620,81604865,1002145902,11/7/2021 4:00:00 AM,1614,DUFFERIN ST,DUPONT ST,,Major Arterial,Toronto and East York,43.668429,-79.438876,Intersection Related,Traffic Signal,Clear,Daylight,Dry,Non-Fatal Injury,Sideswipe,Passenger,45 to 49,Minimal,,East,"Automobile, Station Wagon",Going Ahead,,,,,,,,,,,Yes,,,,,Yes,Yes,Yes,,,,172,Dovercourt Village,93,Dovercourt-Wallace Emerson-Junction (93),D14,625857.675235113,4836230.16094139
6621,81604866,1002145902,11/7/2021 4:00:00 AM,1614,DUFFERIN ST,DUPONT ST,,Major Arterial,Toronto and East York,43.668429,-79.438876,Intersection Related,Traffic Signal,Clear,Daylight,Dry,Non-Fatal Injury,Sideswipe,Passenger,5 to 9,None,,East,"Automobile, Station Wagon",Going Ahead,,,,,,,,,,,Yes,,,,,Yes,Yes,Yes,,,,172,Dovercourt Village,93,Dovercourt-Wallace Emerson-Junction (93),D14,625857.675235113,4836230.16094139
6622,81604867,1002145902,11/7/2021 4:00:00 AM,1614,DUFFERIN ST,DUPONT ST,,Major Arterial,Toronto and East York,43.668429,-79.438876,Intersection Related,Traffic Signal,Clear,Daylight,Dry,Non-Fatal Injury,Sideswipe,Passenger,15 to 19,None,,West,"Automobile, Station Wagon",Going Ahead,,,,,,,,,,,Yes,,,,,Yes,Yes,Yes,,,,172,Dovercourt Village,93,Dovercourt-Wallace Emerson-Junction (93),D14,625857.675235113,4836230.16094139
6623,81604868,1002145902,11/7/2021 4:00:00 AM,1614,DUFFERIN ST,DUPONT ST,,Major Arterial,Toronto and East York,43.668429,-79.438876,Intersection Related,Traffic Signal,Clear,Daylight,Dry,Non-Fatal Injury,Sideswipe,Passenger,20 to 24,None,,West,"Automobile, Station Wagon",Stopped,,,,,,,,,,,Yes,,,,,Yes,Yes,Yes,,,,172,Dovercourt Village,93,Dovercourt-Wallace Emerson-Junction (93),D14,625857.675235113,4836230.16094139
6624,81604869,1002145902,11/7/2021 4:00:00 AM,1614,DUFFERIN ST,DUPONT ST,,Major Arterial,Toronto and East York,43.668429,-79.438876,Intersection Related,Traffic Signal,Clear,Daylight,Dry,Non-Fatal Injury,Sideswipe,Passenger,55 to 59,None,,West,"Automobile, Station Wagon",Stopped,,,,,,,,,,,Yes,,,,,Yes,Yes,Yes,,,,172,Dovercourt Village,93,Dovercourt-Wallace Emerson-Junction (93),D14,625857.675235113,4836230.16094139
6625,81708140,1002179415,11/10/2021 5:00:00 AM,1900,Aukland Road,Kipling Go station,,Major Arterial,Etobicoke York,43.638679,-79.534122,At/Near Private Drive,No Control,Clear,"Dark, artificial",Dry,Non-Fatal Injury,SMV Other,Driver,unknown,None,,South,Municipal Transit Bus (TTC),Turning Left,Driving Properly,Unknown,,,,,,,,,,,,Yes,,Yes,,,,,,159,Etobicoke City Centre,14,Islington-City Centre West (14),D22,618237.252717248,4832785.9529205
6626,81708141,1002179415,11/10/2021 5:00:00 AM,1900,Aukland Road,Kipling Go station,,Major Arterial,Etobicoke York,43.638679,-79.534122,At/Near Private Drive,No Control,Clear,"Dark, artificial",Dry,Non-Fatal Injury,SMV Other,Passenger,75 to 79,Major,,,,,,,,,,,,,,,,,,Yes,,Yes,,,,,,159,Etobicoke City Centre,14,Islington-City Centre West (14),D22,618237.252717248,4832785.9529205
6627,81604193,1002183788,11/12/2021 5:00:00 AM,2030,DON VALLEY PARKWAY  S,DUNDAS ST E,,Expressway,Toronto and East York,43.662001,-79.355159,Non Intersection,No Control,Clear,"Dark, artificial",Wet,Fatal,Pedestrian Collisions,Pedestrian,30 to 34,Fatal,50,West,,,,,Pedestrian hit at mid-block,"Crossing, no Traffic Control",Other,,,,Yes,,Yes,,,,,Yes,,,,,,70,South Riverdale,70,South Riverdale (70),D55,632621.157380752,4835646.66192184
6628,81604195,1002183788,11/12/2021 5:00:00 AM,2030,DON VALLEY PARKWAY  S,DUNDAS ST E,,Expressway,Toronto and East York,43.662001,-79.355159,Non Intersection,No Control,Clear,"Dark, artificial",Wet,Fatal,Pedestrian Collisions,Driver,25 to 29,None,,South,"Automobile, Station Wagon",Going Ahead,Driving Properly,Normal,,,,,,,Yes,,Yes,,,,,Yes,,,,,,70,South Riverdale,70,South Riverdale (70),D55,632621.157380752,4835646.66192184
6629,81604410,1002183788,11/12/2021 5:00:00 AM,2030,DON VALLEY PARKWAY  S,DUNDAS ST E,,Expressway,Toronto and East York,43.662001,-79.355159,Non Intersection,No Control,Clear,"Dark, artificial",Wet,Fatal,Pedestrian Collisions,Passenger,30 to 34,None,,,,,,,,,,,,,Yes,,Yes,,,,,Yes,,,,,,70,South Riverdale,70,South Riverdale (70),D55,632621.157380752,4835646.66192184
6630,81604197,1002190676,11/13/2021 5:00:00 AM,2100,RENFORTH DR,CENTENNIAL PARK GT,,Minor Arterial,Etobicoke York,43.65372,-79.580486,Non Intersection,No Control,Clear,"Dark, artificial",Dry,Fatal,SMV Other,Passenger,5 to 9,Fatal,52,,,,,,,,,,,,,,Yes,,,,,Yes,,,,,,11,Eringate-Centennial-West Deane,11,Eringate-Centennial-West Deane (11),D22,614468.947460666,4834391.44634229
6631,81604198,1002190676,11/13/2021 5:00:00 AM,2100,RENFORTH DR,CENTENNIAL PARK GT,,Minor Arterial,Etobicoke York,43.65372,-79.580486,Non Intersection,No Control,Clear,"Dark, artificial",Dry,Fatal,SMV Other,Driver,30 to 34,Major,,South,"Automobile, Station Wagon",Going Ahead,Lost control,Unknown,,,,,,,,,Yes,,,,,Yes,,,,,,11,Eringate-Centennial-West Deane,11,Eringate-Centennial-West Deane (11),D22,614468.947460666,4834391.44634229
6632,81615263,1002360804,12/7/2021 5:00:00 AM,1825,DUNDAS ST W,LANSDOWNE AVE,,Minor Arterial,Toronto and East York,43.650096,-79.439693,At Intersection,Traffic Signal,Clear,"Dusk, artificial",Dry,Non-Fatal Injury,Pedestrian Collisions,Driver,35 to 39,None,,West,"Automobile, Station Wagon",Going Ahead,Driving Properly,Normal,,,,,,,Yes,,Yes,,,,,Yes,,,,,,84,Little Portugal,84,Little Portugal (84),D11,625830.097584646,4834192.80151153
6633,81615264,1002360804,12/7/2021 5:00:00 AM,1825,DUNDAS ST W,LANSDOWNE AVE,,Minor Arterial,Toronto and East York,43.650096,-79.439693,At Intersection,Traffic Signal,Clear,"Dusk, artificial",Dry,Non-Fatal Injury,Pedestrian Collisions,Pedestrian,20 to 24,Major,,North,,,,,Vehicle is going straight thru inter.while ped cross without ROW,Running onto Roadway,Inattentive,,,,Yes,,Yes,,,,,Yes,,,,,,84,Little Portugal,84,Little Portugal (84),D11,625830.097584646,4834192.80151153
6634,81615265,1002360804,12/7/2021 5:00:00 AM,1825,DUNDAS ST W,LANSDOWNE AVE,,Minor Arterial,Toronto and East York,43.650096,-79.439693,At Intersection,Traffic Signal,Clear,"Dusk, artificial",Dry,Non-Fatal Injury,Pedestrian Collisions,Passenger,unknown,None,,,,,,,,,,,,,Yes,,Yes,,,,,Yes,,,,,,84,Little Portugal,84,Little Portugal (84),D11,625830.097584646,4834192.80151153
6635,81647095,1002368883,12/8/2021 5:00:00 AM,2102,AVENUE RD,ST CLAIR AVE W,,Major Arterial,Toronto and East York,43.686633,-79.401469,Intersection Related,Traffic Signal,Clear,"Dark, artificial",Wet,Non-Fatal Injury,Turning Movement,Driver,80 to 84,Major,,East,"Automobile, Station Wagon",Turning Left,Improper Turn,Unknown,,,,,,,,,Yes,,,,Yes,Yes,,Yes,,,,97,Yonge-St.Clair,97,Yonge-St.Clair (97),D53,628834.489055266,4838309.39334846
6636,81647096,1002368883,12/8/2021 5:00:00 AM,2102,AVENUE RD,ST CLAIR AVE W,,Major Arterial,Toronto and East York,43.686633,-79.401469,Intersection Related,Traffic Signal,Clear,"Dark, artificial",Wet,Non-Fatal Injury,Turning Movement,Driver,25 to 29,Minimal,,South,Police Vehicle,Going Ahead,Driving Properly,Normal,,,,,,,,,Yes,,,,Yes,Yes,,Yes,,,,97,Yonge-St.Clair,97,Yonge-St.Clair (97),D53,628834.489055266,4838309.39334846
6637,81647097,1002368883,12/8/2021 5:00:00 AM,2102,AVENUE RD,ST CLAIR AVE W,,Major Arterial,Toronto and East York,43.686633,-79.401469,Intersection Related,Traffic Signal,Clear,"Dark, artificial",Wet,Non-Fatal Injury,Turning Movement,Driver,60 to 64,None,,East,Pick Up Truck,Stopped,Driving Properly,Unknown,,,,,,,,,Yes,,,,Yes,Yes,,Yes,,,,97,Yonge-St.Clair,97,Yonge-St.Clair (97),D53,628834.489055266,4838309.39334846
6638,81647098,1002368883,12/8/2021 5:00:00 AM,2102,AVENUE RD,ST CLAIR AVE W,,Major Arterial,Toronto and East York,43.686633,-79.401469,Intersection Related,Traffic Signal,Clear,"Dark, artificial",Wet,Non-Fatal Injury,Turning Movement,Driver,40 to 44,None,,East,"Automobile, Station Wagon",Stopped,Driving Properly,Unknown,,,,,,,,,Yes,,,,Yes,Yes,,Yes,,,,97,Yonge-St.Clair,97,Yonge-St.Clair (97),D53,628834.489055266,4838309.39334846
6639,81647099,1002368883,12/8/2021 5:00:00 AM,2102,AVENUE RD,ST CLAIR AVE W,,Major Arterial,Toronto and East York,43.686633,-79.401469,Intersection Related,Traffic Signal,Clear,"Dark, artificial",Wet,Non-Fatal Injury,Turning Movement,Passenger,75 to 79,Major,,,,,,,,,,,,,,,Yes,,,,Yes,Yes,,Yes,,,,97,Yonge-St.Clair,97,Yonge-St.Clair (97),D53,628834.489055266,4838309.39334846
6640,81647100,1002368883,12/8/2021 5:00:00 AM,2102,AVENUE RD,ST CLAIR AVE W,,Major Arterial,Toronto and East York,43.686633,-79.401469,Intersection Related,Traffic Signal,Clear,"Dark, artificial",Wet,Non-Fatal Injury,Turning Movement,Passenger,40 to 44,Minimal,,,,,,,,,,,,,,,Yes,,,,Yes,Yes,,Yes,,,,97,Yonge-St.Clair,97,Yonge-St.Clair (97),D53,628834.489055266,4838309.39334846
6641,81614759,1002433478,12/18/2021 5:00:00 AM,10,LAWRENCE AVE E,PHARMACY AVE,,Major Arterial,Scarborough,43.74317,-79.304607,At Intersection,Traffic Signal,Clear,"Dark, artificial",Dry,Fatal,Turning Movement,Driver,55 to 59,Fatal,58,West,"Automobile, Station Wagon",Turning Left,Driving Properly,Unknown,,,,,,,,,Yes,,,,,Yes,Yes,Yes,,,,119,Wexford/Maryvale,119,Wexford/Maryvale (119),D41,636512.780748967,4844743.68710302
6642,81614760,1002433478,12/18/2021 5:00:00 AM,10,LAWRENCE AVE E,PHARMACY AVE,,Major Arterial,Scarborough,43.74317,-79.304607,At Intersection,Traffic Signal,Clear,"Dark, artificial",Dry,Fatal,Turning Movement,Driver,15 to 19,Major,,East,"Automobile, Station Wagon",Going Ahead,Exceeding Speed Limit,Unknown,,,,,,,,,Yes,,,,,Yes,Yes,Yes,,,,119,Wexford/Maryvale,119,Wexford/Maryvale (119),D41,636512.780748967,4844743.68710302
6643,81614762,1002433478,12/18/2021 5:00:00 AM,10,LAWRENCE AVE E,PHARMACY AVE,,Major Arterial,Scarborough,43.74317,-79.304607,At Intersection,Traffic Signal,Clear,"Dark, artificial",Dry,Fatal,Turning Movement,Passenger,20 to 24,Major,,,,,,,,,,,,,,,Yes,,,,,Yes,Yes,Yes,,,,119,Wexford/Maryvale,119,Wexford/Maryvale (119),D41,636512.780748967,4844743.68710302
6644,81614907,1002480548,12/25/2021 5:00:00 AM,1219,KING ST W,JAMESON AVE,1 m East of,Major Arterial,Toronto and East York,43.637129,-79.435771,Non Intersection,No Control,Clear,Daylight,Wet,Non-Fatal Injury,SMV Other,Driver,25 to 29,None,,East,Municipal Transit Bus (TTC),Going Ahead,Driving Properly,Normal,,,,,,,,,,,,Yes,,Yes,,,,,,85,South Parkdale,85,South Parkdale (85),D14,626173.530711324,4832758.6038675
6645,81614908,1002480548,12/25/2021 5:00:00 AM,1219,KING ST W,JAMESON AVE,1 m East of,Major Arterial,Toronto and East York,43.637129,-79.435771,Non Intersection,No Control,Clear,Daylight,Wet,Non-Fatal Injury,SMV Other,Passenger,85 to 89,Major,,East,Municipal Transit Bus (TTC),Going Ahead,,,,,,,,,,,,,,Yes,,Yes,,,,,,85,South Parkdale,85,South Parkdale (85),D14,626173.530711324,4832758.6038675
6646,81614776,2000036960,1/6/2022 5:00:00 AM,1942,LAWRENCE AVE E,BROCKLEY DR,,Major Arterial,Scarborough,43.751959,-79.262477,At Intersection,Traffic Signal,Clear,Dark,Dry,Fatal,Pedestrian Collisions,Passenger,20 to 24,None,,,,,,,,,,,,,Yes,,Yes,,,,,Yes,,Yes,,,,157,Bendale South,127,Bendale (127),D41,639884.645203536,4845790.12768864
6647,81615291,2000036960,1/6/2022 5:00:00 AM,1942,LAWRENCE AVE E,BROCKLEY DR,,Major Arterial,Scarborough,43.751959,-79.262477,At Intersection,Traffic Signal,Clear,Dark,Dry,Fatal,Pedestrian Collisions,Driver,20 to 24,None,,East,"Automobile, Station Wagon",Going Ahead,Failed to Yield Right of Way,Unknown,,,,,,,Yes,,Yes,,,,,Yes,,Yes,,,,157,Bendale South,127,Bendale (127),D41,639884.645203536,4845790.12768864
6648,81616021,2000036960,1/6/2022 5:00:00 AM,1942,LAWRENCE AVE E,BROCKLEY DR,,Major Arterial,Scarborough,43.751959,-79.262477,At Intersection,Traffic Signal,Clear,Dark,Dry,Fatal,Pedestrian Collisions,Pedestrian,75 to 79,Fatal,1,South,,,,,Vehicle is going straight thru inter.while ped cross without ROW,Crossing without right of way,Normal,,,,Yes,,Yes,,,,,Yes,,Yes,,,,157,Bendale South,127,Bendale (127),D41,639884.645203536,4845790.12768864
6649,81615690,2000038978,1/7/2022 5:00:00 AM,622,DON VALLEY PARKWAY  N,LEASIDE BDGE,120 m South ,Expressway,,43.697722,-79.348224,Non Intersection,No Control,Clear,"Dark, artificial",Dry,Non-Fatal Injury,SMV Other,Driver,25 to 29,Major,,North,"Automobile, Station Wagon",Going Ahead,Lost control,Unknown,,,,,,,,,Yes,,,,,Yes,Yes,Yes,,,,58,Old East York,58,Old East York (58),D55,633101.311323535,4839625.07861065
6650,81615691,2000038978,1/7/2022 5:00:00 AM,622,DON VALLEY PARKWAY  N,LEASIDE BDGE,120 m South ,Expressway,,43.697722,-79.348224,Non Intersection,No Control,Clear,"Dark, artificial",Dry,Non-Fatal Injury,SMV Other,Driver,25 to 29,None,,South,"Automobile, Station Wagon",Going Ahead,Driving Properly,Normal,,,,,,,,,Yes,,,,,Yes,Yes,Yes,,,,58,Old East York,58,Old East York (58),D55,633101.311323535,4839625.07861065
6651,81615692,2000038978,1/7/2022 5:00:00 AM,622,DON VALLEY PARKWAY  N,LEASIDE BDGE,120 m South ,Expressway,,43.697722,-79.348224,Non Intersection,No Control,Clear,"Dark, artificial",Dry,Non-Fatal Injury,SMV Other,Driver,40 to 44,None,,South,"Automobile, Station Wagon",Going Ahead,Driving Properly,Normal,,,,,,,,,Yes,,,,,Yes,Yes,Yes,,,,58,Old East York,58,Old East York (58),D55,633101.311323535,4839625.07861065
6652,81615693,2000038978,1/7/2022 5:00:00 AM,622,DON VALLEY PARKWAY  N,LEASIDE BDGE,120 m South ,Expressway,,43.697722,-79.348224,Non Intersection,No Control,Clear,"Dark, artificial",Dry,Non-Fatal Injury,SMV Other,Passenger,25 to 29,Major,,,,,,,,,,,,,,,Yes,,,,,Yes,Yes,Yes,,,,58,Old East York,58,Old East York (58),D55,633101.311323535,4839625.07861065
6653,81615694,2000038978,1/7/2022 5:00:00 AM,622,DON VALLEY PARKWAY  N,LEASIDE BDGE,120 m South ,Expressway,,43.697722,-79.348224,Non Intersection,No Control,Clear,"Dark, artificial",Dry,Non-Fatal Injury,SMV Other,Passenger,25 to 29,Major,,,,,,,,,,,,,,,Yes,,,,,Yes,Yes,Yes,,,,58,Old East York,58,Old East York (58),D55,633101.311323535,4839625.07861065
6654,81615344,2000129056,1/20/2022 5:00:00 AM,1610,VICTORIA PARK AVE,COMBERMERE DR,10 m South o,Major Arterial,North York,43.755992,-79.314578,At Intersection,Traffic Signal,Clear,Daylight,Dry,Non-Fatal Injury,Rear End,Driver,20 to 24,Major,,South,"Automobile, Station Wagon",Going Ahead,Speed too Fast For Condition,Normal,,,,,,,,,Yes,,,,,Yes,Yes,Yes,,,,119,Wexford/Maryvale,119,Wexford/Maryvale (119),D41,635680.93238246,4846151.38059528
6655,81615345,2000129056,1/20/2022 5:00:00 AM,1610,VICTORIA PARK AVE,COMBERMERE DR,10 m South o,Major Arterial,North York,43.755992,-79.314578,At Intersection,Traffic Signal,Clear,Daylight,Dry,Non-Fatal Injury,Rear End,Driver,60 to 64,None,,South,"Automobile, Station Wagon",Stopped,Driving Properly,Normal,,,,,,,,,Yes,,,,,Yes,Yes,Yes,,,,119,Wexford/Maryvale,119,Wexford/Maryvale (119),D41,635680.93238246,4846151.38059528
6656,81615346,2000129056,1/20/2022 5:00:00 AM,1610,VICTORIA PARK AVE,COMBERMERE DR,10 m South o,Major Arterial,North York,43.755992,-79.314578,At Intersection,Traffic Signal,Clear,Daylight,Dry,Non-Fatal Injury,Rear End,Passenger,80 to 84,None,,,,,,,,,,,,,,,Yes,,,,,Yes,Yes,Yes,,,,119,Wexford/Maryvale,119,Wexford/Maryvale (119),D41,635680.93238246,4846151.38059528
6657,81615479,2000184133,1/28/2022 5:00:00 AM,1506,THE QUEENSWAY,ISLINGTON AVE,ISLINGTON AV,Major Arterial,Etobicoke York,43.623351,-79.515498,Non Intersection,No Control,Clear,Daylight,Dry,Fatal,Pedestrian Collisions,Passenger,30 to 34,None,,,,,,,,,,,,,Yes,,Yes,,,,,Yes,,Yes,,,,159,Etobicoke City Centre,14,Islington-City Centre West (14),D22,619769.912576852,4831110.28567852
6658,81615480,2000184133,1/28/2022 5:00:00 AM,1506,THE QUEENSWAY,ISLINGTON AVE,ISLINGTON AV,Major Arterial,Etobicoke York,43.623351,-79.515498,Non Intersection,No Control,Clear,Daylight,Dry,Fatal,Pedestrian Collisions,Driver,30 to 34,None,,South,"Automobile, Station Wagon",Turning Right,Failed to Yield Right of Way,Inattentive,,,,,,,Yes,,Yes,,,,,Yes,,Yes,,,,159,Etobicoke City Centre,14,Islington-City Centre West (14),D22,619769.912576852,4831110.28567852
6659,81616022,2000184133,1/28/2022 5:00:00 AM,1506,THE QUEENSWAY,ISLINGTON AVE,ISLINGTON AV,Major Arterial,Etobicoke York,43.623351,-79.515498,Non Intersection,No Control,Clear,Daylight,Dry,Fatal,Pedestrian Collisions,Pedestrian,80 to 84,Fatal,3,East,,,,,Pedestrian hit on sidewalk or shoulder,On Sidewalk or Shoulder,Normal,,,,Yes,,Yes,,,,,Yes,,Yes,,,,159,Etobicoke City Centre,14,Islington-City Centre West (14),D22,619769.912576852,4831110.28567852
6660,81615751,2000196904,1/30/2022 5:00:00 AM,1415,GARDINER XWY W,STRACHAN AVE,374 m West o,Expressway,Toronto and East York,43.636824,-79.414432,Non Intersection,No Control,Clear,Daylight,Dry,Non-Fatal Injury,Rear End,Driver,35 to 39,Minor,,West,"Automobile, Station Wagon",Going Ahead,Lost control,Inattentive,,,,,,,,,Yes,,,,,Yes,Yes,Yes,,,,163,Fort York-Liberty Village,82,Niagara (82),D14,627895.437317064,4832757.38779591
6661,81615752,2000196904,1/30/2022 5:00:00 AM,1415,GARDINER XWY W,STRACHAN AVE,374 m West o,Expressway,Toronto and East York,43.636824,-79.414432,Non Intersection,No Control,Clear,Daylight,Dry,Non-Fatal Injury,Rear End,Driver,35 to 39,Major,,West,"Automobile, Station Wagon",Going Ahead,Driving Properly,Normal,,,,,,,,,Yes,,,,,Yes,Yes,Yes,,,,163,Fort York-Liberty Village,82,Niagara (82),D14,627895.437317064,4832757.38779591
6662,81615753,2000196904,1/30/2022 5:00:00 AM,1415,GARDINER XWY W,STRACHAN AVE,374 m West o,Expressway,Toronto and East York,43.636824,-79.414432,Non Intersection,No Control,Clear,Daylight,Dry,Non-Fatal Injury,Rear End,Passenger,30 to 34,Minimal,,,,,,,,,,,,,,,Yes,,,,,Yes,Yes,Yes,,,,163,Fort York-Liberty Village,82,Niagara (82),D14,627895.437317064,4832757.38779591
6663,81648272,2000271559,2/10/2022 5:00:00 AM,1900,YONGE ST,ERSKINE AVE,,Major Arterial,,43.711005,-79.399272,At Intersection,No Control,Clear,"Dark, artificial",Dry,Non-Fatal Injury,Pedestrian Collisions,Driver,30 to 34,None,,South,"Automobile, Station Wagon",Turning Left,Failed to Yield Right of Way,Inattentive,,,,,,,Yes,,Yes,,,,,Yes,,Yes,,,,173,North Toronto,104,Mount Pleasant West (104),D53,628959.299543326,4841019.6591951
6664,81648273,2000271559,2/10/2022 5:00:00 AM,1900,YONGE ST,ERSKINE AVE,,Major Arterial,,43.711005,-79.399272,At Intersection,No Control,Clear,"Dark, artificial",Dry,Non-Fatal Injury,Pedestrian Collisions,Passenger,35 to 39,None,,,,,,,,,,,,,Yes,,Yes,,,,,Yes,,Yes,,,,173,North Toronto,104,Mount Pleasant West (104),D53,628959.299543326,4841019.6591951
6665,81648274,2000271559,2/10/2022 5:00:00 AM,1900,YONGE ST,ERSKINE AVE,,Major Arterial,,43.711005,-79.399272,At Intersection,No Control,Clear,"Dark, artificial",Dry,Non-Fatal Injury,Pedestrian Collisions,Pedestrian,60 to 64,Major,,North,,,,,Vehicle turns left while ped crosses with ROW at inter.,Crossing with right of way,Normal,,,,Yes,,Yes,,,,,Yes,,Yes,,,,173,North Toronto,104,Mount Pleasant West (104),D53,628959.299543326,4841019.6591951
6666,81649684,2000284125,2/12/2022 5:00:00 AM,1945,384 O CONNOR DR,,100 m East o,Major Arterial,Toronto and East York,43.695937,-79.33755,Non Intersection,No Control,Clear,"Dark, artificial",Dry,Non-Fatal Injury,Other,Driver,40 to 44,None,,West,Municipal Transit Bus (TTC),Slowing or Stopping,Driving Properly,Normal,,,,,,,,,,,,Yes,,Yes,,,,,,58,Old East York,58,Old East York (58),D55,633965.414383697,4839444.02020651