OBJECTID,INDEX,ACCNUM,DATE,TIME,STREET1,STREET2,OFFSET,ROAD_CLASS,DISTRICT,LATITUDE,LONGITUDE,ACCLOC,TRAFFCTL,VISIBILITY,LIGHT,RDSFCOND,ACCLASS,IMPACTYPE,INVTYPE,INVAGE,INJURY,FATAL_NO,INITDIR,VEHTYPE,MANOEUVER,DRIVACT,DRIVCOND,PEDTYPE,PEDACT,PEDCOND,CYCLISTYPE,CYCACT,CYCCOND,PEDESTRIAN,CYCLIST,AUTOMOBILE,MOTORCYCLE,TRUCK,TRSN_CITY_VEH,EMERG_VEH,PASSENGER,SPEEDING,AG_DRIV,REDLIGHT,ALCOHOL,DISABILITY,HOOD_158,NEIGHBOURHOOD_158,HOOD_140,NEIGHBOURHOOD_140,DIVISION,x,y
6667,81649685,2000284125,2/12/2022 5:00:00 AM,1945,384 O CONNOR DR,,100 m East o,Major Arterial,Toronto and East York,43.695937,-79.33755,Non Intersection,No Control,Clear,"Dark, artificial",Dry,Non-Fatal Injury,Other,Passenger,65 to 69,Major,,,,,,,,,,,,,,,,,,Yes,,Yes,,,,,,58,Old East York,58,Old East York (58),D55,633965.414383697,4839444.02020651
6668,81650754,2000415804,3/5/2022 5:00:00 AM,120,BRIMORTON DR,MCCOWAN RD,37 m West of,Collector,Scarborough,43.765364,-79.248927,Intersection Related,Traffic Signal,Clear,"Dark, artificial",Dry,Non-Fatal Injury,SMV Other,Driver,20 to 24,Major,,West,"Automobile, Station Wagon",Going Ahead,Lost control,Inattentive,,,,,,,,,Yes,,,,,Yes,Yes,Yes,,,,142,Woburn North,137,Woburn (137),D43,640944.062850627,4847301.93312335
6669,81650755,2000415804,3/5/2022 5:00:00 AM,120,BRIMORTON DR,MCCOWAN RD,37 m West of,Collector,Scarborough,43.765364,-79.248927,Intersection Related,Traffic Signal,Clear,"Dark, artificial",Dry,Non-Fatal Injury,SMV Other,Passenger,20 to 24,None,,,,,,,,,,,,,,,Yes,,,,,Yes,Yes,Yes,,,,142,Woburn North,137,Woburn (137),D43,640944.062850627,4847301.93312335
6670,81631593,2000422292,3/6/2022 5:00:00 AM,240,LAKE SHORE BLVD W,JAMESON AVE,,Major Arterial,,43.633368,-79.43645,Non Intersection,No Control,Clear,Dark,Dry,Fatal,SMV Other,Passenger,15 to 19,Fatal,8,,,,,,,,,,,,,,Yes,,,,,Yes,,,,,,85,South Parkdale,85,South Parkdale (85),D14,626126.628703668,4832339.86515495
6671,81631594,2000422292,3/6/2022 5:00:00 AM,240,LAKE SHORE BLVD W,JAMESON AVE,,Major Arterial,,43.633368,-79.43645,Non Intersection,No Control,Clear,Dark,Dry,Fatal,SMV Other,Driver,30 to 34,Major,,East,"Automobile, Station Wagon",Going Ahead,Lost control,Unknown,,,,,,,,,Yes,,,,,Yes,,,,,,85,South Parkdale,85,South Parkdale (85),D14,626126.628703668,4832339.86515495
6672,81651459,2000427862,3/7/2022 5:00:00 AM,5,145 STEELES AVE E,,50 m East of,Major Arterial,North York,43.80054,-79.408313,Non Intersection,No Control,Clear,"Dark, artificial",Dry,Non-Fatal Injury,Approaching,Driver,45 to 49,Minor,,East,Pick Up Truck,Going Ahead,Lost control,Had Been Drinking,,,,,,,,,Yes,,,,,Yes,,,,,,50,Newtonbrook East,50,Newtonbrook East (50),D32,628039.822378562,4850949.83312362
6673,81651460,2000427862,3/7/2022 5:00:00 AM,5,145 STEELES AVE E,,50 m East of,Major Arterial,North York,43.80054,-79.408313,Non Intersection,No Control,Clear,"Dark, artificial",Dry,Non-Fatal Injury,Approaching,Driver,65 to 69,Major,,West,Delivery Van,Going Ahead,Driving Properly,Normal,,,,,,,,,Yes,,,,,Yes,,,,,,50,Newtonbrook East,50,Newtonbrook East (50),D32,628039.822378562,4850949.83312362
6674,81651461,2000427862,3/7/2022 5:00:00 AM,5,145 STEELES AVE E,,50 m East of,Major Arterial,North York,43.80054,-79.408313,Non Intersection,No Control,Clear,"Dark, artificial",Dry,Non-Fatal Injury,Approaching,Driver,55 to 59,Minor,,West,"Automobile, Station Wagon",Going Ahead,Driving Properly,Normal,,,,,,,,,Yes,,,,,Yes,,,,,,50,Newtonbrook East,50,Newtonbrook East (50),D32,628039.822378562,4850949.83312362
6675,81651462,2000427862,3/7/2022 5:00:00 AM,5,145 STEELES AVE E,,50 m East of,Major Arterial,North York,43.80054,-79.408313,Non Intersection,No Control,Clear,"Dark, artificial",Dry,Non-Fatal Injury,Approaching,Passenger,25 to 29,Minor,,,,,,,,,,,,,,,Yes,,,,,Yes,,,,,,50,Newtonbrook East,50,Newtonbrook East (50),D32,628039.822378562,4850949.83312362
6676,81648744,2000518219,3/20/2022 4:00:00 AM,252,BATHURST ST,NIAGARA ST,,Major Arterial,Toronto and East York,43.641841,-79.401851,At Intersection,Traffic Signal,Rain,"Dark, artificial",Wet,Non-Fatal Injury,Pedestrian Collisions,Driver,30 to 34,None,,South,Pick Up Truck,Turning Left,Failed to Yield Right of Way,Had Been Drinking,,,,,,,Yes,,Yes,,,,,Yes,,Yes,,,,164,Wellington Place,77,Waterfront Communities-The Island (77),D14,628899.530630334,4833334.05211372
6677,81648745,2000518219,3/20/2022 4:00:00 AM,252,BATHURST ST,NIAGARA ST,,Major Arterial,Toronto and East York,43.641841,-79.401851,At Intersection,Traffic Signal,Rain,"Dark, artificial",Wet,Non-Fatal Injury,Pedestrian Collisions,Pedestrian,25 to 29,Major,,North,,,,,Vehicle turns left while ped crosses with ROW at inter.,Crossing with right of way,Normal,,,,Yes,,Yes,,,,,Yes,,Yes,,,,164,Wellington Place,77,Waterfront Communities-The Island (77),D14,628899.530630334,4833334.05211372
6678,81648746,2000518219,3/20/2022 4:00:00 AM,252,BATHURST ST,NIAGARA ST,,Major Arterial,Toronto and East York,43.641841,-79.401851,At Intersection,Traffic Signal,Rain,"Dark, artificial",Wet,Non-Fatal Injury,Pedestrian Collisions,Pedestrian,15 to 19,Minimal,,,,,,,,,Normal,,,,Yes,,Yes,,,,,Yes,,Yes,,,,164,Wellington Place,77,Waterfront Communities-The Island (77),D14,628899.530630334,4833334.05211372
6679,81648747,2000518219,3/20/2022 4:00:00 AM,252,BATHURST ST,NIAGARA ST,,Major Arterial,Toronto and East York,43.641841,-79.401851,At Intersection,Traffic Signal,Rain,"Dark, artificial",Wet,Non-Fatal Injury,Pedestrian Collisions,Passenger,30 to 34,None,,,,,,,,,,,,,Yes,,Yes,,,,,Yes,,Yes,,,,164,Wellington Place,77,Waterfront Communities-The Island (77),D14,628899.530630334,4833334.05211372
6680,81648748,2000518219,3/20/2022 4:00:00 AM,252,BATHURST ST,NIAGARA ST,,Major Arterial,Toronto and East York,43.641841,-79.401851,At Intersection,Traffic Signal,Rain,"Dark, artificial",Wet,Non-Fatal Injury,Pedestrian Collisions,Passenger,30 to 34,None,,,,,,,,,,,,,Yes,,Yes,,,,,Yes,,Yes,,,,164,Wellington Place,77,Waterfront Communities-The Island (77),D14,628899.530630334,4833334.05211372
6681,81646589,2000545515,3/23/2022 4:00:00 AM,2330,YONGE ST,PATRICIA AVE,,Major Arterial,North York,43.790183,-79.418094,At Intersection,Traffic Signal,Rain,"Dark, artificial",Wet,Non-Fatal Injury,Turning Movement,Driver,65 to 69,Minimal,,South,"Automobile, Station Wagon",Going Ahead,Disobeyed Traffic Control,Inattentive,,,,,,,,,Yes,,,,,Yes,,Yes,Yes,,,50,Newtonbrook East,50,Newtonbrook East (50),D32,627274.989861924,4849784.44000375
6682,81646590,2000545515,3/23/2022 4:00:00 AM,2330,YONGE ST,PATRICIA AVE,,Major Arterial,North York,43.790183,-79.418094,At Intersection,Traffic Signal,Rain,"Dark, artificial",Wet,Non-Fatal Injury,Turning Movement,Driver,35 to 39,Major,,East,"Automobile, Station Wagon",Turning Left,Driving Properly,Normal,,,,,,,,,Yes,,,,,Yes,,Yes,Yes,,,50,Newtonbrook East,50,Newtonbrook East (50),D32,627274.989861924,4849784.44000375
6683,81646591,2000545515,3/23/2022 4:00:00 AM,2330,YONGE ST,PATRICIA AVE,,Major Arterial,North York,43.790183,-79.418094,At Intersection,Traffic Signal,Rain,"Dark, artificial",Wet,Non-Fatal Injury,Turning Movement,Passenger,20 to 24,None,,,,,,,,,,,,,,,Yes,,,,,Yes,,Yes,Yes,,,50,Newtonbrook East,50,Newtonbrook East (50),D32,627274.989861924,4849784.44000375
6684,81664171,2000697983,4/14/2022 4:00:00 AM,2042,CALEDONIA RD,KITCHENER AVE,,Minor Arterial,,43.688998,-79.460521,At Intersection,Traffic Signal,Clear,"Dark, artificial",Dry,Non-Fatal Injury,Cyclist Collisions,Driver,55 to 59,None,,North,"Automobile, Station Wagon",Turning Left,Improper Turn,Normal,,,,,,,,Yes,Yes,,,,,Yes,,,,,,109,Caledonia-Fairbank,109,Caledonia-Fairbank (109),D13,624070.240248853,4838482.01403829
6685,81664172,2000697983,4/14/2022 4:00:00 AM,2042,CALEDONIA RD,KITCHENER AVE,,Minor Arterial,,43.688998,-79.460521,At Intersection,Traffic Signal,Clear,"Dark, artificial",Dry,Non-Fatal Injury,Cyclist Collisions,Cyclist,20 to 24,Major,,South,Bicycle,Going Ahead,,,,,,Motorist turned left across cyclists path.,Driving Properly,Normal,,Yes,Yes,,,,,Yes,,,,,,109,Caledonia-Fairbank,109,Caledonia-Fairbank (109),D13,624070.240248853,4838482.01403829
6686,81664173,2000697983,4/14/2022 4:00:00 AM,2042,CALEDONIA RD,KITCHENER AVE,,Minor Arterial,,43.688998,-79.460521,At Intersection,Traffic Signal,Clear,"Dark, artificial",Dry,Non-Fatal Injury,Cyclist Collisions,Cyclist Passenger,15 to 19,Minor,,,,,,,,,,,,,,Yes,Yes,,,,,Yes,,,,,,109,Caledonia-Fairbank,109,Caledonia-Fairbank (109),D13,624070.240248853,4838482.01403829
6687,81650910,2000699426,4/15/2022 4:00:00 AM,211,665 KENNEDY RD,,,Major Arterial,Scarborough,43.726008,-79.265292,Non Intersection,No Control,Clear,"Dark, artificial",Dry,Non-Fatal Injury,Turning Movement,Driver,25 to 29,None,,South,"Automobile, Station Wagon",Turning Left,Failed to Yield Right of Way,Inattentive,,,,,,,,,Yes,,,,,Yes,,Yes,,,,124,Kennedy Park,124,Kennedy Park (124),D41,639718.362853025,4842903.12933281
6688,81650911,2000699426,4/15/2022 4:00:00 AM,211,665 KENNEDY RD,,,Major Arterial,Scarborough,43.726008,-79.265292,Non Intersection,No Control,Clear,"Dark, artificial",Dry,Non-Fatal Injury,Turning Movement,Driver,60 to 64,Major,,North,"Automobile, Station Wagon",Going Ahead,Driving Properly,Normal,,,,,,,,,Yes,,,,,Yes,,Yes,,,,124,Kennedy Park,124,Kennedy Park (124),D41,639718.362853025,4842903.12933281
6689,81650912,2000699426,4/15/2022 4:00:00 AM,211,665 KENNEDY RD,,,Major Arterial,Scarborough,43.726008,-79.265292,Non Intersection,No Control,Clear,"Dark, artificial",Dry,Non-Fatal Injury,Turning Movement,Passenger,25 to 29,None,,,,,,,,,,,,,,,Yes,,,,,Yes,,Yes,,,,124,Kennedy Park,124,Kennedy Park (124),D41,639718.362853025,4842903.12933281
6690,81646929,2000785196,4/27/2022 4:00:00 AM,2135,MORNINGSIDE AVE,FINCH AVE E,,Minor Arterial,Scarborough,43.819625,-79.221034,At Intersection,Traffic Signal,Clear,"Dark, artificial",Dry,Non-Fatal Injury,Pedestrian Collisions,Driver,25 to 29,None,,South,"Automobile, Station Wagon",Turning Left,Exceeding Speed Limit,Inattentive,,,,,,,Yes,,Yes,,,,,Yes,Yes,Yes,,,,145,Malvern West,132,Malvern (132),D42,643059.664646519,4853376.34436278
6691,81646930,2000785196,4/27/2022 4:00:00 AM,2135,MORNINGSIDE AVE,FINCH AVE E,,Minor Arterial,Scarborough,43.819625,-79.221034,At Intersection,Traffic Signal,Clear,"Dark, artificial",Dry,Non-Fatal Injury,Pedestrian Collisions,Passenger,25 to 29,None,,,,,,,,,,,,,Yes,,Yes,,,,,Yes,Yes,Yes,,,,145,Malvern West,132,Malvern (132),D42,643059.664646519,4853376.34436278
6692,81646931,2000785196,4/27/2022 4:00:00 AM,2135,MORNINGSIDE AVE,FINCH AVE E,,Minor Arterial,Scarborough,43.819625,-79.221034,At Intersection,Traffic Signal,Clear,"Dark, artificial",Dry,Non-Fatal Injury,Pedestrian Collisions,Passenger,25 to 29,None,,,,,,,,,,,,,Yes,,Yes,,,,,Yes,Yes,Yes,,,,145,Malvern West,132,Malvern (132),D42,643059.664646519,4853376.34436278
6693,81646932,2000785196,4/27/2022 4:00:00 AM,2135,MORNINGSIDE AVE,FINCH AVE E,,Minor Arterial,Scarborough,43.819625,-79.221034,At Intersection,Traffic Signal,Clear,"Dark, artificial",Dry,Non-Fatal Injury,Pedestrian Collisions,Pedestrian,20 to 24,Major,,North,,,,,Vehicle turns left while ped crosses with ROW at inter.,Crossing with right of way,Normal,,,,Yes,,Yes,,,,,Yes,Yes,Yes,,,,145,Malvern West,132,Malvern (132),D42,643059.664646519,4853376.34436278
6694,81648958,2000860343,5/8/2022 4:00:00 AM,1915,ST CLAIR AVE W,GUNNS RD,2 m West of,Major Arterial,Etobicoke York,43.67171,-79.47108,Intersection Related,Traffic Signal,Clear,Daylight,Dry,Non-Fatal Injury,Turning Movement,Driver,15 to 19,None,,West,"Automobile, Station Wagon",Going Ahead,Other,Inattentive,,,,,,,,,Yes,,,,,Yes,Yes,Yes,Yes,,,90,Junction Area,90,Junction Area (90),D11,623254.65199959,4836546.20603775
6695,81648959,2000860343,5/8/2022 4:00:00 AM,1915,ST CLAIR AVE W,GUNNS RD,2 m West of,Major Arterial,Etobicoke York,43.67171,-79.47108,Intersection Related,Traffic Signal,Clear,Daylight,Dry,Non-Fatal Injury,Turning Movement,Driver,25 to 29,Major,,South,"Automobile, Station Wagon",Turning Right,Disobeyed Traffic Control,Inattentive,,,,,,,,,Yes,,,,,Yes,Yes,Yes,Yes,,,90,Junction Area,90,Junction Area (90),D11,623254.65199959,4836546.20603775
6696,81648960,2000860343,5/8/2022 4:00:00 AM,1915,ST CLAIR AVE W,GUNNS RD,2 m West of,Major Arterial,Etobicoke York,43.67171,-79.47108,Intersection Related,Traffic Signal,Clear,Daylight,Dry,Non-Fatal Injury,Turning Movement,Driver,35 to 39,None,,South,"Automobile, Station Wagon",Turning Right,Driving Properly,Normal,,,,,,,,,Yes,,,,,Yes,Yes,Yes,Yes,,,90,Junction Area,90,Junction Area (90),D11,623254.65199959,4836546.20603775
6697,81648961,2000860343,5/8/2022 4:00:00 AM,1915,ST CLAIR AVE W,GUNNS RD,2 m West of,Major Arterial,Etobicoke York,43.67171,-79.47108,Intersection Related,Traffic Signal,Clear,Daylight,Dry,Non-Fatal Injury,Turning Movement,Passenger,15 to 19,None,,,,,,,,,,,,,,,Yes,,,,,Yes,Yes,Yes,Yes,,,90,Junction Area,90,Junction Area (90),D11,623254.65199959,4836546.20603775
6698,81648962,2000860343,5/8/2022 4:00:00 AM,1915,ST CLAIR AVE W,GUNNS RD,2 m West of,Major Arterial,Etobicoke York,43.67171,-79.47108,Intersection Related,Traffic Signal,Clear,Daylight,Dry,Non-Fatal Injury,Turning Movement,Passenger,0 to 4,None,,,,,,,,,,,,,,,Yes,,,,,Yes,Yes,Yes,Yes,,,90,Junction Area,90,Junction Area (90),D11,623254.65199959,4836546.20603775
6699,81647164,2000905786,5/14/2022 4:00:00 AM,2045,151 CHERRY ST,,12 m South o,Collector,Toronto and East York,43.639537,-79.347293,Non Intersection,No Control,Clear,"Dark, artificial",Loose Sand or Gravel,Non-Fatal Injury,SMV Other,Motorcycle Driver,60 to 64,Minor,,North,Motorcycle,Going Ahead,Lost control,Normal,,,,,,,,,,Yes,,,,Yes,Yes,Yes,,,,70,South Riverdale,70,South Riverdale (70),D51,633305.078123456,4833164.34187311
6700,81647165,2000905786,5/14/2022 4:00:00 AM,2045,151 CHERRY ST,,12 m South o,Collector,Toronto and East York,43.639537,-79.347293,Non Intersection,No Control,Clear,"Dark, artificial",Loose Sand or Gravel,Non-Fatal Injury,SMV Other,Motorcycle Passenger,75 to 79,Major,,,,,,,,,,,,,,,,Yes,,,,Yes,Yes,Yes,,,,70,South Riverdale,70,South Riverdale (70),D51,633305.078123456,4833164.34187311
6701,81648101,2000962188,5/22/2022 4:00:00 AM,1443,DUFFERIN ST,CROATIA ST,,Major Arterial,Toronto and East York,43.658274,-79.434741,At Intersection,Stop Sign,Clear,Daylight,Dry,Non-Fatal Injury,Pedestrian Collisions,Driver,60 to 64,None,,East,"Automobile, Station Wagon",Turning Left,Failed to Yield Right of Way,Inattentive,,,,,,,Yes,,Yes,,,,,Yes,,Yes,,,,83,Dufferin Grove,83,Dufferin Grove (83),D14,626212.319950746,4835108.59567223
6702,81648102,2000962188,5/22/2022 4:00:00 AM,1443,DUFFERIN ST,CROATIA ST,,Major Arterial,Toronto and East York,43.658274,-79.434741,At Intersection,Stop Sign,Clear,Daylight,Dry,Non-Fatal Injury,Pedestrian Collisions,Passenger,40 to 44,None,,,,,,,,,,,,,Yes,,Yes,,,,,Yes,,Yes,,,,83,Dufferin Grove,83,Dufferin Grove (83),D14,626212.319950746,4835108.59567223
6703,81648103,2000962188,5/22/2022 4:00:00 AM,1443,DUFFERIN ST,CROATIA ST,,Major Arterial,Toronto and East York,43.658274,-79.434741,At Intersection,Stop Sign,Clear,Daylight,Dry,Non-Fatal Injury,Pedestrian Collisions,Pedestrian,65 to 69,Major,,West,,,,,Vehicle turns left while ped crosses without ROW at inter.,Crossing without right of way,Inattentive,,,,Yes,,Yes,,,,,Yes,,Yes,,,,83,Dufferin Grove,83,Dufferin Grove (83),D14,626212.319950746,4835108.59567223
6704,81649889,2001027552,5/31/2022 4:00:00 AM,1636,EASTERN AVE,WOODFIELD RD,7 m North of,Minor Arterial,Toronto and East York,43.663516,-79.320537,At Intersection,Stop Sign,Clear,Daylight,Dry,Non-Fatal Injury,Angle,Driver,20 to 24,Minor,,South,"Automobile, Station Wagon",Going Ahead,Disobeyed Traffic Control,Normal,,,,,,,,,Yes,,,,,Yes,,Yes,,,,63,The Beaches,63,The Beaches (63),D55,635409.304987006,4835870.84975356
6705,81649890,2001027552,5/31/2022 4:00:00 AM,1636,EASTERN AVE,WOODFIELD RD,7 m North of,Minor Arterial,Toronto and East York,43.663516,-79.320537,At Intersection,Stop Sign,Clear,Daylight,Dry,Non-Fatal Injury,Angle,Driver,25 to 29,Major,,West,"Automobile, Station Wagon",Going Ahead,Driving Properly,Normal,,,,,,,,,Yes,,,,,Yes,,Yes,,,,63,The Beaches,63,The Beaches (63),D55,635409.304987006,4835870.84975356
6706,81649891,2001027552,5/31/2022 4:00:00 AM,1636,EASTERN AVE,WOODFIELD RD,7 m North of,Minor Arterial,Toronto and East York,43.663516,-79.320537,At Intersection,Stop Sign,Clear,Daylight,Dry,Non-Fatal Injury,Angle,Passenger,25 to 29,None,,,,,,,,,,,,,,,Yes,,,,,Yes,,Yes,,,,63,The Beaches,63,The Beaches (63),D55,635409.304987006,4835870.84975356
6707,81647828,2001058259,6/4/2022 4:00:00 AM,1945,MARKHAM RD,STEELES AVE E,,Major Arterial,Scarborough,43.836528,-79.251148,At Intersection,Traffic Signal,Clear,Daylight,Dry,Non-Fatal Injury,Turning Movement,Driver,25 to 29,None,,South,"Automobile, Station Wagon",Turning Left,Failed to Yield Right of Way,Inattentive,,,,,,,,,Yes,,,,,Yes,,Yes,,,,144,Morningside Heights,131,Rouge (131),D42,640598.255877937,4855202.06599454
6708,81647829,2001058259,6/4/2022 4:00:00 AM,1945,MARKHAM RD,STEELES AVE E,,Major Arterial,Scarborough,43.836528,-79.251148,At Intersection,Traffic Signal,Clear,Daylight,Dry,Non-Fatal Injury,Turning Movement,Driver,60 to 64,Major,,North,Pick Up Truck,Going Ahead,Driving Properly,Normal,,,,,,,,,Yes,,,,,Yes,,Yes,,,,144,Morningside Heights,131,Rouge (131),D42,640598.255877937,4855202.06599454
6709,81647830,2001058259,6/4/2022 4:00:00 AM,1945,MARKHAM RD,STEELES AVE E,,Major Arterial,Scarborough,43.836528,-79.251148,At Intersection,Traffic Signal,Clear,Daylight,Dry,Non-Fatal Injury,Turning Movement,Passenger,45 to 49,Minimal,,,,,,,,,,,,,,,Yes,,,,,Yes,,Yes,,,,144,Morningside Heights,131,Rouge (131),D42,640598.255877937,4855202.06599454
6710,81647831,2001058259,6/4/2022 4:00:00 AM,1945,MARKHAM RD,STEELES AVE E,,Major Arterial,Scarborough,43.836528,-79.251148,At Intersection,Traffic Signal,Clear,Daylight,Dry,Non-Fatal Injury,Turning Movement,Passenger,65 to 69,Minimal,,,,,,,,,,,,,,,Yes,,,,,Yes,,Yes,,,,144,Morningside Heights,131,Rouge (131),D42,640598.255877937,4855202.06599454
6711,81647832,2001058259,6/4/2022 4:00:00 AM,1945,MARKHAM RD,STEELES AVE E,,Major Arterial,Scarborough,43.836528,-79.251148,At Intersection,Traffic Signal,Clear,Daylight,Dry,Non-Fatal Injury,Turning Movement,Passenger,25 to 29,Minimal,,,,,,,,,,,,,,,Yes,,,,,Yes,,Yes,,,,144,Morningside Heights,131,Rouge (131),D42,640598.255877937,4855202.06599454
6712,81647833,2001058259,6/4/2022 4:00:00 AM,1945,MARKHAM RD,STEELES AVE E,,Major Arterial,Scarborough,43.836528,-79.251148,At Intersection,Traffic Signal,Clear,Daylight,Dry,Non-Fatal Injury,Turning Movement,Passenger,60 to 64,Minimal,,,,,,,,,,,,,,,Yes,,,,,Yes,,Yes,,,,144,Morningside Heights,131,Rouge (131),D42,640598.255877937,4855202.06599454
6713,81647834,2001058259,6/4/2022 4:00:00 AM,1945,MARKHAM RD,STEELES AVE E,,Major Arterial,Scarborough,43.836528,-79.251148,At Intersection,Traffic Signal,Clear,Daylight,Dry,Non-Fatal Injury,Turning Movement,Passenger,55 to 59,None,,,,,,,,,,,,,,,Yes,,,,,Yes,,Yes,,,,144,Morningside Heights,131,Rouge (131),D42,640598.255877937,4855202.06599454
6714,81687575,2001097209,6/10/2022 4:00:00 AM,749,THE WEST MALL,BURNHAMTHORPE RD,,Major Arterial,Etobicoke York,43.64448,-79.567203,At Intersection,Traffic Signal,Clear,Daylight,Dry,Non-Fatal Injury,Turning Movement,Truck Driver,45 to 49,None,,South,Truck (other),Turning Right,Failed to Yield Right of Way,Inattentive,,,,,,,,,,,Yes,,,Yes,,Yes,,,,13,Etobicoke West Mall,13,Etobicoke West Mall (13),D22,615557.807462566,4833383.63615357
6715,81687576,2001097209,6/10/2022 4:00:00 AM,749,THE WEST MALL,BURNHAMTHORPE RD,,Major Arterial,Etobicoke York,43.64448,-79.567203,At Intersection,Traffic Signal,Clear,Daylight,Dry,Non-Fatal Injury,Turning Movement,Driver,55 to 59,Major,,South,Other,Going Ahead,Driving Properly,Normal,,,,,,,,,,,Yes,,,Yes,,Yes,,,,13,Etobicoke West Mall,13,Etobicoke West Mall (13),D22,615557.807462566,4833383.63615357
6716,81687577,2001097209,6/10/2022 4:00:00 AM,749,THE WEST MALL,BURNHAMTHORPE RD,,Major Arterial,Etobicoke York,43.64448,-79.567203,At Intersection,Traffic Signal,Clear,Daylight,Dry,Non-Fatal Injury,Turning Movement,Passenger,50 to 54,None,,,,,,,,,,,,,,,,,Yes,,,Yes,,Yes,,,,13,Etobicoke West Mall,13,Etobicoke West Mall (13),D22,615557.807462566,4833383.63615357
6717,81647935,2001145268,6/16/2022 4:00:00 AM,1930,OVERLEA BLVD,THORNCLIFFE PARK DR,3 m South of,Major Arterial,North York,43.707385,-79.343669,At Intersection,Traffic Signal,Clear,Daylight,Dry,Non-Fatal Injury,Cyclist Collisions,Cyclist,10 to 14,Major,,East,Bicycle,Going Ahead,,,,,,"Cyclist without ROW rides into path of motorist at inter, lnwy, dwy-Cyclist not turn.",Disobeyed Traffic Control,Inattentive,,Yes,Yes,,,,,Yes,,,,,,55,Thorncliffe Park,55,Thorncliffe Park (55),D53,633446.918969618,4840705.61397591
6718,81647936,2001145268,6/16/2022 4:00:00 AM,1930,OVERLEA BLVD,THORNCLIFFE PARK DR,3 m South of,Major Arterial,North York,43.707385,-79.343669,At Intersection,Traffic Signal,Clear,Daylight,Dry,Non-Fatal Injury,Cyclist Collisions,Driver,80 to 84,None,,North,"Automobile, Station Wagon",Going Ahead,Driving Properly,Normal,,,,,,,,Yes,Yes,,,,,Yes,,,,,,55,Thorncliffe Park,55,Thorncliffe Park (55),D53,633446.918969618,4840705.61397591
6719,81647937,2001145268,6/16/2022 4:00:00 AM,1930,OVERLEA BLVD,THORNCLIFFE PARK DR,3 m South of,Major Arterial,North York,43.707385,-79.343669,At Intersection,Traffic Signal,Clear,Daylight,Dry,Non-Fatal Injury,Cyclist Collisions,Passenger,80 to 84,None,,,,,,,,,,,,,,Yes,Yes,,,,,Yes,,,,,,55,Thorncliffe Park,55,Thorncliffe Park (55),D53,633446.918969618,4840705.61397591
6720,81708773,2001187840,6/22/2022 4:00:00 AM,2046,WILLIAM R ALLEN RD,SHEPPARD AVE W,400 m South ,Major Arterial,North York,43.750247,-79.46336,Non Intersection,No Control,Clear,"Dark, artificial",Dry,Non-Fatal Injury,SMV Other,Driver,60 to 64,Minimal,,South,"Automobile, Station Wagon",Going Ahead,Failed to Yield Right of Way,Other,,,,,,,,,Yes,,,,,Yes,Yes,Yes,,,,155,Downsview,26,Downsview-Roding-CFB (26),D32,623715.315836289,4845280.33902936
6721,81708774,2001187840,6/22/2022 4:00:00 AM,2046,WILLIAM R ALLEN RD,SHEPPARD AVE W,400 m South ,Major Arterial,North York,43.750247,-79.46336,Non Intersection,No Control,Clear,"Dark, artificial",Dry,Non-Fatal Injury,SMV Other,Passenger,40 to 44,Major,,,,,,,,,,,,,,,Yes,,,,,Yes,Yes,Yes,,,,155,Downsview,26,Downsview-Roding-CFB (26),D32,623715.315836289,4845280.33902936
6722,81645438,2001252821,7/1/2022 4:00:00 AM,2341,WELLINGTON ST W,UNIVERSITY AVE,,Major Arterial,Toronto and East York,43.646311,-79.384059,At Intersection,Traffic Signal,Clear,"Dark, artificial",Wet,Fatal,Pedestrian Collisions,Pedestrian,25 to 29,Fatal,25,Unknown,,,,,Vehicle is going straight thru inter.while ped cross with ROW,Crossing with right of way,Normal,,,,Yes,,Yes,,,,,Yes,,Yes,Yes,Yes,,170,Yonge-Bay Corridor,76,Bay Street Corridor (76),D52,630324.902546037,4833858.28965038
6723,81645444,2001252821,7/1/2022 4:00:00 AM,2341,WELLINGTON ST W,UNIVERSITY AVE,,Major Arterial,Toronto and East York,43.646311,-79.384059,At Intersection,Traffic Signal,Clear,"Dark, artificial",Wet,Fatal,Pedestrian Collisions,Driver,25 to 29,None,,West,"Automobile, Station Wagon",Going Ahead,Disobeyed Traffic Control,"Ability Impaired, Alcohol Over .08",,,,,,,Yes,,Yes,,,,,Yes,,Yes,Yes,Yes,,170,Yonge-Bay Corridor,76,Bay Street Corridor (76),D52,630324.902546037,4833858.28965038