OBJECTID,INDEX,ACCNUM,DATE,TIME,STREET1,STREET2,OFFSET,ROAD_CLASS,DISTRICT,LATITUDE,LONGITUDE,ACCLOC,TRAFFCTL,VISIBILITY,LIGHT,RDSFCOND,ACCLASS,IMPACTYPE,INVTYPE,INVAGE,INJURY,FATAL_NO,INITDIR,VEHTYPE,MANOEUVER,DRIVACT,DRIVCOND,PEDTYPE,PEDACT,PEDCOND,CYCLISTYPE,CYCACT,CYCCOND,PEDESTRIAN,CYCLIST,AUTOMOBILE,MOTORCYCLE,TRUCK,TRSN_CITY_VEH,EMERG_VEH,PASSENGER,SPEEDING,AG_DRIV,REDLIGHT,ALCOHOL,DISABILITY,HOOD_158,NEIGHBOURHOOD_158,HOOD_140,NEIGHBOURHOOD_140,DIVISION,x,y
6724,81651482,2001252821,7/1/2022 4:00:00 AM,2341,WELLINGTON ST W,UNIVERSITY AVE,,Major Arterial,Toronto and East York,43.646311,-79.384059,At Intersection,Traffic Signal,Clear,"Dark, artificial",Wet,Fatal,Pedestrian Collisions,Pedestrian,30 to 34,Major,,Unknown,,,,,Pedestrian hit on sidewalk or shoulder,On Sidewalk or Shoulder,Normal,,,,Yes,,Yes,,,,,Yes,,Yes,Yes,Yes,,170,Yonge-Bay Corridor,76,Bay Street Corridor (76),D52,630324.902546037,4833858.28965038
6725,81651483,2001252821,7/1/2022 4:00:00 AM,2341,WELLINGTON ST W,UNIVERSITY AVE,,Major Arterial,Toronto and East York,43.646311,-79.384059,At Intersection,Traffic Signal,Clear,"Dark, artificial",Wet,Fatal,Pedestrian Collisions,Passenger,30 to 34,None,,Unknown,,,,,,,,,,,Yes,,Yes,,,,,Yes,,Yes,Yes,Yes,,170,Yonge-Bay Corridor,76,Bay Street Corridor (76),D52,630324.902546037,4833858.28965038
6726,81651484,2001252821,7/1/2022 4:00:00 AM,2341,WELLINGTON ST W,UNIVERSITY AVE,,Major Arterial,Toronto and East York,43.646311,-79.384059,At Intersection,Traffic Signal,Clear,"Dark, artificial",Wet,Fatal,Pedestrian Collisions,Driver,50 to 54,Minimal,,North,"Automobile, Station Wagon",Going Ahead,Driving Properly,Normal,,,,,,,Yes,,Yes,,,,,Yes,,Yes,Yes,Yes,,170,Yonge-Bay Corridor,76,Bay Street Corridor (76),D52,630324.902546037,4833858.28965038
6727,81651485,2001252821,7/1/2022 4:00:00 AM,2341,WELLINGTON ST W,UNIVERSITY AVE,,Major Arterial,Toronto and East York,43.646311,-79.384059,At Intersection,Traffic Signal,Clear,"Dark, artificial",Wet,Fatal,Pedestrian Collisions,Passenger,30 to 34,Minor,,,,,,,,,,,,,Yes,,Yes,,,,,Yes,,Yes,Yes,Yes,,170,Yonge-Bay Corridor,76,Bay Street Corridor (76),D52,630324.902546037,4833858.28965038
6728,81651486,2001252821,7/1/2022 4:00:00 AM,2341,WELLINGTON ST W,UNIVERSITY AVE,,Major Arterial,Toronto and East York,43.646311,-79.384059,At Intersection,Traffic Signal,Clear,"Dark, artificial",Wet,Fatal,Pedestrian Collisions,Passenger,30 to 34,Minimal,,,,,,,,,,,,,Yes,,Yes,,,,,Yes,,Yes,Yes,Yes,,170,Yonge-Bay Corridor,76,Bay Street Corridor (76),D52,630324.902546037,4833858.28965038
6729,81651487,2001252821,7/1/2022 4:00:00 AM,2341,WELLINGTON ST W,UNIVERSITY AVE,,Major Arterial,Toronto and East York,43.646311,-79.384059,At Intersection,Traffic Signal,Clear,"Dark, artificial",Wet,Fatal,Pedestrian Collisions,Passenger,30 to 34,Minimal,,,,,,,,,,,,,Yes,,Yes,,,,,Yes,,Yes,Yes,Yes,,170,Yonge-Bay Corridor,76,Bay Street Corridor (76),D52,630324.902546037,4833858.28965038
6730,81651488,2001252821,7/1/2022 4:00:00 AM,2341,WELLINGTON ST W,UNIVERSITY AVE,,Major Arterial,Toronto and East York,43.646311,-79.384059,At Intersection,Traffic Signal,Clear,"Dark, artificial",Wet,Fatal,Pedestrian Collisions,Driver,45 to 49,Minimal,,North,"Automobile, Station Wagon",Going Ahead,Driving Properly,Normal,,,,,,,Yes,,Yes,,,,,Yes,,Yes,Yes,Yes,,170,Yonge-Bay Corridor,76,Bay Street Corridor (76),D52,630324.902546037,4833858.28965038
6731,81651489,2001252821,7/1/2022 4:00:00 AM,2341,WELLINGTON ST W,UNIVERSITY AVE,,Major Arterial,Toronto and East York,43.646311,-79.384059,At Intersection,Traffic Signal,Clear,"Dark, artificial",Wet,Fatal,Pedestrian Collisions,Passenger,50 to 54,Minimal,,,,,,,,,,,,,Yes,,Yes,,,,,Yes,,Yes,Yes,Yes,,170,Yonge-Bay Corridor,76,Bay Street Corridor (76),D52,630324.902546037,4833858.28965038
6732,81645440,2001265655,7/3/2022 4:00:00 AM,2245,701 WARDEN AVE,,,Minor Arterial,Scarborough,43.710311,-79.280322,Non Intersection,No Control,Clear,"Dusk, artificial",Dry,Fatal,Rear End,Driver,40 to 44,None,,South,"Automobile, Station Wagon",Going Ahead,Driving Properly,Normal,,,,,,,,,Yes,,,,,Yes,,,,,,121,Oakridge,121,Oakridge (121),D41,638543.963235228,4841134.5163675
6733,81645441,2001265655,7/3/2022 4:00:00 AM,2245,701 WARDEN AVE,,,Minor Arterial,Scarborough,43.710311,-79.280322,Non Intersection,No Control,Clear,"Dusk, artificial",Dry,Fatal,Rear End,Driver,55 to 59,Major,,North,"Automobile, Station Wagon",Going Ahead,Driving Properly,Normal,,,,,,,,,Yes,,,,,Yes,,,,,,121,Oakridge,121,Oakridge (121),D41,638543.963235228,4841134.5163675
6734,81645442,2001265655,7/3/2022 4:00:00 AM,2245,701 WARDEN AVE,,,Minor Arterial,Scarborough,43.710311,-79.280322,Non Intersection,No Control,Clear,"Dusk, artificial",Dry,Fatal,Rear End,Passenger,45 to 49,Minor,,,,,,,,,,,,,,,Yes,,,,,Yes,,,,,,121,Oakridge,121,Oakridge (121),D41,638543.963235228,4841134.5163675
6735,81645443,2001265655,7/3/2022 4:00:00 AM,2245,701 WARDEN AVE,,,Minor Arterial,Scarborough,43.710311,-79.280322,Non Intersection,No Control,Clear,"Dusk, artificial",Dry,Fatal,Rear End,Passenger,75 to 79,Major,,,,,,,,,,,,,,,Yes,,,,,Yes,,,,,,121,Oakridge,121,Oakridge (121),D41,638543.963235228,4841134.5163675
6736,81651490,2001265655,7/3/2022 4:00:00 AM,2245,701 WARDEN AVE,,,Minor Arterial,Scarborough,43.710311,-79.280322,Non Intersection,No Control,Clear,"Dusk, artificial",Dry,Fatal,Rear End,Passenger,0 to 4,None,,,,,,,,,,,,,,,Yes,,,,,Yes,,,,,,121,Oakridge,121,Oakridge (121),D41,638543.963235228,4841134.5163675
6737,81651491,2001265655,7/3/2022 4:00:00 AM,2245,701 WARDEN AVE,,,Minor Arterial,Scarborough,43.710311,-79.280322,Non Intersection,No Control,Clear,"Dusk, artificial",Dry,Fatal,Rear End,Passenger,5 to 9,None,,,,,,,,,,,,,,,Yes,,,,,Yes,,,,,,121,Oakridge,121,Oakridge (121),D41,638543.963235228,4841134.5163675
6738,81656792,2001265655,7/3/2022 4:00:00 AM,2245,701 WARDEN AVE,,,Minor Arterial,Scarborough,43.710311,-79.280322,Non Intersection,No Control,Clear,"Dusk, artificial",Dry,Fatal,Rear End,Driver,85 to 89,Fatal,26,South,"Automobile, Station Wagon",Going Ahead,Lost control,Unknown,,,,,,,,,Yes,,,,,Yes,,,,,,121,Oakridge,121,Oakridge (121),D41,638543.963235228,4841134.5163675
6739,81664356,2001311462,7/9/2022 4:00:00 AM,2233,DON VALLEY PARKWAY  S,DVP S YORK MILLS E RAMP,30 m North o,Expressway,North York,43.758597,-79.335994,Non Intersection,No Control,Clear,"Dark, artificial",Dry,Non-Fatal Injury,Rear End,Driver,20 to 24,Major,,South,Motorcycle,Going Ahead,Lost control,Unknown,,,,,,,,,Yes,Yes,,,,Yes,Yes,Yes,,,,149,Parkwoods-O'Connor Hills,45,Parkwoods-Donalda (45),D33,633951.056617569,4846405.84407408
6740,81664357,2001311462,7/9/2022 4:00:00 AM,2233,DON VALLEY PARKWAY  S,DVP S YORK MILLS E RAMP,30 m North o,Expressway,North York,43.758597,-79.335994,Non Intersection,No Control,Clear,"Dark, artificial",Dry,Non-Fatal Injury,Rear End,Driver,30 to 34,None,,South,"Automobile, Station Wagon",Slowing or Stopping,Driving Properly,Normal,,,,,,,,,Yes,Yes,,,,Yes,Yes,Yes,,,,149,Parkwoods-O'Connor Hills,45,Parkwoods-Donalda (45),D33,633951.056617569,4846405.84407408
6741,81664358,2001311462,7/9/2022 4:00:00 AM,2233,DON VALLEY PARKWAY  S,DVP S YORK MILLS E RAMP,30 m North o,Expressway,North York,43.758597,-79.335994,Non Intersection,No Control,Clear,"Dark, artificial",Dry,Non-Fatal Injury,Rear End,Passenger,20 to 24,None,,,,,,,,,,,,,,,Yes,Yes,,,,Yes,Yes,Yes,,,,149,Parkwoods-O'Connor Hills,45,Parkwoods-Donalda (45),D33,633951.056617569,4846405.84407408
6742,81664359,2001311462,7/9/2022 4:00:00 AM,2233,DON VALLEY PARKWAY  S,DVP S YORK MILLS E RAMP,30 m North o,Expressway,North York,43.758597,-79.335994,Non Intersection,No Control,Clear,"Dark, artificial",Dry,Non-Fatal Injury,Rear End,Passenger,30 to 34,None,,,,,,,,,,,,,,,Yes,Yes,,,,Yes,Yes,Yes,,,,149,Parkwoods-O'Connor Hills,45,Parkwoods-Donalda (45),D33,633951.056617569,4846405.84407408
6743,81664360,2001311462,7/9/2022 4:00:00 AM,2233,DON VALLEY PARKWAY  S,DVP S YORK MILLS E RAMP,30 m North o,Expressway,North York,43.758597,-79.335994,Non Intersection,No Control,Clear,"Dark, artificial",Dry,Non-Fatal Injury,Rear End,Passenger,20 to 24,None,,,,,,,,,,,,,,,Yes,Yes,,,,Yes,Yes,Yes,,,,149,Parkwoods-O'Connor Hills,45,Parkwoods-Donalda (45),D33,633951.056617569,4846405.84407408
6744,81664576,2001318455,7/11/2022 4:00:00 AM,3,GUILDWOOD PKWY,GALLOWAY RD,,Minor Arterial,Scarborough,43.749594,-79.18938,At Intersection,Stop Sign,Clear,"Dark, artificial",Dry,Non-Fatal Injury,Approaching,Driver,20 to 24,Major,,East,"Automobile, Station Wagon",Going Ahead,Disobeyed Traffic Control,Other,,,,,,,,,Yes,,,,,Yes,Yes,Yes,,,,140,Guildwood,140,Guildwood (140),D43,645775.36039938,4845653.50946125
6745,81664577,2001318455,7/11/2022 4:00:00 AM,3,GUILDWOOD PKWY,GALLOWAY RD,,Minor Arterial,Scarborough,43.749594,-79.18938,At Intersection,Stop Sign,Clear,"Dark, artificial",Dry,Non-Fatal Injury,Approaching,Driver,40 to 44,Minor,,West,"Automobile, Station Wagon",Going Ahead,Driving Properly,Normal,,,,,,,,,Yes,,,,,Yes,Yes,Yes,,,,140,Guildwood,140,Guildwood (140),D43,645775.36039938,4845653.50946125
6746,81664578,2001318455,7/11/2022 4:00:00 AM,3,GUILDWOOD PKWY,GALLOWAY RD,,Minor Arterial,Scarborough,43.749594,-79.18938,At Intersection,Stop Sign,Clear,"Dark, artificial",Dry,Non-Fatal Injury,Approaching,Passenger,40 to 44,Minor,,,,,,,,,,,,,,,Yes,,,,,Yes,Yes,Yes,,,,140,Guildwood,140,Guildwood (140),D43,645775.36039938,4845653.50946125
6747,81688080,2001330011,7/12/2022 4:00:00 AM,1508,JANE ST,FINCH AVE W,50 m South o,Major Arterial,North York,43.756674,-79.517574,Non Intersection,No Control,Clear,Daylight,Dry,Non-Fatal Injury,Pedestrian Collisions,Driver,40 to 44,None,,North,"Automobile, Station Wagon",Going Ahead,Driving Properly,Normal,,,,,,,Yes,,Yes,,,,,Yes,,,,,,25,Glenfield-Jane Heights,25,Glenfield-Jane Heights (25),D31,619337.722402269,4845914.61088434
6748,81688081,2001330011,7/12/2022 4:00:00 AM,1508,JANE ST,FINCH AVE W,50 m South o,Major Arterial,North York,43.756674,-79.517574,Non Intersection,No Control,Clear,Daylight,Dry,Non-Fatal Injury,Pedestrian Collisions,Passenger,60 to 64,None,,,,,,,,,,,,,Yes,,Yes,,,,,Yes,,,,,,25,Glenfield-Jane Heights,25,Glenfield-Jane Heights (25),D31,619337.722402269,4845914.61088434
6749,81688082,2001330011,7/12/2022 4:00:00 AM,1508,JANE ST,FINCH AVE W,50 m South o,Major Arterial,North York,43.756674,-79.517574,Non Intersection,No Control,Clear,Daylight,Dry,Non-Fatal Injury,Pedestrian Collisions,Passenger,10 to 14,None,,,,,,,,,,,,,Yes,,Yes,,,,,Yes,,,,,,25,Glenfield-Jane Heights,25,Glenfield-Jane Heights (25),D31,619337.722402269,4845914.61088434
6750,81688083,2001330011,7/12/2022 4:00:00 AM,1508,JANE ST,FINCH AVE W,50 m South o,Major Arterial,North York,43.756674,-79.517574,Non Intersection,No Control,Clear,Daylight,Dry,Non-Fatal Injury,Pedestrian Collisions,Passenger,0 to 4,None,,,,,,,,,,,,,Yes,,Yes,,,,,Yes,,,,,,25,Glenfield-Jane Heights,25,Glenfield-Jane Heights (25),D31,619337.722402269,4845914.61088434
6751,81688084,2001330011,7/12/2022 4:00:00 AM,1508,JANE ST,FINCH AVE W,50 m South o,Major Arterial,North York,43.756674,-79.517574,Non Intersection,No Control,Clear,Daylight,Dry,Non-Fatal Injury,Pedestrian Collisions,Pedestrian,15 to 19,Major,,West,,,,,Pedestrian hit at mid-block,"Crossing, no Traffic Control",Normal,,,,Yes,,Yes,,,,,Yes,,,,,,25,Glenfield-Jane Heights,25,Glenfield-Jane Heights (25),D31,619337.722402269,4845914.61088434
6752,81656788,2001395408,7/21/2022 4:00:00 AM,1510,WARDEN AVE,COMSTOCK RD,,Major Arterial,Scarborough,43.721461,-79.284953,At Intersection,Traffic Signal,Clear,Daylight,Dry,Fatal,Pedestrian Collisions,Driver,75 to 79,None,,South,"Automobile, Station Wagon",Going Ahead,Driving Properly,Normal,,,,,,,Yes,,Yes,,,,,Yes,,Yes,,,,120,Clairlea-Birchmount,120,Clairlea-Birchmount (120),D41,638145.242449535,4842365.15609655
6753,81656790,2001395408,7/21/2022 4:00:00 AM,1510,WARDEN AVE,COMSTOCK RD,,Major Arterial,Scarborough,43.721461,-79.284953,At Intersection,Traffic Signal,Clear,Daylight,Dry,Fatal,Pedestrian Collisions,Pedestrian,35 to 39,Fatal,28,Unknown,,,,,Pedestrian hit on sidewalk or shoulder,On Sidewalk or Shoulder,Normal,,,,Yes,,Yes,,,,,Yes,,Yes,,,,120,Clairlea-Birchmount,120,Clairlea-Birchmount (120),D41,638145.242449535,4842365.15609655
6754,81656791,2001395408,7/21/2022 4:00:00 AM,1510,WARDEN AVE,COMSTOCK RD,,Major Arterial,Scarborough,43.721461,-79.284953,At Intersection,Traffic Signal,Clear,Daylight,Dry,Fatal,Pedestrian Collisions,Passenger,20 to 24,None,,,,,,,,,,,,,Yes,,Yes,,,,,Yes,,Yes,,,,120,Clairlea-Birchmount,120,Clairlea-Birchmount (120),D41,638145.242449535,4842365.15609655
6755,81658383,2001395408,7/21/2022 4:00:00 AM,1510,WARDEN AVE,COMSTOCK RD,,Major Arterial,Scarborough,43.721461,-79.284953,At Intersection,Traffic Signal,Clear,Daylight,Dry,Fatal,Pedestrian Collisions,Driver,15 to 19,None,,North,"Automobile, Station Wagon",Turning Left,Failed to Yield Right of Way,Normal,,,,,,,Yes,,Yes,,,,,Yes,,Yes,,,,120,Clairlea-Birchmount,120,Clairlea-Birchmount (120),D41,638145.242449535,4842365.15609655
6756,81664126,2001417954,7/24/2022 4:00:00 AM,1635,MIDLAND AVE,FINCH AVE E,2 m North of,Major Arterial,Scarborough,43.804583,-79.286739,Non Intersection,No Control,Clear,Daylight,Dry,Non-Fatal Injury,Turning Movement,Driver,35 to 39,Major,,East,"Automobile, Station Wagon",Turning Left,Failed to Yield Right of Way,Inattentive,,,,,,,,,Yes,,,,,Yes,,Yes,,,,130,Milliken,130,Milliken (130),D42,637810.382428601,4851594.15672499
6757,81664127,2001417954,7/24/2022 4:00:00 AM,1635,MIDLAND AVE,FINCH AVE E,2 m North of,Major Arterial,Scarborough,43.804583,-79.286739,Non Intersection,No Control,Clear,Daylight,Dry,Non-Fatal Injury,Turning Movement,Driver,65 to 69,Minor,,South,Pick Up Truck,Going Ahead,Driving Properly,Normal,,,,,,,,,Yes,,,,,Yes,,Yes,,,,130,Milliken,130,Milliken (130),D42,637810.382428601,4851594.15672499
6758,81664128,2001417954,7/24/2022 4:00:00 AM,1635,MIDLAND AVE,FINCH AVE E,2 m North of,Major Arterial,Scarborough,43.804583,-79.286739,Non Intersection,No Control,Clear,Daylight,Dry,Non-Fatal Injury,Turning Movement,Passenger,40 to 44,None,,,,,,,,,,,,,,,Yes,,,,,Yes,,Yes,,,,130,Milliken,130,Milliken (130),D42,637810.382428601,4851594.15672499
6759,81664129,2001417954,7/24/2022 4:00:00 AM,1635,MIDLAND AVE,FINCH AVE E,2 m North of,Major Arterial,Scarborough,43.804583,-79.286739,Non Intersection,No Control,Clear,Daylight,Dry,Non-Fatal Injury,Turning Movement,Passenger,45 to 49,Minor,,,,,,,,,,,,,,,Yes,,,,,Yes,,Yes,,,,130,Milliken,130,Milliken (130),D42,637810.382428601,4851594.15672499
6760,81664130,2001417954,7/24/2022 4:00:00 AM,1635,MIDLAND AVE,FINCH AVE E,2 m North of,Major Arterial,Scarborough,43.804583,-79.286739,Non Intersection,No Control,Clear,Daylight,Dry,Non-Fatal Injury,Turning Movement,Passenger,45 to 49,Minor,,,,,,,,,,,,,,,Yes,,,,,Yes,,Yes,,,,130,Milliken,130,Milliken (130),D42,637810.382428601,4851594.15672499
6761,81663769,2001452847,7/29/2022 4:00:00 AM,1156,WILSON  AVE,BATHURST  ST,60 m West of,Major Arterial,North York,43.737059,-79.435085,At/Near Private Drive,No Control,Clear,Daylight,Dry,Non-Fatal Injury,Pedestrian Collisions,Driver,45 to 49,None,,West,"Automobile, Station Wagon",Pulling Onto Shoulder or towardCurb,Speed too Fast For Condition,Inattentive,,,,,,,Yes,,Yes,,,,,Yes,Yes,Yes,,,,33,Clanton Park,33,Clanton Park (33),D32,626019.432005156,4843858.23628532
6762,81663770,2001452847,7/29/2022 4:00:00 AM,1156,WILSON  AVE,BATHURST  ST,60 m West of,Major Arterial,North York,43.737059,-79.435085,At/Near Private Drive,No Control,Clear,Daylight,Dry,Non-Fatal Injury,Pedestrian Collisions,Passenger,15 to 19,None,,,,,,,,,,,,,Yes,,Yes,,,,,Yes,Yes,Yes,,,,33,Clanton Park,33,Clanton Park (33),D32,626019.432005156,4843858.23628532
6763,81663771,2001452847,7/29/2022 4:00:00 AM,1156,WILSON  AVE,BATHURST  ST,60 m West of,Major Arterial,North York,43.737059,-79.435085,At/Near Private Drive,No Control,Clear,Daylight,Dry,Non-Fatal Injury,Pedestrian Collisions,Pedestrian,70 to 74,Major,,West,,,,,Pedestrian hit on sidewalk or shoulder,Other,Other,,,,Yes,,Yes,,,,,Yes,Yes,Yes,,,,33,Clanton Park,33,Clanton Park (33),D32,626019.432005156,4843858.23628532
6764,81709039,2001453011,7/29/2022 4:00:00 AM,1220,BRIMLEY RD,OMNI DR,,Major Arterial,Scarborough,43.771941,-79.261875,Intersection Related,Traffic Signal,Clear,Daylight,Dry,Non-Fatal Injury,Turning Movement,Driver,85 to 89,None,,North,"Automobile, Station Wagon",Going Ahead,Disobeyed Traffic Control,Inattentive,,,,,,,,,Yes,,,,,Yes,,Yes,Yes,,,156,Bendale-Glen Andrew,127,Bendale (127),D43,639886.5310829,4848010.45384918
6765,81709040,2001453011,7/29/2022 4:00:00 AM,1220,BRIMLEY RD,OMNI DR,,Major Arterial,Scarborough,43.771941,-79.261875,Intersection Related,Traffic Signal,Clear,Daylight,Dry,Non-Fatal Injury,Turning Movement,Driver,50 to 54,Major,,East,"Automobile, Station Wagon",Turning Left,Driving Properly,Normal,,,,,,,,,Yes,,,,,Yes,,Yes,Yes,,,156,Bendale-Glen Andrew,127,Bendale (127),D43,639886.5310829,4848010.45384918
6766,81709041,2001453011,7/29/2022 4:00:00 AM,1220,BRIMLEY RD,OMNI DR,,Major Arterial,Scarborough,43.771941,-79.261875,Intersection Related,Traffic Signal,Clear,Daylight,Dry,Non-Fatal Injury,Turning Movement,Passenger,75 to 79,None,,,,,,,,,,,,,,,Yes,,,,,Yes,,Yes,Yes,,,156,Bendale-Glen Andrew,127,Bendale (127),D43,639886.5310829,4848010.45384918
6767,81666799,2001456323,7/29/2022 4:00:00 AM,2045,636 TRETHEWEY DR,,3 m West of,Minor Arterial,North York,43.696936,-79.494991,At Intersection,No Control,Clear,"Dusk, artificial",Dry,Non-Fatal Injury,Turning Movement,Driver,40 to 44,Minimal,,East,"Automobile, Station Wagon",Turning Left,Speed too Fast For Condition,Inattentive,,,,,,,,,Yes,Yes,,,,Yes,Yes,Yes,,,,30,Brookhaven-Amesbury,30,Brookhaven-Amesbury (30),D12,621276.196861553,4839312.64282711
6768,81666800,2001456323,7/29/2022 4:00:00 AM,2045,636 TRETHEWEY DR,,3 m West of,Minor Arterial,North York,43.696936,-79.494991,At Intersection,No Control,Clear,"Dusk, artificial",Dry,Non-Fatal Injury,Turning Movement,Motorcycle Driver,20 to 24,Major,,West,Motorcycle,Going Ahead,Driving Properly,Normal,,,,,,,,,Yes,Yes,,,,Yes,Yes,Yes,,,,30,Brookhaven-Amesbury,30,Brookhaven-Amesbury (30),D12,621276.196861553,4839312.64282711
6769,81666801,2001456323,7/29/2022 4:00:00 AM,2045,636 TRETHEWEY DR,,3 m West of,Minor Arterial,North York,43.696936,-79.494991,At Intersection,No Control,Clear,"Dusk, artificial",Dry,Non-Fatal Injury,Turning Movement,Passenger,unknown,Minimal,,,,,,,,,,,,,,,Yes,Yes,,,,Yes,Yes,Yes,,,,30,Brookhaven-Amesbury,30,Brookhaven-Amesbury (30),D12,621276.196861553,4839312.64282711
6770,81663314,2001460697,7/30/2022 4:00:00 AM,1356,NEILSON RD,SHEPPARD AVE E,,Major Arterial,Scarborough,43.798041,-79.217685,At Intersection,Traffic Signal,Clear,Daylight,Dry,Non-Fatal Injury,Turning Movement,Driver,45 to 49,Minimal,,North,"Automobile, Station Wagon",Turning Left,Failed to Yield Right of Way,Normal,,,,,,,,,Yes,,,,,Yes,,Yes,,,,146,Malvern East,132,Malvern (132),D42,643380.624912053,4850984.88506177
6771,81663315,2001460697,7/30/2022 4:00:00 AM,1356,NEILSON RD,SHEPPARD AVE E,,Major Arterial,Scarborough,43.798041,-79.217685,At Intersection,Traffic Signal,Clear,Daylight,Dry,Non-Fatal Injury,Turning Movement,Driver,20 to 24,Minimal,,South,"Automobile, Station Wagon",Going Ahead,Driving Properly,Normal,,,,,,,,,Yes,,,,,Yes,,Yes,,,,146,Malvern East,132,Malvern (132),D42,643380.624912053,4850984.88506177
6772,81663316,2001460697,7/30/2022 4:00:00 AM,1356,NEILSON RD,SHEPPARD AVE E,,Major Arterial,Scarborough,43.798041,-79.217685,At Intersection,Traffic Signal,Clear,Daylight,Dry,Non-Fatal Injury,Turning Movement,Passenger,70 to 74,Major,,,,,,,,,,,,,,,Yes,,,,,Yes,,Yes,,,,146,Malvern East,132,Malvern (132),D42,643380.624912053,4850984.88506177
6773,81658096,2001464726,7/31/2022 4:00:00 AM,112,KENNEDY RD,TRANSWAY CRES,,Major Arterial,Scarborough,43.731146,-79.26752,At Intersection,No Control,Clear,"Dark, artificial",Dry,Fatal,Turning Movement,Motorcycle Driver,35 to 39,Fatal,32,North,Motorcycle,Going Ahead,Exceeding Speed Limit,Unknown,,,,,,,,,Yes,Yes,,,,Yes,Yes,Yes,,,,124,Kennedy Park,124,Kennedy Park (124),D41,639526.980133897,4843470.02617516
6774,81658098,2001464726,7/31/2022 4:00:00 AM,112,KENNEDY RD,TRANSWAY CRES,,Major Arterial,Scarborough,43.731146,-79.26752,At Intersection,No Control,Clear,"Dark, artificial",Dry,Fatal,Turning Movement,Driver,30 to 34,None,,South,"Automobile, Station Wagon",Turning Left,Driving Properly,Normal,,,,,,,,,Yes,Yes,,,,Yes,Yes,Yes,,,,124,Kennedy Park,124,Kennedy Park (124),D41,639526.980133897,4843470.02617516
6775,81658384,2001464726,7/31/2022 4:00:00 AM,112,KENNEDY RD,TRANSWAY CRES,,Major Arterial,Scarborough,43.731146,-79.26752,At Intersection,No Control,Clear,"Dark, artificial",Dry,Fatal,Turning Movement,Passenger,15 to 19,None,,,,,,,,,,,,,,,Yes,Yes,,,,Yes,Yes,Yes,,,,124,Kennedy Park,124,Kennedy Park (124),D41,639526.980133897,4843470.02617516
6776,81658099,2001477527,8/1/2022 4:00:00 AM,2222,STEELES AVE E,SEWELLS RD,,Minor Arterial,Scarborough,43.84653,-79.207355,Non Intersection,No Control,Clear,Dark,Dry,Fatal,Approaching,Driver,40 to 44,Fatal,33,West,"Automobile, Station Wagon",Going Ahead,Driving Properly,Normal,,,,,,,,,Yes,,,,,Yes,Yes,Yes,,,,144,Morningside Heights,131,Rouge (131),D42,644094.933877866,4856388.34435849
6777,81658100,2001477527,8/1/2022 4:00:00 AM,2222,STEELES AVE E,SEWELLS RD,,Minor Arterial,Scarborough,43.84653,-79.207355,Non Intersection,No Control,Clear,Dark,Dry,Fatal,Approaching,Driver,20 to 24,Major,,East,"Automobile, Station Wagon",Going Ahead,Exceeding Speed Limit,Normal,,,,,,,,,Yes,,,,,Yes,Yes,Yes,,,,144,Morningside Heights,131,Rouge (131),D42,644094.933877866,4856388.34435849
6778,81658101,2001477527,8/1/2022 4:00:00 AM,2222,STEELES AVE E,SEWELLS RD,,Minor Arterial,Scarborough,43.84653,-79.207355,Non Intersection,No Control,Clear,Dark,Dry,Fatal,Approaching,Passenger,20 to 24,Minor,,,,,,,,,,,,,,,Yes,,,,,Yes,Yes,Yes,,,,144,Morningside Heights,131,Rouge (131),D42,644094.933877866,4856388.34435849
6779,81658385,2001477527,8/1/2022 4:00:00 AM,2222,STEELES AVE E,SEWELLS RD,,Minor Arterial,Scarborough,43.84653,-79.207355,Non Intersection,No Control,Clear,Dark,Dry,Fatal,Approaching,Passenger,0 to 4,None,,,,,,,,,,,,,,,Yes,,,,,Yes,Yes,Yes,,,,144,Morningside Heights,131,Rouge (131),D42,644094.933877866,4856388.34435849
6780,81658386,2001477527,8/1/2022 4:00:00 AM,2222,STEELES AVE E,SEWELLS RD,,Minor Arterial,Scarborough,43.84653,-79.207355,Non Intersection,No Control,Clear,Dark,Dry,Fatal,Approaching,Passenger,30 to 34,None,,,,,,,,,,,,,,,Yes,,,,,Yes,Yes,Yes,,,,144,Morningside Heights,131,Rouge (131),D42,644094.933877866,4856388.34435849
6781,81658387,2001477527,8/1/2022 4:00:00 AM,2222,STEELES AVE E,SEWELLS RD,,Minor Arterial,Scarborough,43.84653,-79.207355,Non Intersection,No Control,Clear,Dark,Dry,Fatal,Approaching,Passenger,5 to 9,None,,,,,,,,,,,,,,,Yes,,,,,Yes,Yes,Yes,,,,144,Morningside Heights,131,Rouge (131),D42,644094.933877866,4856388.34435849
6782,81658388,2001477527,8/1/2022 4:00:00 AM,2222,STEELES AVE E,SEWELLS RD,,Minor Arterial,Scarborough,43.84653,-79.207355,Non Intersection,No Control,Clear,Dark,Dry,Fatal,Approaching,Driver,35 to 39,None,,West,"Automobile, Station Wagon",Going Ahead,Driving Properly,Normal,,,,,,,,,Yes,,,,,Yes,Yes,Yes,,,,144,Morningside Heights,131,Rouge (131),D42,644094.933877866,4856388.34435849
6783,81658102,2001503800,8/5/2022 4:00:00 AM,1533,VICTORIA PARK AVE,SURREY AVE,,Major Arterial,Scarborough,43.736197,-79.307391,At/Near Private Drive,Traffic Signal,Clear,Daylight,Dry,Fatal,Turning Movement,Passenger,85 to 89,Fatal,34,,,,,,,,,,,,,,Yes,,,,,Yes,,Yes,,,,119,Wexford/Maryvale,119,Wexford/Maryvale (119),D41,636304.433556248,4843964.64753758