OBJECTID,INDEX,ACCNUM,DATE,TIME,STREET1,STREET2,OFFSET,ROAD_CLASS,DISTRICT,LATITUDE,LONGITUDE,ACCLOC,TRAFFCTL,VISIBILITY,LIGHT,RDSFCOND,ACCLASS,IMPACTYPE,INVTYPE,INVAGE,INJURY,FATAL_NO,INITDIR,VEHTYPE,MANOEUVER,DRIVACT,DRIVCOND,PEDTYPE,PEDACT,PEDCOND,CYCLISTYPE,CYCACT,CYCCOND,PEDESTRIAN,CYCLIST,AUTOMOBILE,MOTORCYCLE,TRUCK,TRSN_CITY_VEH,EMERG_VEH,PASSENGER,SPEEDING,AG_DRIV,REDLIGHT,ALCOHOL,DISABILITY,HOOD_158,NEIGHBOURHOOD_158,HOOD_140,NEIGHBOURHOOD_140,DIVISION,x,y
6784,81658103,2001503800,8/5/2022 4:00:00 AM,1533,VICTORIA PARK AVE,SURREY AVE,,Major Arterial,Scarborough,43.736197,-79.307391,At/Near Private Drive,Traffic Signal,Clear,Daylight,Dry,Fatal,Turning Movement,Driver,25 to 29,Minor,,South,"Automobile, Station Wagon",Going Ahead,Driving Properly,Normal,,,,,,,,,Yes,,,,,Yes,,Yes,,,,119,Wexford/Maryvale,119,Wexford/Maryvale (119),D41,636304.433556248,4843964.64753758
6785,81658376,2001503800,8/5/2022 4:00:00 AM,1533,VICTORIA PARK AVE,SURREY AVE,,Major Arterial,Scarborough,43.736197,-79.307391,At/Near Private Drive,Traffic Signal,Clear,Daylight,Dry,Fatal,Turning Movement,Driver,70 to 74,Minor,,North,"Automobile, Station Wagon",Turning Left,Failed to Yield Right of Way,Inattentive,,,,,,,,,Yes,,,,,Yes,,Yes,,,,119,Wexford/Maryvale,119,Wexford/Maryvale (119),D41,636304.433556248,4843964.64753758
6786,81658389,2001503800,8/5/2022 4:00:00 AM,1533,VICTORIA PARK AVE,SURREY AVE,,Major Arterial,Scarborough,43.736197,-79.307391,At/Near Private Drive,Traffic Signal,Clear,Daylight,Dry,Fatal,Turning Movement,Passenger,15 to 19,Minor,,,,,,,,,,,,,,,Yes,,,,,Yes,,Yes,,,,119,Wexford/Maryvale,119,Wexford/Maryvale (119),D41,636304.433556248,4843964.64753758
6787,81663855,2001504296,8/5/2022 4:00:00 AM,1640,DUPONT ST,OSSINGTON AVE,1 m West of,Major Arterial,Etobicoke York,43.670024,-79.428989,Intersection Related,Traffic Signal,Clear,Daylight,Dry,Property Damage O,Other,Driver,40 to 44,None,,East,"Bus (Other) (Go Bus, Gray Coa",Changing Lanes,Driving Properly,Normal,,,,,,,,,,,,Yes,,Yes,,,,,,172,Dovercourt Village,93,Dovercourt-Wallace Emerson-Junction (93),D14,626651.417215083,4836422.35432635
6788,81663856,2001504296,8/5/2022 4:00:00 AM,1640,DUPONT ST,OSSINGTON AVE,1 m West of,Major Arterial,Etobicoke York,43.670024,-79.428989,Intersection Related,Traffic Signal,Clear,Daylight,Dry,Property Damage O,Other,Passenger,55 to 59,Major,,,,,,,,,,,,,,,,,,Yes,,Yes,,,,,,172,Dovercourt Village,93,Dovercourt-Wallace Emerson-Junction (93),D14,626651.417215083,4836422.35432635
6789,81658379,2001527997,8/9/2022 4:00:00 AM,532,STEELES AVE W,BATHURST ST,,Major Arterial,North York,43.792338,-79.445712,At Intersection,Traffic Signal,Clear,Dark,Dry,Fatal,Rear End,Passenger,30 to 34,Fatal,35,,,,,,,,,,,,,,Yes,,,,,Yes,,,,,,36,Newtonbrook West,36,Newtonbrook West (36),D32,625048.422603202,4849981.69067297
6790,81658380,2001527997,8/9/2022 4:00:00 AM,532,STEELES AVE W,BATHURST ST,,Major Arterial,North York,43.792338,-79.445712,At Intersection,Traffic Signal,Clear,Dark,Dry,Fatal,Rear End,Driver,20 to 24,Major,,East,"Automobile, Station Wagon",Going Ahead,Lost control,Unknown,,,,,,,,,Yes,,,,,Yes,,,,,,36,Newtonbrook West,36,Newtonbrook West (36),D32,625048.422603202,4849981.69067297
6791,81658381,2001527997,8/9/2022 4:00:00 AM,532,STEELES AVE W,BATHURST ST,,Major Arterial,North York,43.792338,-79.445712,At Intersection,Traffic Signal,Clear,Dark,Dry,Fatal,Rear End,Driver,60 to 64,Major,,East,"Automobile, Station Wagon",Stopped,Driving Properly,Normal,,,,,,,,,Yes,,,,,Yes,,,,,,36,Newtonbrook West,36,Newtonbrook West (36),D32,625048.422603202,4849981.69067297
6792,81663895,2001556474,8/13/2022 4:00:00 AM,220,672 KENNEDY RD,,8 m East of,Major Arterial,Scarborough,43.726512,-79.265514,Non Intersection,No Control,Clear,"Dark, artificial",Dry,Non-Fatal Injury,Rear End,Driver,25 to 29,None,,South,"Automobile, Station Wagon",Going Ahead,Lost control,"Ability Impaired, Alcohol Over .08",,,,,,,,,Yes,,,,,Yes,,,,Yes,,124,Kennedy Park,124,Kennedy Park (124),D41,639699.310466511,4842958.7316953
6793,81663896,2001556474,8/13/2022 4:00:00 AM,220,672 KENNEDY RD,,8 m East of,Major Arterial,Scarborough,43.726512,-79.265514,Non Intersection,No Control,Clear,"Dark, artificial",Dry,Non-Fatal Injury,Rear End,Driver,40 to 44,None,,South,"Automobile, Station Wagon",Stopped,Driving Properly,Normal,,,,,,,,,Yes,,,,,Yes,,,,Yes,,124,Kennedy Park,124,Kennedy Park (124),D41,639699.310466511,4842958.7316953
6794,81663897,2001556474,8/13/2022 4:00:00 AM,220,672 KENNEDY RD,,8 m East of,Major Arterial,Scarborough,43.726512,-79.265514,Non Intersection,No Control,Clear,"Dark, artificial",Dry,Non-Fatal Injury,Rear End,Passenger,45 to 49,Major,,,,,,,,,,,,,,,Yes,,,,,Yes,,,,Yes,,124,Kennedy Park,124,Kennedy Park (124),D41,639699.310466511,4842958.7316953
6795,81663898,2001556474,8/13/2022 4:00:00 AM,220,672 KENNEDY RD,,8 m East of,Major Arterial,Scarborough,43.726512,-79.265514,Non Intersection,No Control,Clear,"Dark, artificial",Dry,Non-Fatal Injury,Rear End,Passenger,55 to 59,Minor,,,,,,,,,,,,,,,Yes,,,,,Yes,,,,Yes,,124,Kennedy Park,124,Kennedy Park (124),D41,639699.310466511,4842958.7316953
6796,81663899,2001556474,8/13/2022 4:00:00 AM,220,672 KENNEDY RD,,8 m East of,Major Arterial,Scarborough,43.726512,-79.265514,Non Intersection,No Control,Clear,"Dark, artificial",Dry,Non-Fatal Injury,Rear End,Passenger,40 to 44,None,,,,,,,,,,,,,,,Yes,,,,,Yes,,,,Yes,,124,Kennedy Park,124,Kennedy Park (124),D41,639699.310466511,4842958.7316953
6797,81688308,2001603653,8/19/2022 4:00:00 AM,1804,ROYAL YORK RD,STRATH HUMBER CRT,34 m South o,Minor Arterial,Etobicoke York,43.661727,-79.517726,At Intersection,Traffic Signal,Clear,Daylight,Dry,Non-Fatal Injury,Turning Movement,Driver,70 to 74,Major,,South,"Automobile, Station Wagon",Going Ahead,Disobeyed Traffic Control,Normal,,,,,,,,,Yes,,,,,Yes,,Yes,Yes,,,9,Edenbridge-Humber Valley,9,Edenbridge-Humber Valley (9),D22,619514.039160251,4835369.21349952
6798,81688309,2001603653,8/19/2022 4:00:00 AM,1804,ROYAL YORK RD,STRATH HUMBER CRT,34 m South o,Minor Arterial,Etobicoke York,43.661727,-79.517726,At Intersection,Traffic Signal,Clear,Daylight,Dry,Non-Fatal Injury,Turning Movement,Driver,45 to 49,None,,North,"Automobile, Station Wagon",Turning Left,Driving Properly,Normal,,,,,,,,,Yes,,,,,Yes,,Yes,Yes,,,9,Edenbridge-Humber Valley,9,Edenbridge-Humber Valley (9),D22,619514.039160251,4835369.21349952
6799,81688310,2001603653,8/19/2022 4:00:00 AM,1804,ROYAL YORK RD,STRATH HUMBER CRT,34 m South o,Minor Arterial,Etobicoke York,43.661727,-79.517726,At Intersection,Traffic Signal,Clear,Daylight,Dry,Non-Fatal Injury,Turning Movement,Driver,65 to 69,None,,North,"Automobile, Station Wagon",Slowing or Stopping,Driving Properly,Normal,,,,,,,,,Yes,,,,,Yes,,Yes,Yes,,,9,Edenbridge-Humber Valley,9,Edenbridge-Humber Valley (9),D22,619514.039160251,4835369.21349952
6800,81688311,2001603653,8/19/2022 4:00:00 AM,1804,ROYAL YORK RD,STRATH HUMBER CRT,34 m South o,Minor Arterial,Etobicoke York,43.661727,-79.517726,At Intersection,Traffic Signal,Clear,Daylight,Dry,Non-Fatal Injury,Turning Movement,Passenger,45 to 49,Minor,,,,,,,,,,,,,,,Yes,,,,,Yes,,Yes,Yes,,,9,Edenbridge-Humber Valley,9,Edenbridge-Humber Valley (9),D22,619514.039160251,4835369.21349952
6801,81664880,2001624588,8/22/2022 4:00:00 AM,1958,MEADOWVALE RD,SHEPPARD AVE E,36 m South o,Minor Arterial,Scarborough,43.807902,-79.170619,At/Near Private Drive,No Control,Clear,"Dusk, artificial",Wet,Non-Fatal Injury,Cyclist Collisions,Truck Driver,40 to 44,None,,South,"Truck - Closed (Blazer, etc)",Turning Right,Failed to Yield Right of Way,Normal,,,,,,,,Yes,,,Yes,,,Yes,,Yes,,,,143,West Rouge,131,Rouge (131),D42,647142.743894774,4852162.73387525
6802,81664881,2001624588,8/22/2022 4:00:00 AM,1958,MEADOWVALE RD,SHEPPARD AVE E,36 m South o,Minor Arterial,Scarborough,43.807902,-79.170619,At/Near Private Drive,No Control,Clear,"Dusk, artificial",Wet,Non-Fatal Injury,Cyclist Collisions,Cyclist,10 to 14,Major,,South,Bicycle,Going Ahead,,,,,,"Motorist turns right at non-signal Inter.(stop, yield, no cont.,and dwy) and strikes cyclist.",Driving Properly,Normal,,Yes,,,Yes,,,Yes,,Yes,,,,143,West Rouge,131,Rouge (131),D42,647142.743894774,4852162.73387525
6803,81664882,2001624588,8/22/2022 4:00:00 AM,1958,MEADOWVALE RD,SHEPPARD AVE E,36 m South o,Minor Arterial,Scarborough,43.807902,-79.170619,At/Near Private Drive,No Control,Clear,"Dusk, artificial",Wet,Non-Fatal Injury,Cyclist Collisions,Passenger,15 to 19,None,,,,,,,,,,,,,,Yes,,,Yes,,,Yes,,Yes,,,,143,West Rouge,131,Rouge (131),D42,647142.743894774,4852162.73387525
6804,81664883,2001624588,8/22/2022 4:00:00 AM,1958,MEADOWVALE RD,SHEPPARD AVE E,36 m South o,Minor Arterial,Scarborough,43.807902,-79.170619,At/Near Private Drive,No Control,Clear,"Dusk, artificial",Wet,Non-Fatal Injury,Cyclist Collisions,Passenger,10 to 14,None,,,,,,,,,,,,,,Yes,,,Yes,,,Yes,,Yes,,,,143,West Rouge,131,Rouge (131),D42,647142.743894774,4852162.73387525
6805,81665434,2001632835,8/23/2022 4:00:00 AM,2252,SHEPPARD AVE E,BAYVIEW AVE,,Major Arterial,North York,43.766516,-79.388011,At Intersection,Traffic Signal,Clear,"Dark, artificial",Dry,Non-Fatal Injury,Turning Movement,Driver,80 to 84,Minor,,East,"Automobile, Station Wagon",Turning Left,Failed to Yield Right of Way,Inattentive,,,,,,,,,Yes,,,,,Yes,,Yes,,,,52,Bayview Village,52,Bayview Village (52),D33,629746.571816684,4847202.55194074
6806,81665435,2001632835,8/23/2022 4:00:00 AM,2252,SHEPPARD AVE E,BAYVIEW AVE,,Major Arterial,North York,43.766516,-79.388011,At Intersection,Traffic Signal,Clear,"Dark, artificial",Dry,Non-Fatal Injury,Turning Movement,Driver,80 to 84,Major,,West,"Automobile, Station Wagon",Going Ahead,Driving Properly,Normal,,,,,,,,,Yes,,,,,Yes,,Yes,,,,52,Bayview Village,52,Bayview Village (52),D33,629746.571816684,4847202.55194074
6807,81665436,2001632835,8/23/2022 4:00:00 AM,2252,SHEPPARD AVE E,BAYVIEW AVE,,Major Arterial,North York,43.766516,-79.388011,At Intersection,Traffic Signal,Clear,"Dark, artificial",Dry,Non-Fatal Injury,Turning Movement,Passenger,75 to 79,Minor,,,,,,,,,,,,,,,Yes,,,,,Yes,,Yes,,,,52,Bayview Village,52,Bayview Village (52),D33,629746.571816684,4847202.55194074
6808,81679942,2001661839,8/27/2022 4:00:00 AM,2220,F G GARDINER XY  E,STRACHAN AVE,380 m West o,Expressway,Toronto and East York,43.63666,-79.414516,Non Intersection,No Control,Clear,"Dark, artificial",Dry,Non-Fatal Injury,Rear End,Motorcycle Driver,30 to 34,Major,,East,Motorcycle,Changing Lanes,Improper Lane Change,Normal,,,,,,,,,Yes,Yes,,,,Yes,,,,,,163,Fort York-Liberty Village,82,Niagara (82),D14,627889.009529362,4832739.04407449
6809,81679943,2001661839,8/27/2022 4:00:00 AM,2220,F G GARDINER XY  E,STRACHAN AVE,380 m West o,Expressway,Toronto and East York,43.63666,-79.414516,Non Intersection,No Control,Clear,"Dark, artificial",Dry,Non-Fatal Injury,Rear End,Driver,20 to 24,None,,East,"Automobile, Station Wagon",Slowing or Stopping,Driving Properly,Normal,,,,,,,,,Yes,Yes,,,,Yes,,,,,,163,Fort York-Liberty Village,82,Niagara (82),D14,627889.009529362,4832739.04407449
6810,81679944,2001661839,8/27/2022 4:00:00 AM,2220,F G GARDINER XY  E,STRACHAN AVE,380 m West o,Expressway,Toronto and East York,43.63666,-79.414516,Non Intersection,No Control,Clear,"Dark, artificial",Dry,Non-Fatal Injury,Rear End,Passenger,25 to 29,None,,,,,,,,,,,,,,,Yes,Yes,,,,Yes,,,,,,163,Fort York-Liberty Village,82,Niagara (82),D14,627889.009529362,4832739.04407449
6811,81679945,2001661839,8/27/2022 4:00:00 AM,2220,F G GARDINER XY  E,STRACHAN AVE,380 m West o,Expressway,Toronto and East York,43.63666,-79.414516,Non Intersection,No Control,Clear,"Dark, artificial",Dry,Non-Fatal Injury,Rear End,Passenger,25 to 29,None,,,,,,,,,,,,,,,Yes,Yes,,,,Yes,,,,,,163,Fort York-Liberty Village,82,Niagara (82),D14,627889.009529362,4832739.04407449
6812,81679946,2001661839,8/27/2022 4:00:00 AM,2220,F G GARDINER XY  E,STRACHAN AVE,380 m West o,Expressway,Toronto and East York,43.63666,-79.414516,Non Intersection,No Control,Clear,"Dark, artificial",Dry,Non-Fatal Injury,Rear End,Passenger,25 to 29,None,,,,,,,,,,,,,,,Yes,Yes,,,,Yes,,,,,,163,Fort York-Liberty Village,82,Niagara (82),D14,627889.009529362,4832739.04407449
6813,81664747,2001698920,9/1/2022 4:00:00 AM,2336,WESTON RD,JANE ST,,Major Arterial,Etobicoke York,43.691222,-79.500865,At Intersection,Traffic Signal,Clear,"Dark, artificial",Dry,Non-Fatal Injury,Angle,Driver,35 to 39,Minor,,North,"Automobile, Station Wagon",Going Ahead,Disobeyed Traffic Control,Unknown,,,,,,,,,Yes,,,,,Yes,Yes,Yes,Yes,,,115,Mount Dennis,115,Mount Dennis (115),D12,620814.329233503,4838669.45064224
6814,81664748,2001698920,9/1/2022 4:00:00 AM,2336,WESTON RD,JANE ST,,Major Arterial,Etobicoke York,43.691222,-79.500865,At Intersection,Traffic Signal,Clear,"Dark, artificial",Dry,Non-Fatal Injury,Angle,Driver,35 to 39,Minimal,,West,"Automobile, Station Wagon",Going Ahead,Driving Properly,Normal,,,,,,,,,Yes,,,,,Yes,Yes,Yes,Yes,,,115,Mount Dennis,115,Mount Dennis (115),D12,620814.329233503,4838669.45064224
6815,81664749,2001698920,9/1/2022 4:00:00 AM,2336,WESTON RD,JANE ST,,Major Arterial,Etobicoke York,43.691222,-79.500865,At Intersection,Traffic Signal,Clear,"Dark, artificial",Dry,Non-Fatal Injury,Angle,Driver,65 to 69,Minor,,West,"Automobile, Station Wagon",Going Ahead,Driving Properly,Normal,,,,,,,,,Yes,,,,,Yes,Yes,Yes,Yes,,,115,Mount Dennis,115,Mount Dennis (115),D12,620814.329233503,4838669.45064224
6816,81664750,2001698920,9/1/2022 4:00:00 AM,2336,WESTON RD,JANE ST,,Major Arterial,Etobicoke York,43.691222,-79.500865,At Intersection,Traffic Signal,Clear,"Dark, artificial",Dry,Non-Fatal Injury,Angle,Passenger,35 to 39,Minor,,,,,,,,,,,,,,,Yes,,,,,Yes,Yes,Yes,Yes,,,115,Mount Dennis,115,Mount Dennis (115),D12,620814.329233503,4838669.45064224
6817,81664751,2001698920,9/1/2022 4:00:00 AM,2336,WESTON RD,JANE ST,,Major Arterial,Etobicoke York,43.691222,-79.500865,At Intersection,Traffic Signal,Clear,"Dark, artificial",Dry,Non-Fatal Injury,Angle,Passenger,20 to 24,Major,,,,,,,,,,,,,,,Yes,,,,,Yes,Yes,Yes,Yes,,,115,Mount Dennis,115,Mount Dennis (115),D12,620814.329233503,4838669.45064224
6818,81663806,2001712442,9/3/2022 4:00:00 AM,2100,WILSON AVE,CORNELIUS PKWY,,Major Arterial,,43.728224,-79.477031,At Intersection,No Control,Clear,Dark,Dry,Fatal,Cyclist Collisions,Driver,55 to 59,None,,West,"Automobile, Station Wagon",Turning Left,Failed to Yield Right of Way,Inattentive,,,,,,,,Yes,Yes,,,,,Yes,,Yes,,,,155,Downsview,26,Downsview-Roding-CFB (26),D31,622659.611878072,4842814.03893523
6819,81664647,2001712442,9/3/2022 4:00:00 AM,2100,WILSON AVE,CORNELIUS PKWY,,Major Arterial,,43.728224,-79.477031,At Intersection,No Control,Clear,Dark,Dry,Fatal,Cyclist Collisions,Cyclist,40 to 44,Fatal,41,East,Bicycle,Going Ahead,,,,,,Motorist turned left across cyclists path.,Driving Properly,Normal,,Yes,Yes,,,,,Yes,,Yes,,,,155,Downsview,26,Downsview-Roding-CFB (26),D31,622659.611878072,4842814.03893523
6820,81665628,2001712442,9/3/2022 4:00:00 AM,2100,WILSON AVE,CORNELIUS PKWY,,Major Arterial,,43.728224,-79.477031,At Intersection,No Control,Clear,Dark,Dry,Fatal,Cyclist Collisions,Passenger,15 to 19,None,,East,Bicycle,Going Ahead,,,,,,Motorist turned left across cyclists path.,Driving Properly,Normal,,Yes,Yes,,,,,Yes,,Yes,,,,155,Downsview,26,Downsview-Roding-CFB (26),D31,622659.611878072,4842814.03893523
6821,81687347,2001730201,9/6/2022 4:00:00 AM,1411,SCARLETT RD,BRAEBURN AVE,39 m North o,Major Arterial,Etobicoke York,43.700743,-79.526279,At/Near Private Drive,No Control,Clear,Daylight,Dry,Non-Fatal Injury,Turning Movement,Driver,55 to 59,Minimal,,North,"Automobile, Station Wagon",Turning Left,Failed to Yield Right of Way,Normal,,,,,,,,,Yes,,,,,Yes,,Yes,,,,8,Humber Heights-Westmount,8,Humber Heights-Westmount (8),D23,618747.421017222,4839690.17503662
6822,81687348,2001730201,9/6/2022 4:00:00 AM,1411,SCARLETT RD,BRAEBURN AVE,39 m North o,Major Arterial,Etobicoke York,43.700743,-79.526279,At/Near Private Drive,No Control,Clear,Daylight,Dry,Non-Fatal Injury,Turning Movement,Driver,25 to 29,Major,,South,"Automobile, Station Wagon",Going Ahead,Driving Properly,Normal,,,,,,,,,Yes,,,,,Yes,,Yes,,,,8,Humber Heights-Westmount,8,Humber Heights-Westmount (8),D23,618747.421017222,4839690.17503662
6823,81687349,2001730201,9/6/2022 4:00:00 AM,1411,SCARLETT RD,BRAEBURN AVE,39 m North o,Major Arterial,Etobicoke York,43.700743,-79.526279,At/Near Private Drive,No Control,Clear,Daylight,Dry,Non-Fatal Injury,Turning Movement,Passenger,50 to 54,Minimal,,,,,,,,,,,,,,,Yes,,,,,Yes,,Yes,,,,8,Humber Heights-Westmount,8,Humber Heights-Westmount (8),D23,618747.421017222,4839690.17503662
6824,81665740,2001780111,9/13/2022 4:00:00 AM,730,SHEPPARD AVE E,NEILSON RD,,Major Arterial,Scarborough,43.79803,-79.217654,At Intersection,Traffic Signal,Clear,Daylight,Dry,Non-Fatal Injury,Turning Movement,Driver,40 to 44,Minimal,,North,"Automobile, Station Wagon",Turning Left,Improper Turn,Inattentive,,,,,,,,,Yes,,,,,Yes,,,,,,146,Malvern East,132,Malvern (132),D42,643383.145089339,4850983.71704435
6825,81665741,2001780111,9/13/2022 4:00:00 AM,730,SHEPPARD AVE E,NEILSON RD,,Major Arterial,Scarborough,43.79803,-79.217654,At Intersection,Traffic Signal,Clear,Daylight,Dry,Non-Fatal Injury,Turning Movement,Driver,20 to 24,Minimal,,South,"Automobile, Station Wagon",Going Ahead,Driving Properly,Normal,,,,,,,,,Yes,,,,,Yes,,,,,,146,Malvern East,132,Malvern (132),D42,643383.145089339,4850983.71704435
6826,81665742,2001780111,9/13/2022 4:00:00 AM,730,SHEPPARD AVE E,NEILSON RD,,Major Arterial,Scarborough,43.79803,-79.217654,At Intersection,Traffic Signal,Clear,Daylight,Dry,Non-Fatal Injury,Turning Movement,Passenger,15 to 19,Major,,,,,,,,,,,,,,,Yes,,,,,Yes,,,,,,146,Malvern East,132,Malvern (132),D42,643383.145089339,4850983.71704435
6827,81665221,2001796200,9/15/2022 4:00:00 AM,1032,EGLINTON AVE W,SCARLETT RD ET,7 m South of,Major Arterial,Etobicoke York,43.68386,-79.51144,At Intersection,Traffic Signal,Clear,Daylight,Dry,Non-Fatal Injury,Rear End,Truck Driver,40 to 44,None,,West,Truck - Car Carrier,Going Ahead,Following too Close,Normal,,,,,,,,,Yes,,Yes,,,Yes,,Yes,,,,9,Edenbridge-Humber Valley,9,Edenbridge-Humber Valley (9),D22,619976.765989712,4837836.44898188
6828,81665222,2001796200,9/15/2022 4:00:00 AM,1032,EGLINTON AVE W,SCARLETT RD ET,7 m South of,Major Arterial,Etobicoke York,43.68386,-79.51144,At Intersection,Traffic Signal,Clear,Daylight,Dry,Non-Fatal Injury,Rear End,Driver,65 to 69,Minor,,West,"Automobile, Station Wagon",Slowing or Stopping,Driving Properly,Normal,,,,,,,,,Yes,,Yes,,,Yes,,Yes,,,,9,Edenbridge-Humber Valley,9,Edenbridge-Humber Valley (9),D22,619976.765989712,4837836.44898188
6829,81665223,2001796200,9/15/2022 4:00:00 AM,1032,EGLINTON AVE W,SCARLETT RD ET,7 m South of,Major Arterial,Etobicoke York,43.68386,-79.51144,At Intersection,Traffic Signal,Clear,Daylight,Dry,Non-Fatal Injury,Rear End,Passenger,65 to 69,Major,,,,,,,,,,,,,,,Yes,,Yes,,,Yes,,Yes,,,,9,Edenbridge-Humber Valley,9,Edenbridge-Humber Valley (9),D22,619976.765989712,4837836.44898188
6830,81666760,2001815812,9/18/2022 4:00:00 AM,150,F G GARDINER XY  E,CHERRY ST,50 m East of,Expressway,Toronto and East York,43.648947,-79.355068,Non Intersection,No Control,Clear,"Dark, artificial",Dry,Non-Fatal Injury,SMV Other,Motorcycle Driver,30 to 34,Major,,East,Motorcycle,Going Ahead,Lost control,Unknown,,,,,,,,,,Yes,,,,Yes,Yes,Yes,,,,166,St Lawrence-East Bayfront-The Islands,77,Waterfront Communities-The Island (77),D51,632657.23616765,4834196.98735992
6831,81666761,2001815812,9/18/2022 4:00:00 AM,150,F G GARDINER XY  E,CHERRY ST,50 m East of,Expressway,Toronto and East York,43.648947,-79.355068,Non Intersection,No Control,Clear,"Dark, artificial",Dry,Non-Fatal Injury,SMV Other,Motorcycle Passenger,30 to 34,Major,,,,,,,,,,,,,,,,Yes,,,,Yes,Yes,Yes,,,,166,St Lawrence-East Bayfront-The Islands,77,Waterfront Communities-The Island (77),D51,632657.23616765,4834196.98735992
6832,81665620,2001822639,9/19/2022 4:00:00 AM,627,BAYVIEW AVE,LAWRENCE AVE E,92 m South o,Major Arterial,North York,43.726691,-79.381511,Non Intersection,No Control,Clear,Dark,Dry,Non-Fatal Injury,Approaching,Passenger,75 to 79,Minor,,,,,,,,,,,,,,,Yes,,,,,Yes,,Yes,,,,41,Bridle Path-Sunnybrook-York Mills,41,Bridle Path-Sunnybrook-York Mills (41),D53,630356.170900218,4842789.59950633
6833,81665621,2001822639,9/19/2022 4:00:00 AM,627,BAYVIEW AVE,LAWRENCE AVE E,92 m South o,Major Arterial,North York,43.726691,-79.381511,Non Intersection,No Control,Clear,Dark,Dry,Non-Fatal Injury,Approaching,Driver,60 to 64,None,,South,"Automobile, Station Wagon",Going Ahead,Other,Inattentive,,,,,,,,,Yes,,,,,Yes,,Yes,,,,41,Bridle Path-Sunnybrook-York Mills,41,Bridle Path-Sunnybrook-York Mills (41),D53,630356.170900218,4842789.59950633
6834,81665622,2001822639,9/19/2022 4:00:00 AM,627,BAYVIEW AVE,LAWRENCE AVE E,92 m South o,Major Arterial,North York,43.726691,-79.381511,Non Intersection,No Control,Clear,Dark,Dry,Non-Fatal Injury,Approaching,Driver,25 to 29,Major,,North,"Automobile, Station Wagon",Going Ahead,Driving Properly,Normal,,,,,,,,,Yes,,,,,Yes,,Yes,,,,41,Bridle Path-Sunnybrook-York Mills,41,Bridle Path-Sunnybrook-York Mills (41),D53,630356.170900218,4842789.59950633
6835,81665623,2001822639,9/19/2022 4:00:00 AM,627,BAYVIEW AVE,LAWRENCE AVE E,92 m South o,Major Arterial,North York,43.726691,-79.381511,Non Intersection,No Control,Clear,Dark,Dry,Non-Fatal Injury,Approaching,Passenger,55 to 59,Minor,,,,,,,,,,,,,,,Yes,,,,,Yes,,Yes,,,,41,Bridle Path-Sunnybrook-York Mills,41,Bridle Path-Sunnybrook-York Mills (41),D53,630356.170900218,4842789.59950633
6836,81667331,2001849890,9/22/2022 4:00:00 AM,2350,F G GARDINER XY  W,GARDINER X W 427 X N RAMP,25 m West of,Expressway,Etobicoke York,43.615931,-79.535976,Non Intersection,No Control,Clear,Dark,Dry,Non-Fatal Injury,Rear End,Driver,unknown,None,,West,"Automobile, Station Wagon",Going Ahead,Lost control,Inattentive,,,,,,,,,Yes,,,,,Yes,Yes,Yes,,,,20,Alderwood,20,Alderwood (20),D22,618132.259371307,4830256.86837453
6837,81667332,2001849890,9/22/2022 4:00:00 AM,2350,F G GARDINER XY  W,GARDINER X W 427 X N RAMP,25 m West of,Expressway,Etobicoke York,43.615931,-79.535976,Non Intersection,No Control,Clear,Dark,Dry,Non-Fatal Injury,Rear End,Driver,50 to 54,Minimal,,West,"Automobile, Station Wagon",Stopped,Driving Properly,Normal,,,,,,,,,Yes,,,,,Yes,Yes,Yes,,,,20,Alderwood,20,Alderwood (20),D22,618132.259371307,4830256.86837453
6838,81667333,2001849890,9/22/2022 4:00:00 AM,2350,F G GARDINER XY  W,GARDINER X W 427 X N RAMP,25 m West of,Expressway,Etobicoke York,43.615931,-79.535976,Non Intersection,No Control,Clear,Dark,Dry,Non-Fatal Injury,Rear End,Driver,30 to 34,Minimal,,West,"Automobile, Station Wagon",Slowing or Stopping,Driving Properly,Normal,,,,,,,,,Yes,,,,,Yes,Yes,Yes,,,,20,Alderwood,20,Alderwood (20),D22,618132.259371307,4830256.86837453
6839,81667334,2001849890,9/22/2022 4:00:00 AM,2350,F G GARDINER XY  W,GARDINER X W 427 X N RAMP,25 m West of,Expressway,Etobicoke York,43.615931,-79.535976,Non Intersection,No Control,Clear,Dark,Dry,Non-Fatal Injury,Rear End,Driver,25 to 29,Minimal,,West,"Automobile, Station Wagon",Going Ahead,Speed too Fast For Condition,Inattentive,,,,,,,,,Yes,,,,,Yes,Yes,Yes,,,,20,Alderwood,20,Alderwood (20),D22,618132.259371307,4830256.86837453
6840,81667335,2001849890,9/22/2022 4:00:00 AM,2350,F G GARDINER XY  W,GARDINER X W 427 X N RAMP,25 m West of,Expressway,Etobicoke York,43.615931,-79.535976,Non Intersection,No Control,Clear,Dark,Dry,Non-Fatal Injury,Rear End,Passenger,20 to 24,Minimal,,,,,,,,,,,,,,,Yes,,,,,Yes,Yes,Yes,,,,20,Alderwood,20,Alderwood (20),D22,618132.259371307,4830256.86837453