OBJECTID,INDEX,ACCNUM,DATE,TIME,STREET1,STREET2,OFFSET,ROAD_CLASS,DISTRICT,LATITUDE,LONGITUDE,ACCLOC,TRAFFCTL,VISIBILITY,LIGHT,RDSFCOND,ACCLASS,IMPACTYPE,INVTYPE,INVAGE,INJURY,FATAL_NO,INITDIR,VEHTYPE,MANOEUVER,DRIVACT,DRIVCOND,PEDTYPE,PEDACT,PEDCOND,CYCLISTYPE,CYCACT,CYCCOND,PEDESTRIAN,CYCLIST,AUTOMOBILE,MOTORCYCLE,TRUCK,TRSN_CITY_VEH,EMERG_VEH,PASSENGER,SPEEDING,AG_DRIV,REDLIGHT,ALCOHOL,DISABILITY,HOOD_158,NEIGHBOURHOOD_158,HOOD_140,NEIGHBOURHOOD_140,DIVISION,x,y
6841,81667336,2001849890,9/22/2022 4:00:00 AM,2350,F G GARDINER XY  W,GARDINER X W 427 X N RAMP,25 m West of,Expressway,Etobicoke York,43.615931,-79.535976,Non Intersection,No Control,Clear,Dark,Dry,Non-Fatal Injury,Rear End,Passenger,20 to 24,Major,,,,,,,,,,,,,,,Yes,,,,,Yes,Yes,Yes,,,,20,Alderwood,20,Alderwood (20),D22,618132.259371307,4830256.86837453
6842,81679977,2002282330,9/23/2022 4:00:00 AM,304,STEELES AVE E,SEWELLS RD,,Minor Arterial,Scarborough,43.845439,-79.212268,Non Intersection,No Control,Clear,Dark,Dry,Fatal,SMV Other,Passenger,15 to 19,Fatal,47,,,,,,,,,,,,,,Yes,,,,,Yes,,,,,,144,Morningside Heights,131,Rouge (131),D42,643702.63650288,4856258.61980578
6843,81679978,2002282330,9/23/2022 4:00:00 AM,304,STEELES AVE E,SEWELLS RD,,Minor Arterial,Scarborough,43.845439,-79.212268,Non Intersection,No Control,Clear,Dark,Dry,Fatal,SMV Other,Driver,15 to 19,Minor,,West,"Automobile, Station Wagon",Other,Lost control,Unknown,,,,,,,,,Yes,,,,,Yes,,,,,,144,Morningside Heights,131,Rouge (131),D42,643702.63650288,4856258.61980578
6844,81679979,2002282330,9/23/2022 4:00:00 AM,304,STEELES AVE E,SEWELLS RD,,Minor Arterial,Scarborough,43.845439,-79.212268,Non Intersection,No Control,Clear,Dark,Dry,Fatal,SMV Other,Passenger,20 to 24,Minor,,,,,,,,,,,,,,,Yes,,,,,Yes,,,,,,144,Morningside Heights,131,Rouge (131),D42,643702.63650288,4856258.61980578
6845,81665922,2001862623,9/24/2022 4:00:00 AM,1910,FINCH AVE E,SENECA HILL DR,155 m East o,Major Arterial,North York,43.79402,-79.348445,Non Intersection,No Control,Clear,Dusk,Dry,Non-Fatal Injury,Turning Movement,Motorcycle Driver,20 to 24,Major,,West,Motorcycle,Overtaking,Improper Passing,Normal,,,,,,,,,Yes,Yes,,,,Yes,,Yes,,,,47,Don Valley Village,47,Don Valley Village (47),D33,632870.270680068,4850320.05287458
6846,81665923,2001862623,9/24/2022 4:00:00 AM,1910,FINCH AVE E,SENECA HILL DR,155 m East o,Major Arterial,North York,43.79402,-79.348445,Non Intersection,No Control,Clear,Dusk,Dry,Non-Fatal Injury,Turning Movement,Driver,25 to 29,None,,West,"Automobile, Station Wagon",Making U Turn,Driving Properly,Normal,,,,,,,,,Yes,Yes,,,,Yes,,Yes,,,,47,Don Valley Village,47,Don Valley Village (47),D33,632870.270680068,4850320.05287458
6847,81665924,2001862623,9/24/2022 4:00:00 AM,1910,FINCH AVE E,SENECA HILL DR,155 m East o,Major Arterial,North York,43.79402,-79.348445,Non Intersection,No Control,Clear,Dusk,Dry,Non-Fatal Injury,Turning Movement,Passenger,25 to 29,None,,,,,,,,,,,,,,,Yes,Yes,,,,Yes,,Yes,,,,47,Don Valley Village,47,Don Valley Village (47),D33,632870.270680068,4850320.05287458
6848,81665362,2001863583,9/24/2022 4:00:00 AM,2218,DUFFERIN ST,MARTIN ST,,Major Arterial,,43.689425,-79.447688,Non Intersection,No Control,Clear,"Dark, artificial",Dry,Fatal,Angle,Motorcycle Driver,30 to 34,Fatal,43,South,Motorcycle,Going Ahead,Driving Properly,Unknown,,,,,,,,,Yes,Yes,,Yes,,Yes,,,,,,107,Oakwood Village,107,Oakwood Village (107),D13,625103.603646324,4838548.71815848
6849,81665363,2001863583,9/24/2022 4:00:00 AM,2218,DUFFERIN ST,MARTIN ST,,Major Arterial,,43.689425,-79.447688,Non Intersection,No Control,Clear,"Dark, artificial",Dry,Fatal,Angle,Driver,20 to 24,Minor,,West,"Automobile, Station Wagon",Reversing,Other,Inattentive,,,,,,,,,Yes,Yes,,Yes,,Yes,,,,,,107,Oakwood Village,107,Oakwood Village (107),D13,625103.603646324,4838548.71815848
6850,81665364,2001863583,9/24/2022 4:00:00 AM,2218,DUFFERIN ST,MARTIN ST,,Major Arterial,,43.689425,-79.447688,Non Intersection,No Control,Clear,"Dark, artificial",Dry,Fatal,Angle,Driver,35 to 39,None,,North,Municipal Transit Bus (TTC),Going Ahead,Driving Properly,Normal,,,,,,,,,Yes,Yes,,Yes,,Yes,,,,,,107,Oakwood Village,107,Oakwood Village (107),D13,625103.603646324,4838548.71815848
6851,81665626,2001863583,9/24/2022 4:00:00 AM,2218,DUFFERIN ST,MARTIN ST,,Major Arterial,,43.689425,-79.447688,Non Intersection,No Control,Clear,"Dark, artificial",Dry,Fatal,Angle,Passenger,15 to 19,Minor,,,,,,,,,,,,,,,Yes,Yes,,Yes,,Yes,,,,,,107,Oakwood Village,107,Oakwood Village (107),D13,625103.603646324,4838548.71815848
6852,81688315,2001894189,9/29/2022 4:00:00 AM,904,STEELES AVE W,FENMAR DR,,Major Arterial,Etobicoke York,43.766474,-79.564739,At Intersection,Traffic Signal,Clear,Daylight,Dry,Non-Fatal Injury,Pedestrian Collisions,Driver,70 to 74,None,,South,Pick Up Truck,Turning Left,Failed to Yield Right of Way,Inattentive,,,,,,,Yes,,Yes,,,,,Yes,,Yes,,,,21,Humber Summit,21,Humber Summit (21),D31,615521.973653696,4846936.17031821
6853,81688316,2001894189,9/29/2022 4:00:00 AM,904,STEELES AVE W,FENMAR DR,,Major Arterial,Etobicoke York,43.766474,-79.564739,At Intersection,Traffic Signal,Clear,Daylight,Dry,Non-Fatal Injury,Pedestrian Collisions,Passenger,65 to 69,None,,,,,,,,,,,,,Yes,,Yes,,,,,Yes,,Yes,,,,21,Humber Summit,21,Humber Summit (21),D31,615521.973653696,4846936.17031821
6854,81688317,2001894189,9/29/2022 4:00:00 AM,904,STEELES AVE W,FENMAR DR,,Major Arterial,Etobicoke York,43.766474,-79.564739,At Intersection,Traffic Signal,Clear,Daylight,Dry,Non-Fatal Injury,Pedestrian Collisions,Pedestrian,50 to 54,Major,,North,,,,,Vehicle turns left while ped crosses with ROW at inter.,Crossing with right of way,Normal,,,,Yes,,Yes,,,,,Yes,,Yes,,,,21,Humber Summit,21,Humber Summit (21),D31,615521.973653696,4846936.17031821
6855,81665988,2001902035,9/30/2022 4:00:00 AM,1005,33 QUEEN ST E,,30 m East of,Major Arterial,Toronto and East York,43.652686,-79.377605,Non Intersection,No Control,Clear,Daylight,Dry,Non-Fatal Injury,Turning Movement,Driver,85 to 89,Major,,North,"Automobile, Station Wagon",Turning Right,Failed to Yield Right of Way,Unknown,,,,,,,,,Yes,,Yes,,,Yes,,Yes,,,,168,Downtown Yonge East,75,Church-Yonge Corridor (75),D51,630831.578124358,4834576.47241158
6856,81665989,2001902035,9/30/2022 4:00:00 AM,1005,33 QUEEN ST E,,30 m East of,Major Arterial,Toronto and East York,43.652686,-79.377605,Non Intersection,No Control,Clear,Daylight,Dry,Non-Fatal Injury,Turning Movement,Driver,55 to 59,Minimal,,East,"Automobile, Station Wagon",Going Ahead,Driving Properly,Normal,,,,,,,,,Yes,,Yes,,,Yes,,Yes,,,,168,Downtown Yonge East,75,Church-Yonge Corridor (75),D51,630831.578124358,4834576.47241158
6857,81665990,2001902035,9/30/2022 4:00:00 AM,1005,33 QUEEN ST E,,30 m East of,Major Arterial,Toronto and East York,43.652686,-79.377605,Non Intersection,No Control,Clear,Daylight,Dry,Non-Fatal Injury,Turning Movement,Truck Driver,55 to 59,Minor,,West,Truck - Dump,Going Ahead,Driving Properly,Normal,,,,,,,,,Yes,,Yes,,,Yes,,Yes,,,,168,Downtown Yonge East,75,Church-Yonge Corridor (75),D51,630831.578124358,4834576.47241158
6858,81665991,2001902035,9/30/2022 4:00:00 AM,1005,33 QUEEN ST E,,30 m East of,Major Arterial,Toronto and East York,43.652686,-79.377605,Non Intersection,No Control,Clear,Daylight,Dry,Non-Fatal Injury,Turning Movement,Passenger,55 to 59,Minimal,,,,,,,,,,,,,,,Yes,,Yes,,,Yes,,Yes,,,,168,Downtown Yonge East,75,Church-Yonge Corridor (75),D51,630831.578124358,4834576.47241158
6859,81688369,2001903424,9/30/2022 4:00:00 AM,1331,BURNHAMTHORPE RD,LAUREL AV,80 m West of,Major Arterial,Etobicoke York,43.646945,-79.556659,Non Intersection,No Control,Clear,Daylight,Dry,Non-Fatal Injury,Angle,Motorcycle Driver,35 to 39,Major,,West,Motorcycle,Going Ahead,Lost control,Normal,,,,,,,,,Yes,Yes,,,,Yes,Yes,Yes,,,,158,Islington,14,Islington-City Centre West (14),D22,616403.446723539,4833672.13992021
6860,81688370,2001903424,9/30/2022 4:00:00 AM,1331,BURNHAMTHORPE RD,LAUREL AV,80 m West of,Major Arterial,Etobicoke York,43.646945,-79.556659,Non Intersection,No Control,Clear,Daylight,Dry,Non-Fatal Injury,Angle,Driver,70 to 74,None,,North,"Automobile, Station Wagon",Going Ahead,Driving Properly,Normal,,,,,,,,,Yes,Yes,,,,Yes,Yes,Yes,,,,158,Islington,14,Islington-City Centre West (14),D22,616403.446723539,4833672.13992021
6861,81688371,2001903424,9/30/2022 4:00:00 AM,1331,BURNHAMTHORPE RD,LAUREL AV,80 m West of,Major Arterial,Etobicoke York,43.646945,-79.556659,Non Intersection,No Control,Clear,Daylight,Dry,Non-Fatal Injury,Angle,Passenger,65 to 69,None,,,,,,,,,,,,,,,Yes,Yes,,,,Yes,Yes,Yes,,,,158,Islington,14,Islington-City Centre West (14),D22,616403.446723539,4833672.13992021
6862,81667084,2001905181,9/30/2022 4:00:00 AM,1731,CARLTON ST,JARVIS ST,,Major Arterial,Toronto and East York,43.662413,-79.376689,At Intersection,Traffic Signal,Clear,Daylight,Dry,Non-Fatal Injury,Pedestrian Collisions,Driver,25 to 29,None,,West,"Automobile, Station Wagon",Turning Left,Failed to Yield Right of Way,Normal,,,,,,,Yes,,Yes,Yes,,,,Yes,,Yes,,,,73,Moss Park,73,Moss Park (73),D51,630884.310613812,4835658.22934923
6863,81667085,2001905181,9/30/2022 4:00:00 AM,1731,CARLTON ST,JARVIS ST,,Major Arterial,Toronto and East York,43.662413,-79.376689,At Intersection,Traffic Signal,Clear,Daylight,Dry,Non-Fatal Injury,Pedestrian Collisions,Motorcycle Driver,55 to 59,Major,,East,Motorcycle,Going Ahead,Driving Properly,Normal,,,,,,,Yes,,Yes,Yes,,,,Yes,,Yes,,,,73,Moss Park,73,Moss Park (73),D51,630884.310613812,4835658.22934923
6864,81667086,2001905181,9/30/2022 4:00:00 AM,1731,CARLTON ST,JARVIS ST,,Major Arterial,Toronto and East York,43.662413,-79.376689,At Intersection,Traffic Signal,Clear,Daylight,Dry,Non-Fatal Injury,Pedestrian Collisions,Passenger,unknown,None,,,,,,,,,,,,,Yes,,Yes,Yes,,,,Yes,,Yes,,,,73,Moss Park,73,Moss Park (73),D51,630884.310613812,4835658.22934923
6865,81667087,2001905181,9/30/2022 4:00:00 AM,1731,CARLTON ST,JARVIS ST,,Major Arterial,Toronto and East York,43.662413,-79.376689,At Intersection,Traffic Signal,Clear,Daylight,Dry,Non-Fatal Injury,Pedestrian Collisions,Pedestrian,35 to 39,Minimal,,Unknown,,,,,Pedestrian hit on sidewalk or shoulder,On Sidewalk or Shoulder,Normal,,,,Yes,,Yes,Yes,,,,Yes,,Yes,,,,73,Moss Park,73,Moss Park (73),D51,630884.310613812,4835658.22934923
6866,81667088,2001905181,9/30/2022 4:00:00 AM,1731,CARLTON ST,JARVIS ST,,Major Arterial,Toronto and East York,43.662413,-79.376689,At Intersection,Traffic Signal,Clear,Daylight,Dry,Non-Fatal Injury,Pedestrian Collisions,Pedestrian,35 to 39,Minimal,,Unknown,,,,,Pedestrian hit on sidewalk or shoulder,On Sidewalk or Shoulder,Normal,,,,Yes,,Yes,Yes,,,,Yes,,Yes,,,,73,Moss Park,73,Moss Park (73),D51,630884.310613812,4835658.22934923
6867,81688574,2001933263,10/4/2022 4:00:00 AM,1752,FINCH AVE E,MARKHAM RD,,Major Arterial,Scarborough,43.812899,-79.243037,At Intersection,Traffic Signal,Clear,"Dark, artificial",Dry,Non-Fatal Injury,Turning Movement,Driver,20 to 24,Minor,,East,"Automobile, Station Wagon",Going Ahead,Disobeyed Traffic Control,Unknown,,,,,,,,,Yes,,,,,Yes,Yes,Yes,Yes,,,145,Malvern West,132,Malvern (132),D42,641306.087428981,4852591.49546692
6868,81688575,2001933263,10/4/2022 4:00:00 AM,1752,FINCH AVE E,MARKHAM RD,,Major Arterial,Scarborough,43.812899,-79.243037,At Intersection,Traffic Signal,Clear,"Dark, artificial",Dry,Non-Fatal Injury,Turning Movement,Driver,35 to 39,Minor,,North,"Automobile, Station Wagon",Turning Left,Driving Properly,Normal,,,,,,,,,Yes,,,,,Yes,Yes,Yes,Yes,,,145,Malvern West,132,Malvern (132),D42,641306.087428981,4852591.49546692
6869,81688576,2001933263,10/4/2022 4:00:00 AM,1752,FINCH AVE E,MARKHAM RD,,Major Arterial,Scarborough,43.812899,-79.243037,At Intersection,Traffic Signal,Clear,"Dark, artificial",Dry,Non-Fatal Injury,Turning Movement,Driver,30 to 34,None,,South,"Automobile, Station Wagon",Turning Left,Driving Properly,Normal,,,,,,,,,Yes,,,,,Yes,Yes,Yes,Yes,,,145,Malvern West,132,Malvern (132),D42,641306.087428981,4852591.49546692
6870,81688577,2001933263,10/4/2022 4:00:00 AM,1752,FINCH AVE E,MARKHAM RD,,Major Arterial,Scarborough,43.812899,-79.243037,At Intersection,Traffic Signal,Clear,"Dark, artificial",Dry,Non-Fatal Injury,Turning Movement,Passenger,35 to 39,Major,,,,,,,,,,,,,,,Yes,,,,,Yes,Yes,Yes,Yes,,,145,Malvern West,132,Malvern (132),D42,641306.087428981,4852591.49546692
6871,81688578,2001933263,10/4/2022 4:00:00 AM,1752,FINCH AVE E,MARKHAM RD,,Major Arterial,Scarborough,43.812899,-79.243037,At Intersection,Traffic Signal,Clear,"Dark, artificial",Dry,Non-Fatal Injury,Turning Movement,Passenger,0 to 4,Minor,,,,,,,,,,,,,,,Yes,,,,,Yes,Yes,Yes,Yes,,,145,Malvern West,132,Malvern (132),D42,641306.087428981,4852591.49546692
6872,81667359,2001941837,10/5/2022 4:00:00 AM,2112,F G GARDINER XY  W,GRAND AVE,345 m East o,Expressway,Etobicoke York,43.625659,-79.489299,Non Intersection,No Control,Clear,"Dark, artificial",Dry,Non-Fatal Injury,SMV Other,Driver,20 to 24,Major,,West,"Automobile, Station Wagon",Changing Lanes,Lost control,Unknown,,,,,,,,,Yes,,,,,Yes,Yes,Yes,,,,161,Humber Bay Shores,17,Mimico (includes Humber Bay Shores) (17),D22,621879.007771841,4831404.74381392
6873,81667360,2001941837,10/5/2022 4:00:00 AM,2112,F G GARDINER XY  W,GRAND AVE,345 m East o,Expressway,Etobicoke York,43.625659,-79.489299,Non Intersection,No Control,Clear,"Dark, artificial",Dry,Non-Fatal Injury,SMV Other,Driver,65 to 69,None,,West,Pick Up Truck,Going Ahead,Driving Properly,Normal,,,,,,,,,Yes,,,,,Yes,Yes,Yes,,,,161,Humber Bay Shores,17,Mimico (includes Humber Bay Shores) (17),D22,621879.007771841,4831404.74381392
6874,81667361,2001941837,10/5/2022 4:00:00 AM,2112,F G GARDINER XY  W,GRAND AVE,345 m East o,Expressway,Etobicoke York,43.625659,-79.489299,Non Intersection,No Control,Clear,"Dark, artificial",Dry,Non-Fatal Injury,SMV Other,Passenger,20 to 24,Major,,,,,,,,,,,,,,,Yes,,,,,Yes,Yes,Yes,,,,161,Humber Bay Shores,17,Mimico (includes Humber Bay Shores) (17),D22,621879.007771841,4831404.74381392
6875,81749183,2001952231,10/7/2022 4:00:00 AM,1103,WINONA DR,450,1 m East of,Minor Arterial,Toronto and East York,43.689906,-79.435741,Non Intersection,No Control,Clear,Daylight,Dry,Non-Fatal Injury,Cyclist Collisions,Cyclist,25 to 29,Major,,North,Bicycle,Going Ahead,,,,,,,Lost control,Inattentive,,Yes,Yes,,,,,Yes,,Yes,,,,107,Oakwood Village,107,Oakwood Village (107),D13,626065.435021893,4838620.23257673
6876,81749184,2001952231,10/7/2022 4:00:00 AM,1103,WINONA DR,450,1 m East of,Minor Arterial,Toronto and East York,43.689906,-79.435741,Non Intersection,No Control,Clear,Daylight,Dry,Non-Fatal Injury,Cyclist Collisions,Driver,50 to 54,None,,South,"Automobile, Station Wagon",Going Ahead,Driving Properly,Normal,,,,,,,,Yes,Yes,,,,,Yes,,Yes,,,,107,Oakwood Village,107,Oakwood Village (107),D13,626065.435021893,4838620.23257673
6877,81749185,2001952231,10/7/2022 4:00:00 AM,1103,WINONA DR,450,1 m East of,Minor Arterial,Toronto and East York,43.689906,-79.435741,Non Intersection,No Control,Clear,Daylight,Dry,Non-Fatal Injury,Cyclist Collisions,Passenger,50 to 54,None,,,,,,,,,,,,,,Yes,Yes,,,,,Yes,,Yes,,,,107,Oakwood Village,107,Oakwood Village (107),D13,626065.435021893,4838620.23257673
6878,81666602,2001965274,10/9/2022 4:00:00 AM,1021,BATHURST ST,DEWLANE DR,25 m North o,Major Arterial,North York,43.785918,-79.446056,Non Intersection,No Control,Clear,Daylight,Dry,Non-Fatal Injury,Pedestrian Collisions,Driver,30 to 34,None,,South,Municipal Transit Bus (TTC),Going Ahead,Driving Properly,Normal,,,,,,,Yes,,,,,Yes,,Yes,,,,,,35,Westminster-Branson,35,Westminster-Branson (35),D32,625034.132022507,4849268.13079414
6879,81666603,2001965274,10/9/2022 4:00:00 AM,1021,BATHURST ST,DEWLANE DR,25 m North o,Major Arterial,North York,43.785918,-79.446056,Non Intersection,No Control,Clear,Daylight,Dry,Non-Fatal Injury,Pedestrian Collisions,Passenger,70 to 74,Minimal,,,,,,,,,,,,,Yes,,,,,Yes,,Yes,,,,,,35,Westminster-Branson,35,Westminster-Branson (35),D32,625034.132022507,4849268.13079414
6880,81666604,2001965274,10/9/2022 4:00:00 AM,1021,BATHURST ST,DEWLANE DR,25 m North o,Major Arterial,North York,43.785918,-79.446056,Non Intersection,No Control,Clear,Daylight,Dry,Non-Fatal Injury,Pedestrian Collisions,Pedestrian,20 to 24,Major,,East,,,,,Pedestrian involved in a collision with transit vehicle anywhere along roadway,Other,Other,,,,Yes,,,,,Yes,,Yes,,,,,,35,Westminster-Branson,35,Westminster-Branson (35),D32,625034.132022507,4849268.13079414
6881,81667057,2001996096,10/13/2022 4:00:00 AM,1940,MIDDLEFIELD RD,MCCOWAN RD,16 m North o,Major Arterial,Scarborough,43.798701,-79.261974,Non Intersection,No Control,Clear,Dark,Dry,Non-Fatal Injury,Turning Movement,Passenger,10 to 14,None,,,,,,,,,,,,,,,Yes,,,,,Yes,,Yes,,,,129,Agincourt North,129,Agincourt North (129),D42,639816.159183435,4850982.40837205
6882,81667058,2001996096,10/13/2022 4:00:00 AM,1940,MIDDLEFIELD RD,MCCOWAN RD,16 m North o,Major Arterial,Scarborough,43.798701,-79.261974,Non Intersection,No Control,Clear,Dark,Dry,Non-Fatal Injury,Turning Movement,Passenger,5 to 9,None,,,,,,,,,,,,,,,Yes,,,,,Yes,,Yes,,,,129,Agincourt North,129,Agincourt North (129),D42,639816.159183435,4850982.40837205
6883,81667059,2001996096,10/13/2022 4:00:00 AM,1940,MIDDLEFIELD RD,MCCOWAN RD,16 m North o,Major Arterial,Scarborough,43.798701,-79.261974,Non Intersection,No Control,Clear,Dark,Dry,Non-Fatal Injury,Turning Movement,Passenger,5 to 9,None,,,,,,,,,,,,,,,Yes,,,,,Yes,,Yes,,,,129,Agincourt North,129,Agincourt North (129),D42,639816.159183435,4850982.40837205
6884,81667060,2001996096,10/13/2022 4:00:00 AM,1940,MIDDLEFIELD RD,MCCOWAN RD,16 m North o,Major Arterial,Scarborough,43.798701,-79.261974,Non Intersection,No Control,Clear,Dark,Dry,Non-Fatal Injury,Turning Movement,Driver,15 to 19,None,,East,"Automobile, Station Wagon",Turning Left,Improper Turn,Normal,,,,,,,,,Yes,,,,,Yes,,Yes,,,,129,Agincourt North,129,Agincourt North (129),D42,639816.159183435,4850982.40837205
6885,81667061,2001996096,10/13/2022 4:00:00 AM,1940,MIDDLEFIELD RD,MCCOWAN RD,16 m North o,Major Arterial,Scarborough,43.798701,-79.261974,Non Intersection,No Control,Clear,Dark,Dry,Non-Fatal Injury,Turning Movement,Driver,20 to 24,Major,,West,"Automobile, Station Wagon",Going Ahead,Driving Properly,Normal,,,,,,,,,Yes,,,,,Yes,,Yes,,,,129,Agincourt North,129,Agincourt North (129),D42,639816.159183435,4850982.40837205
6886,81687404,2002008738,10/15/2022 4:00:00 AM,1649,MARTIN GROVE RD,BELFIELD RD,,Major Arterial,Etobicoke York,43.701945,-79.57561,At Intersection,Traffic Signal,Clear,Daylight,Dry,Non-Fatal Injury,Turning Movement,Driver,30 to 34,Minor,,North,"Automobile, Station Wagon",Turning Left,Improper Turn,Normal,,,,,,,,,Yes,,,,,Yes,,Yes,,,,1,West Humber-Clairville,1,West Humber-Clairville (1),D23,614770.174523762,4839754.20349533
6887,81687405,2002008738,10/15/2022 4:00:00 AM,1649,MARTIN GROVE RD,BELFIELD RD,,Major Arterial,Etobicoke York,43.701945,-79.57561,At Intersection,Traffic Signal,Clear,Daylight,Dry,Non-Fatal Injury,Turning Movement,Driver,20 to 24,Major,,South,"Automobile, Station Wagon",Going Ahead,Driving Properly,Normal,,,,,,,,,Yes,,,,,Yes,,Yes,,,,1,West Humber-Clairville,1,West Humber-Clairville (1),D23,614770.174523762,4839754.20349533
6888,81687406,2002008738,10/15/2022 4:00:00 AM,1649,MARTIN GROVE RD,BELFIELD RD,,Major Arterial,Etobicoke York,43.701945,-79.57561,At Intersection,Traffic Signal,Clear,Daylight,Dry,Non-Fatal Injury,Turning Movement,Passenger,30 to 34,None,,,,,,,,,,,,,,,Yes,,,,,Yes,,Yes,,,,1,West Humber-Clairville,1,West Humber-Clairville (1),D23,614770.174523762,4839754.20349533
6889,81687632,2002015530,10/16/2022 4:00:00 AM,1752,EVANS AVE,DELTA ST,,Major Arterial,Etobicoke York,43.612651,-79.539836,At Intersection,Stop Sign,Clear,Daylight,Dry,Non-Fatal Injury,Turning Movement,Driver,25 to 29,None,,North,"Automobile, Station Wagon",Turning Left,Disobeyed Traffic Control,Normal,,,,,,,,,Yes,Yes,,,,Yes,,Yes,,,,20,Alderwood,20,Alderwood (20),D22,617827.198211758,4829887.10086621
6890,81687633,2002015530,10/16/2022 4:00:00 AM,1752,EVANS AVE,DELTA ST,,Major Arterial,Etobicoke York,43.612651,-79.539836,At Intersection,Stop Sign,Clear,Daylight,Dry,Non-Fatal Injury,Turning Movement,Motorcycle Driver,40 to 44,Major,,East,Motorcycle,Going Ahead,Driving Properly,Normal,,,,,,,,,Yes,Yes,,,,Yes,,Yes,,,,20,Alderwood,20,Alderwood (20),D22,617827.198211758,4829887.10086621
6891,81687634,2002015530,10/16/2022 4:00:00 AM,1752,EVANS AVE,DELTA ST,,Major Arterial,Etobicoke York,43.612651,-79.539836,At Intersection,Stop Sign,Clear,Daylight,Dry,Non-Fatal Injury,Turning Movement,Driver,35 to 39,None,,West,"Automobile, Station Wagon",Going Ahead,Driving Properly,Normal,,,,,,,,,Yes,Yes,,,,Yes,,Yes,,,,20,Alderwood,20,Alderwood (20),D22,617827.198211758,4829887.10086621
6892,81687635,2002015530,10/16/2022 4:00:00 AM,1752,EVANS AVE,DELTA ST,,Major Arterial,Etobicoke York,43.612651,-79.539836,At Intersection,Stop Sign,Clear,Daylight,Dry,Non-Fatal Injury,Turning Movement,Passenger,30 to 34,None,,,,,,,,,,,,,,,Yes,Yes,,,,Yes,,Yes,,,,20,Alderwood,20,Alderwood (20),D22,617827.198211758,4829887.10086621
6893,81667102,2002017234,10/17/2022 4:00:00 AM,12,MARLEE AVE,GLENGROVE AVE,8 m East of,Minor Arterial,North York,43.710726,-79.444484,At Intersection,Stop Sign,Clear,Dark,Dry,Non-Fatal Injury,Angle,Driver,unknown,None,,West,"Automobile, Station Wagon",Going Ahead,Lost control,Unknown,,,,,,,,,Yes,,,,,Yes,Yes,Yes,,,,31,Yorkdale-Glen Park,31,Yorkdale-Glen Park (31),D13,625317.437141034,4840919.32781141
6894,81667103,2002017234,10/17/2022 4:00:00 AM,12,MARLEE AVE,GLENGROVE AVE,8 m East of,Minor Arterial,North York,43.710726,-79.444484,At Intersection,Stop Sign,Clear,Dark,Dry,Non-Fatal Injury,Angle,Driver,50 to 54,None,,North,"Automobile, Station Wagon",Going Ahead,Driving Properly,Unknown,,,,,,,,,Yes,,,,,Yes,Yes,Yes,,,,31,Yorkdale-Glen Park,31,Yorkdale-Glen Park (31),D13,625317.437141034,4840919.32781141
6895,81667104,2002017234,10/17/2022 4:00:00 AM,12,MARLEE AVE,GLENGROVE AVE,8 m East of,Minor Arterial,North York,43.710726,-79.444484,At Intersection,Stop Sign,Clear,Dark,Dry,Non-Fatal Injury,Angle,Driver,unknown,None,,South,"Automobile, Station Wagon",Going Ahead,Driving Properly,Normal,,,,,,,,,Yes,,,,,Yes,Yes,Yes,,,,31,Yorkdale-Glen Park,31,Yorkdale-Glen Park (31),D13,625317.437141034,4840919.32781141
6896,81667105,2002017234,10/17/2022 4:00:00 AM,12,MARLEE AVE,GLENGROVE AVE,8 m East of,Minor Arterial,North York,43.710726,-79.444484,At Intersection,Stop Sign,Clear,Dark,Dry,Non-Fatal Injury,Angle,Passenger,35 to 39,Major,,,,,,,,,,,,,,,Yes,,,,,Yes,Yes,Yes,,,,31,Yorkdale-Glen Park,31,Yorkdale-Glen Park (31),D13,625317.437141034,4840919.32781141
6897,81673547,2002130324,11/1/2022 4:00:00 AM,2035,JANE ST,SPENVALLEY DR,,Major Arterial,North York,43.741233,-79.513652,At Intersection,Traffic Signal,Clear,"Dark, artificial",Dry,Non-Fatal Injury,Turning Movement,Driver,15 to 19,None,,West,"Automobile, Station Wagon",Going Ahead,Disobeyed Traffic Control,Inattentive,,,,,,,,,Yes,,,,,Yes,,Yes,Yes,,,25,Glenfield-Jane Heights,25,Glenfield-Jane Heights (25),D31,619684.222979756,4844205.32117404
6898,81673548,2002130324,11/1/2022 4:00:00 AM,2035,JANE ST,SPENVALLEY DR,,Major Arterial,North York,43.741233,-79.513652,At Intersection,Traffic Signal,Clear,"Dark, artificial",Dry,Non-Fatal Injury,Turning Movement,Driver,40 to 44,Minimal,,East,"Automobile, Station Wagon",Turning Left,Driving Properly,Normal,,,,,,,,,Yes,,,,,Yes,,Yes,Yes,,,25,Glenfield-Jane Heights,25,Glenfield-Jane Heights (25),D31,619684.222979756,4844205.32117404