OBJECTID,INDEX,ACCNUM,DATE,TIME,STREET1,STREET2,OFFSET,ROAD_CLASS,DISTRICT,LATITUDE,LONGITUDE,ACCLOC,TRAFFCTL,VISIBILITY,LIGHT,RDSFCOND,ACCLASS,IMPACTYPE,INVTYPE,INVAGE,INJURY,FATAL_NO,INITDIR,VEHTYPE,MANOEUVER,DRIVACT,DRIVCOND,PEDTYPE,PEDACT,PEDCOND,CYCLISTYPE,CYCACT,CYCCOND,PEDESTRIAN,CYCLIST,AUTOMOBILE,MOTORCYCLE,TRUCK,TRSN_CITY_VEH,EMERG_VEH,PASSENGER,SPEEDING,AG_DRIV,REDLIGHT,ALCOHOL,DISABILITY,HOOD_158,NEIGHBOURHOOD_158,HOOD_140,NEIGHBOURHOOD_140,DIVISION,x,y
6899,81673549,2002130324,11/1/2022 4:00:00 AM,2035,JANE ST,SPENVALLEY DR,,Major Arterial,North York,43.741233,-79.513652,At Intersection,Traffic Signal,Clear,"Dark, artificial",Dry,Non-Fatal Injury,Turning Movement,Passenger,35 to 39,Major,,,,,,,,,,,,,,,Yes,,,,,Yes,,Yes,Yes,,,25,Glenfield-Jane Heights,25,Glenfield-Jane Heights (25),D31,619684.222979756,4844205.32117404
6900,81673550,2002130324,11/1/2022 4:00:00 AM,2035,JANE ST,SPENVALLEY DR,,Major Arterial,North York,43.741233,-79.513652,At Intersection,Traffic Signal,Clear,"Dark, artificial",Dry,Non-Fatal Injury,Turning Movement,Passenger,15 to 19,None,,,,,,,,,,,,,,,Yes,,,,,Yes,,Yes,Yes,,,25,Glenfield-Jane Heights,25,Glenfield-Jane Heights (25),D31,619684.222979756,4844205.32117404
6901,81673551,2002130324,11/1/2022 4:00:00 AM,2035,JANE ST,SPENVALLEY DR,,Major Arterial,North York,43.741233,-79.513652,At Intersection,Traffic Signal,Clear,"Dark, artificial",Dry,Non-Fatal Injury,Turning Movement,Passenger,20 to 24,Minimal,,,,,,,,,,,,,,,Yes,,,,,Yes,,Yes,Yes,,,25,Glenfield-Jane Heights,25,Glenfield-Jane Heights (25),D31,619684.222979756,4844205.32117404
6902,81688140,2002243711,11/17/2022 5:00:00 AM,1640,519 OLD WESTON RD,,10 m West of,Minor Arterial,Toronto and East York,43.67723,-79.464153,Non Intersection,No Control,Clear,Daylight,Dry,Non-Fatal Injury,Approaching,Driver,40 to 44,Major,,South,Pick Up Truck,Going Ahead,Lost control,Medical or Physical Disability,,,,,,,,,Yes,,,,,Yes,,Yes,,,Yes,91,Weston-Pelham Park,91,Weston-Pellam Park (91),D12,623801.729437752,4837169.59129178
6903,81688141,2002243711,11/17/2022 5:00:00 AM,1640,519 OLD WESTON RD,,10 m West of,Minor Arterial,Toronto and East York,43.67723,-79.464153,Non Intersection,No Control,Clear,Daylight,Dry,Non-Fatal Injury,Approaching,Driver,65 to 69,None,,North,"Automobile, Station Wagon",Slowing or Stopping,Driving Properly,Normal,,,,,,,,,Yes,,,,,Yes,,Yes,,,Yes,91,Weston-Pelham Park,91,Weston-Pellam Park (91),D12,623801.729437752,4837169.59129178
6904,81688142,2002243711,11/17/2022 5:00:00 AM,1640,519 OLD WESTON RD,,10 m West of,Minor Arterial,Toronto and East York,43.67723,-79.464153,Non Intersection,No Control,Clear,Daylight,Dry,Non-Fatal Injury,Approaching,Driver,40 to 44,None,,North,"Automobile, Station Wagon",Slowing or Stopping,Driving Properly,Normal,,,,,,,,,Yes,,,,,Yes,,Yes,,,Yes,91,Weston-Pelham Park,91,Weston-Pellam Park (91),D12,623801.729437752,4837169.59129178
6905,81688143,2002243711,11/17/2022 5:00:00 AM,1640,519 OLD WESTON RD,,10 m West of,Minor Arterial,Toronto and East York,43.67723,-79.464153,Non Intersection,No Control,Clear,Daylight,Dry,Non-Fatal Injury,Approaching,Passenger,10 to 14,None,,,,,,,,,,,,,,,Yes,,,,,Yes,,Yes,,,Yes,91,Weston-Pelham Park,91,Weston-Pellam Park (91),D12,623801.729437752,4837169.59129178
6906,81680045,2002271059,11/21/2022 5:00:00 AM,1404,KIPLING AVE,REDWATER DR,,Major Arterial,Etobicoke York,43.715514,-79.568485,At Intersection,Traffic Signal,Clear,Daylight,Dry,Non-Fatal Injury,Turning Movement,Driver,30 to 34,None,,North,"Automobile, Station Wagon",Going Ahead,Lost control,Inattentive,,,,,,,,,Yes,,,,,Yes,Yes,Yes,,,,4,Rexdale-Kipling,4,Rexdale-Kipling (4),D23,615318.252258024,4841271.11458632
6907,81680046,2002271059,11/21/2022 5:00:00 AM,1404,KIPLING AVE,REDWATER DR,,Major Arterial,Etobicoke York,43.715514,-79.568485,At Intersection,Traffic Signal,Clear,Daylight,Dry,Non-Fatal Injury,Turning Movement,Driver,70 to 74,Major,,West,"Automobile, Station Wagon",Turning Left,Driving Properly,Normal,,,,,,,,,Yes,,,,,Yes,Yes,Yes,,,,4,Rexdale-Kipling,4,Rexdale-Kipling (4),D23,615318.252258024,4841271.11458632
6908,81680047,2002271059,11/21/2022 5:00:00 AM,1404,KIPLING AVE,REDWATER DR,,Major Arterial,Etobicoke York,43.715514,-79.568485,At Intersection,Traffic Signal,Clear,Daylight,Dry,Non-Fatal Injury,Turning Movement,Driver,35 to 39,None,,East,"Automobile, Station Wagon",Going Ahead,Driving Properly,Unknown,,,,,,,,,Yes,,,,,Yes,Yes,Yes,,,,4,Rexdale-Kipling,4,Rexdale-Kipling (4),D23,615318.252258024,4841271.11458632
6909,81680048,2002271059,11/21/2022 5:00:00 AM,1404,KIPLING AVE,REDWATER DR,,Major Arterial,Etobicoke York,43.715514,-79.568485,At Intersection,Traffic Signal,Clear,Daylight,Dry,Non-Fatal Injury,Turning Movement,Passenger,60 to 64,Major,,,,,,,,,,,,,,,Yes,,,,,Yes,Yes,Yes,,,,4,Rexdale-Kipling,4,Rexdale-Kipling (4),D23,615318.252258024,4841271.11458632
6910,81687672,2002272909,11/21/2022 5:00:00 AM,1830,JANE ST,SPENVALLEY DR,15 m North o,Major Arterial,North York,43.741168,-79.513637,Intersection Related,Traffic Signal,Clear,"Dark, artificial",Dry,Non-Fatal Injury,Rear End,Driver,55 to 59,None,,South,"Automobile, Station Wagon",Going Ahead,Other,Inattentive,,,,,,,,,Yes,,,,,Yes,,,,,,25,Glenfield-Jane Heights,25,Glenfield-Jane Heights (25),D31,619685.560338775,4844198.123655
6911,81687673,2002272909,11/21/2022 5:00:00 AM,1830,JANE ST,SPENVALLEY DR,15 m North o,Major Arterial,North York,43.741168,-79.513637,Intersection Related,Traffic Signal,Clear,"Dark, artificial",Dry,Non-Fatal Injury,Rear End,Driver,65 to 69,None,,South,"Automobile, Station Wagon",Slowing or Stopping,Driving Properly,Normal,,,,,,,,,Yes,,,,,Yes,,,,,,25,Glenfield-Jane Heights,25,Glenfield-Jane Heights (25),D31,619685.560338775,4844198.123655
6912,81687674,2002272909,11/21/2022 5:00:00 AM,1830,JANE ST,SPENVALLEY DR,15 m North o,Major Arterial,North York,43.741168,-79.513637,Intersection Related,Traffic Signal,Clear,"Dark, artificial",Dry,Non-Fatal Injury,Rear End,Driver,40 to 44,Minimal,,South,"Automobile, Station Wagon",Slowing or Stopping,Driving Properly,Normal,,,,,,,,,Yes,,,,,Yes,,,,,,25,Glenfield-Jane Heights,25,Glenfield-Jane Heights (25),D31,619685.560338775,4844198.123655
6913,81687675,2002272909,11/21/2022 5:00:00 AM,1830,JANE ST,SPENVALLEY DR,15 m North o,Major Arterial,North York,43.741168,-79.513637,Intersection Related,Traffic Signal,Clear,"Dark, artificial",Dry,Non-Fatal Injury,Rear End,Passenger,25 to 29,Major,,,,,,,,,,,,,,,Yes,,,,,Yes,,,,,,25,Glenfield-Jane Heights,25,Glenfield-Jane Heights (25),D31,619685.560338775,4844198.123655
6914,81680463,2002303433,11/25/2022 5:00:00 AM,2245,PAPE AVE,BROWNING AVE,10 m North o,Major Arterial,Toronto and East York,43.683192,-79.346416,Intersection Related,No Control,Clear,"Dark, artificial",Dry,Non-Fatal Injury,Sideswipe,Driver,30 to 34,None,,South,"Automobile, Station Wagon",Changing Lanes,Improper Lane Change,Normal,,,,,,,,,Yes,,,,,Yes,,,,,,59,Danforth East York,59,Danforth East York (59),D55,633279.183246896,4838014.22381971
6915,81680464,2002303433,11/25/2022 5:00:00 AM,2245,PAPE AVE,BROWNING AVE,10 m North o,Major Arterial,Toronto and East York,43.683192,-79.346416,Intersection Related,No Control,Clear,"Dark, artificial",Dry,Non-Fatal Injury,Sideswipe,Driver,15 to 19,Minor,,South,"Automobile, Station Wagon",Going Ahead,Driving Properly,Normal,,,,,,,,,Yes,,,,,Yes,,,,,,59,Danforth East York,59,Danforth East York (59),D55,633279.183246896,4838014.22381971
6916,81680465,2002303433,11/25/2022 5:00:00 AM,2245,PAPE AVE,BROWNING AVE,10 m North o,Major Arterial,Toronto and East York,43.683192,-79.346416,Intersection Related,No Control,Clear,"Dark, artificial",Dry,Non-Fatal Injury,Sideswipe,Driver,25 to 29,Minimal,,North,"Automobile, Station Wagon",Going Ahead,Driving Properly,Normal,,,,,,,,,Yes,,,,,Yes,,,,,,59,Danforth East York,59,Danforth East York (59),D55,633279.183246896,4838014.22381971
6917,81680466,2002303433,11/25/2022 5:00:00 AM,2245,PAPE AVE,BROWNING AVE,10 m North o,Major Arterial,Toronto and East York,43.683192,-79.346416,Intersection Related,No Control,Clear,"Dark, artificial",Dry,Non-Fatal Injury,Sideswipe,Passenger,25 to 29,Major,,,,,,,,,,,,,,,Yes,,,,,Yes,,,,,,59,Danforth East York,59,Danforth East York (59),D55,633279.183246896,4838014.22381971
6918,81688944,2002306311,11/26/2022 5:00:00 AM,1134,KINGSTON RD,401 C E 2A W RAMP,3 m East of,Major Arterial,Scarborough,43.794814,-79.152499,At Intersection,Traffic Signal,Clear,Daylight,Dry,Non-Fatal Injury,Turning Movement,Driver,65 to 69,None,,West,"Automobile, Station Wagon",Going Ahead,Disobeyed Traffic Control,Inattentive,,,,,,,,,Yes,,,,,Yes,,Yes,Yes,,,133,Centennial Scarborough,133,Centennial Scarborough (133),D43,648632.664489135,4850741.4809454
6919,81688945,2002306311,11/26/2022 5:00:00 AM,1134,KINGSTON RD,401 C E 2A W RAMP,3 m East of,Major Arterial,Scarborough,43.794814,-79.152499,At Intersection,Traffic Signal,Clear,Daylight,Dry,Non-Fatal Injury,Turning Movement,Driver,35 to 39,Minor,,South,"Automobile, Station Wagon",Turning Left,Driving Properly,Normal,,,,,,,,,Yes,,,,,Yes,,Yes,Yes,,,133,Centennial Scarborough,133,Centennial Scarborough (133),D43,648632.664489135,4850741.4809454
6920,81688946,2002306311,11/26/2022 5:00:00 AM,1134,KINGSTON RD,401 C E 2A W RAMP,3 m East of,Major Arterial,Scarborough,43.794814,-79.152499,At Intersection,Traffic Signal,Clear,Daylight,Dry,Non-Fatal Injury,Turning Movement,Passenger,45 to 49,None,,,,,,,,,,,,,,,Yes,,,,,Yes,,Yes,Yes,,,133,Centennial Scarborough,133,Centennial Scarborough (133),D43,648632.664489135,4850741.4809454
6921,81688947,2002306311,11/26/2022 5:00:00 AM,1134,KINGSTON RD,401 C E 2A W RAMP,3 m East of,Major Arterial,Scarborough,43.794814,-79.152499,At Intersection,Traffic Signal,Clear,Daylight,Dry,Non-Fatal Injury,Turning Movement,Passenger,20 to 24,Major,,,,,,,,,,,,,,,Yes,,,,,Yes,,Yes,Yes,,,133,Centennial Scarborough,133,Centennial Scarborough (133),D43,648632.664489135,4850741.4809454
6922,81739307,2002351893,12/2/2022 5:00:00 AM,1320,ALEXMUIR BLVD,HOMEDALE DR,21 m East of,,,43.810485,-79.282162,At Intersection,Stop Sign,Clear,Daylight,Dry,Non-Fatal Injury,SMV Other,Driver,40 to 44,Major,,East,"Automobile, Station Wagon",Going Ahead,Lost control,Normal,,,,,,,,,Yes,,,,,Yes,,,,,,129,Agincourt North,129,Agincourt North (129),D42,638164.939687387,4852257.30216578
6923,81739308,2002351893,12/2/2022 5:00:00 AM,1320,ALEXMUIR BLVD,HOMEDALE DR,21 m East of,,,43.810485,-79.282162,At Intersection,Stop Sign,Clear,Daylight,Dry,Non-Fatal Injury,SMV Other,Passenger,5 to 9,None,,,,,,,,,,,,,,,Yes,,,,,Yes,,,,,,129,Agincourt North,129,Agincourt North (129),D42,638164.939687387,4852257.30216578
6924,81688896,2002358910,12/3/2022 5:00:00 AM,1205,EGLINTON AVE E,GILDER DR,28 m East of,Major Arterial,Scarborough,43.735591,-79.252673,Non Intersection,No Control,Clear,Daylight,Wet,Non-Fatal Injury,Rear End,Driver,35 to 39,Major,,West,Municipal Transit Bus (TTC),Slowing or Stopping,Following too Close,Inattentive,,,,,,,,,Yes,,,Yes,,Yes,,Yes,,,,124,Kennedy Park,124,Kennedy Park (124),D41,640712.300931646,4843988.81836056
6925,81688897,2002358910,12/3/2022 5:00:00 AM,1205,EGLINTON AVE E,GILDER DR,28 m East of,Major Arterial,Scarborough,43.735591,-79.252673,Non Intersection,No Control,Clear,Daylight,Wet,Non-Fatal Injury,Rear End,Driver,25 to 29,Minimal,,West,"Automobile, Station Wagon",Stopped,Driving Properly,Normal,,,,,,,,,Yes,,,Yes,,Yes,,Yes,,,,124,Kennedy Park,124,Kennedy Park (124),D41,640712.300931646,4843988.81836056
6926,81688898,2002358910,12/3/2022 5:00:00 AM,1205,EGLINTON AVE E,GILDER DR,28 m East of,Major Arterial,Scarborough,43.735591,-79.252673,Non Intersection,No Control,Clear,Daylight,Wet,Non-Fatal Injury,Rear End,Driver,50 to 54,None,,West,Municipal Transit Bus (TTC),Stopped,Driving Properly,Normal,,,,,,,,,Yes,,,Yes,,Yes,,Yes,,,,124,Kennedy Park,124,Kennedy Park (124),D41,640712.300931646,4843988.81836056
6927,81688899,2002358910,12/3/2022 5:00:00 AM,1205,EGLINTON AVE E,GILDER DR,28 m East of,Major Arterial,Scarborough,43.735591,-79.252673,Non Intersection,No Control,Clear,Daylight,Wet,Non-Fatal Injury,Rear End,Passenger,25 to 29,Minimal,,,,,,,,,,,,,,,Yes,,,Yes,,Yes,,Yes,,,,124,Kennedy Park,124,Kennedy Park (124),D41,640712.300931646,4843988.81836056
6928,81707830,2002366866,12/4/2022 5:00:00 AM,1538,YONGE ST,GLEBE RD W,10 m East of,,,43.700851,-79.397136,Intersection Related,Stop Sign,Clear,Daylight,Dry,Non-Fatal Injury,Turning Movement,Driver,35 to 39,None,,East,"Automobile, Station Wagon",Turning Left,Failed to Yield Right of Way,Inattentive,,,,,,,,,Yes,Yes,,,,Yes,,Yes,,,,174,South Eglinton-Davisville,104,Mount Pleasant West (104),D53,629153.18825732,4839895.23988338
6929,81707831,2002366866,12/4/2022 5:00:00 AM,1538,YONGE ST,GLEBE RD W,10 m East of,,,43.700851,-79.397136,Intersection Related,Stop Sign,Clear,Daylight,Dry,Non-Fatal Injury,Turning Movement,Motorcycle Driver,45 to 49,Major,,South,Motorcycle,Going Ahead,Driving Properly,Normal,,,,,,,,,Yes,Yes,,,,Yes,,Yes,,,,174,South Eglinton-Davisville,104,Mount Pleasant West (104),D53,629153.18825732,4839895.23988338
6930,81707832,2002366866,12/4/2022 5:00:00 AM,1538,YONGE ST,GLEBE RD W,10 m East of,,,43.700851,-79.397136,Intersection Related,Stop Sign,Clear,Daylight,Dry,Non-Fatal Injury,Turning Movement,Passenger,40 to 44,Minimal,,,,,,,,,,,,,,,Yes,Yes,,,,Yes,,Yes,,,,174,South Eglinton-Davisville,104,Mount Pleasant West (104),D53,629153.18825732,4839895.23988338
6931,81689064,2002374058,12/5/2022 5:00:00 AM,1505,INNISWOOD DR,HOWARTH AVE,56 m West of,Local,Scarborough,43.73823,-79.305957,Non Intersection,No Control,Clear,Daylight,Dry,Non-Fatal Injury,Pedestrian Collisions,Driver,40 to 44,None,,West,"Automobile, Station Wagon",Going Ahead,Driving Properly,Normal,,,,,,,Yes,,Yes,,,,,Yes,,,,,,119,Wexford/Maryvale,119,Wexford/Maryvale (119),D41,636415.296889357,4844192.80258181
6932,81689065,2002374058,12/5/2022 5:00:00 AM,1505,INNISWOOD DR,HOWARTH AVE,56 m West of,Local,Scarborough,43.73823,-79.305957,Non Intersection,No Control,Clear,Daylight,Dry,Non-Fatal Injury,Pedestrian Collisions,Passenger,10 to 14,None,,,,,,,,,,,,,Yes,,Yes,,,,,Yes,,,,,,119,Wexford/Maryvale,119,Wexford/Maryvale (119),D41,636415.296889357,4844192.80258181
6933,81689066,2002374058,12/5/2022 5:00:00 AM,1505,INNISWOOD DR,HOWARTH AVE,56 m West of,Local,Scarborough,43.73823,-79.305957,Non Intersection,No Control,Clear,Daylight,Dry,Non-Fatal Injury,Pedestrian Collisions,Pedestrian,10 to 14,Major,,South,,,,,Pedestrian hit at mid-block,Running onto Roadway,Inattentive,,,,Yes,,Yes,,,,,Yes,,,,,,119,Wexford/Maryvale,119,Wexford/Maryvale (119),D41,636415.296889357,4844192.80258181
6934,81688492,2002431114,12/13/2022 5:00:00 AM,910,STEELES AVE W,KIPLING AVE,,Major Arterial,Etobicoke York,43.759535,-79.589862,At Intersection,Traffic Signal,Clear,Daylight,Dry,Fatal,Turning Movement,Driver,80 to 84,Fatal,50,North,"Automobile, Station Wagon",Turning Right,Improper Turn,Unknown,,,,,,,,,Yes,,Yes,,,Yes,,,,,,2,Mount Olive-Silverstone-Jamestown,2,Mount Olive-Silverstone-Jamestown (2),D23,613512.970581188,4846130.75353532
6935,81688493,2002431114,12/13/2022 5:00:00 AM,910,STEELES AVE W,KIPLING AVE,,Major Arterial,Etobicoke York,43.759535,-79.589862,At Intersection,Traffic Signal,Clear,Daylight,Dry,Fatal,Turning Movement,Driver,30 to 34,Minor,,West,"Automobile, Station Wagon",Going Ahead,Driving Properly,Normal,,,,,,,,,Yes,,Yes,,,Yes,,,,,,2,Mount Olive-Silverstone-Jamestown,2,Mount Olive-Silverstone-Jamestown (2),D23,613512.970581188,4846130.75353532
6936,81688494,2002431114,12/13/2022 5:00:00 AM,910,STEELES AVE W,KIPLING AVE,,Major Arterial,Etobicoke York,43.759535,-79.589862,At Intersection,Traffic Signal,Clear,Daylight,Dry,Fatal,Turning Movement,Passenger,0 to 4,Minor,,,,,,,,,,,,,,,Yes,,Yes,,,Yes,,,,,,2,Mount Olive-Silverstone-Jamestown,2,Mount Olive-Silverstone-Jamestown (2),D23,613512.970581188,4846130.75353532
6937,81688495,2002431114,12/13/2022 5:00:00 AM,910,STEELES AVE W,KIPLING AVE,,Major Arterial,Etobicoke York,43.759535,-79.589862,At Intersection,Traffic Signal,Clear,Daylight,Dry,Fatal,Turning Movement,Truck Driver,60 to 64,None,,East,Truck-Tractor,Going Ahead,Driving Properly,Normal,,,,,,,,,Yes,,Yes,,,Yes,,,,,,2,Mount Olive-Silverstone-Jamestown,2,Mount Olive-Silverstone-Jamestown (2),D23,613512.970581188,4846130.75353532
6938,81703587,2002473250,12/18/2022 5:00:00 AM,2228,LAKE SHORE BLVD E,LOWER JARVIS ST,1 m West of,Major Arterial,Toronto and East York,43.645507,-79.369792,At Intersection,Traffic Signal,Clear,"Dark, artificial",Dry,Non-Fatal Injury,Cyclist Collisions,Cyclist,40 to 44,Major,,South,Bicycle,Going Ahead,,,,,,"Cyclist without ROW rides into path of motorist at inter, lnwy, dwy-Cyclist not turn.",Disobeyed Traffic Control,Inattentive,,Yes,Yes,,,,,Yes,,,,,,166,St Lawrence-East Bayfront-The Islands,77,Waterfront Communities-The Island (77),D51,631477.296036041,4833791.49840152
6939,81703588,2002473250,12/18/2022 5:00:00 AM,2228,LAKE SHORE BLVD E,LOWER JARVIS ST,1 m West of,Major Arterial,Toronto and East York,43.645507,-79.369792,At Intersection,Traffic Signal,Clear,"Dark, artificial",Dry,Non-Fatal Injury,Cyclist Collisions,Driver,25 to 29,None,,East,"Automobile, Station Wagon",Going Ahead,Driving Properly,Normal,,,,,,,,Yes,Yes,,,,,Yes,,,,,,166,St Lawrence-East Bayfront-The Islands,77,Waterfront Communities-The Island (77),D51,631477.296036041,4833791.49840152
6940,81703589,2002473250,12/18/2022 5:00:00 AM,2228,LAKE SHORE BLVD E,LOWER JARVIS ST,1 m West of,Major Arterial,Toronto and East York,43.645507,-79.369792,At Intersection,Traffic Signal,Clear,"Dark, artificial",Dry,Non-Fatal Injury,Cyclist Collisions,Passenger,25 to 29,None,,,,,,,,,,,,,,Yes,Yes,,,,,Yes,,,,,,166,St Lawrence-East Bayfront-The Islands,77,Waterfront Communities-The Island (77),D51,631477.296036041,4833791.49840152
6941,81703590,2002473250,12/18/2022 5:00:00 AM,2228,LAKE SHORE BLVD E,LOWER JARVIS ST,1 m West of,Major Arterial,Toronto and East York,43.645507,-79.369792,At Intersection,Traffic Signal,Clear,"Dark, artificial",Dry,Non-Fatal Injury,Cyclist Collisions,Passenger,20 to 24,None,,,,,,,,,,,,,,Yes,Yes,,,,,Yes,,,,,,166,St Lawrence-East Bayfront-The Islands,77,Waterfront Communities-The Island (77),D51,631477.296036041,4833791.49840152
6942,81707389,2002476311,12/19/2022 5:00:00 AM,1047,MORNINGSIDE AVE,PAN AM DR,,,,43.792052,-79.195514,At Intersection,Traffic Signal,Clear,Daylight,Dry,Non-Fatal Injury,Turning Movement,Driver,85 to 89,Major,,North,"Automobile, Station Wagon",Going Ahead,Disobeyed Traffic Control,Medical or Physical Disability,,,,,,,,,Yes,,,,,Yes,,Yes,Yes,,Yes,134,Highland Creek,134,Highland Creek (134),D43,645178.724601813,4850358.36186382
6943,81707390,2002476311,12/19/2022 5:00:00 AM,1047,MORNINGSIDE AVE,PAN AM DR,,,,43.792052,-79.195514,At Intersection,Traffic Signal,Clear,Daylight,Dry,Non-Fatal Injury,Turning Movement,Driver,65 to 69,None,,East,"Automobile, Station Wagon",Turning Left,Driving Properly,Normal,,,,,,,,,Yes,,,,,Yes,,Yes,Yes,,Yes,134,Highland Creek,134,Highland Creek (134),D43,645178.724601813,4850358.36186382
6944,81707391,2002476311,12/19/2022 5:00:00 AM,1047,MORNINGSIDE AVE,PAN AM DR,,,,43.792052,-79.195514,At Intersection,Traffic Signal,Clear,Daylight,Dry,Non-Fatal Injury,Turning Movement,Passenger,0 to 4,None,,,,,,,,,,,,,,,Yes,,,,,Yes,,Yes,Yes,,Yes,134,Highland Creek,134,Highland Creek (134),D43,645178.724601813,4850358.36186382
6945,81703750,2002484301,12/20/2022 5:00:00 AM,1150,CARLINGVIEW DR,DIXON RD,45 m South o,Major Arterial,Etobicoke York,43.686248,-79.595363,Non Intersection,No Control,Clear,Daylight,Dry,Non-Fatal Injury,Sideswipe,Driver,20 to 24,Minor,,South,"Automobile, Station Wagon",Changing Lanes,Improper Passing,Inattentive,,,,,,,,,Yes,,,,,Yes,,Yes,,,,1,West Humber-Clairville,1,West Humber-Clairville (1),D23,613208.097018651,4837983.68786781
6946,81703751,2002484301,12/20/2022 5:00:00 AM,1150,CARLINGVIEW DR,DIXON RD,45 m South o,Major Arterial,Etobicoke York,43.686248,-79.595363,Non Intersection,No Control,Clear,Daylight,Dry,Non-Fatal Injury,Sideswipe,Driver,20 to 24,Minor,,South,"Automobile, Station Wagon",Going Ahead,Driving Properly,Normal,,,,,,,,,Yes,,,,,Yes,,Yes,,,,1,West Humber-Clairville,1,West Humber-Clairville (1),D23,613208.097018651,4837983.68786781
6947,81703752,2002484301,12/20/2022 5:00:00 AM,1150,CARLINGVIEW DR,DIXON RD,45 m South o,Major Arterial,Etobicoke York,43.686248,-79.595363,Non Intersection,No Control,Clear,Daylight,Dry,Non-Fatal Injury,Sideswipe,Driver,65 to 69,Minor,,South,"Automobile, Station Wagon",Going Ahead,Driving Properly,Normal,,,,,,,,,Yes,,,,,Yes,,Yes,,,,1,West Humber-Clairville,1,West Humber-Clairville (1),D23,613208.097018651,4837983.68786781
6948,81703753,2002484301,12/20/2022 5:00:00 AM,1150,CARLINGVIEW DR,DIXON RD,45 m South o,Major Arterial,Etobicoke York,43.686248,-79.595363,Non Intersection,No Control,Clear,Daylight,Dry,Non-Fatal Injury,Sideswipe,Passenger,20 to 24,Major,,,,,,,,,,,,,,,Yes,,,,,Yes,,Yes,,,,1,West Humber-Clairville,1,West Humber-Clairville (1),D23,613208.097018651,4837983.68786781
6949,81707651,2002522465,12/26/2022 5:00:00 AM,112,WESTON ROAD,BIRDSTONE CRESCENT,128 m South ,Major Shoreline,,43.673403,-79.468425,Non Intersection,No Control,Clear,"Dark, artificial",Wet,Non-Fatal Injury,SMV Other,Driver,15 to 19,Minor,,North,"Automobile, Station Wagon",Going Ahead,Lost control,Inattentive,,,,,,,,,Yes,,,,,Yes,,Yes,,,,90,Junction Area,90,Junction Area (90),D12,623465.216448099,4836738.18448125
6950,81707652,2002522465,12/26/2022 5:00:00 AM,112,WESTON ROAD,BIRDSTONE CRESCENT,128 m South ,Major Shoreline,,43.673403,-79.468425,Non Intersection,No Control,Clear,"Dark, artificial",Wet,Non-Fatal Injury,SMV Other,Passenger,20 to 24,Minor,,,,,,,,,,,,,,,Yes,,,,,Yes,,Yes,,,,90,Junction Area,90,Junction Area (90),D12,623465.216448099,4836738.18448125
6951,81707653,2002522465,12/26/2022 5:00:00 AM,112,WESTON ROAD,BIRDSTONE CRESCENT,128 m South ,Major Shoreline,,43.673403,-79.468425,Non Intersection,No Control,Clear,"Dark, artificial",Wet,Non-Fatal Injury,SMV Other,Passenger,20 to 24,Minor,,,,,,,,,,,,,,,Yes,,,,,Yes,,Yes,,,,90,Junction Area,90,Junction Area (90),D12,623465.216448099,4836738.18448125
6952,81707654,2002522465,12/26/2022 5:00:00 AM,112,WESTON ROAD,BIRDSTONE CRESCENT,128 m South ,Major Shoreline,,43.673403,-79.468425,Non Intersection,No Control,Clear,"Dark, artificial",Wet,Non-Fatal Injury,SMV Other,Passenger,20 to 24,Minor,,,,,,,,,,,,,,,Yes,,,,,Yes,,Yes,,,,90,Junction Area,90,Junction Area (90),D12,623465.216448099,4836738.18448125
6953,81707655,2002522465,12/26/2022 5:00:00 AM,112,WESTON ROAD,BIRDSTONE CRESCENT,128 m South ,Major Shoreline,,43.673403,-79.468425,Non Intersection,No Control,Clear,"Dark, artificial",Wet,Non-Fatal Injury,SMV Other,Passenger,15 to 19,Major,,,,,,,,,,,,,,,Yes,,,,,Yes,,Yes,,,,90,Junction Area,90,Junction Area (90),D12,623465.216448099,4836738.18448125
6954,81705133,3000013825,1/2/2023 5:00:00 AM,2334,BATHURST ST,HADDINGTON AVE,,Major Arterial,North York,43.732089,-79.432658,At Intersection,Stop Sign,Clear,"Dark, artificial",Wet,Non-Fatal Injury,Turning Movement,Driver,35 to 39,Minimal,,West,"Automobile, Station Wagon",Making U Turn,Improper Turn,Inattentive,,,,,,,,,Yes,,,Yes,,Yes,,Yes,,,,39,Bedford Park-Nortown,39,Bedford Park-Nortown (39),D32,626225.316566024,4843309.94000283