OBJECTID,INDEX,ACCNUM,DATE,TIME,STREET1,STREET2,OFFSET,ROAD_CLASS,DISTRICT,LATITUDE,LONGITUDE,ACCLOC,TRAFFCTL,VISIBILITY,LIGHT,RDSFCOND,ACCLASS,IMPACTYPE,INVTYPE,INVAGE,INJURY,FATAL_NO,INITDIR,VEHTYPE,MANOEUVER,DRIVACT,DRIVCOND,PEDTYPE,PEDACT,PEDCOND,CYCLISTYPE,CYCACT,CYCCOND,PEDESTRIAN,CYCLIST,AUTOMOBILE,MOTORCYCLE,TRUCK,TRSN_CITY_VEH,EMERG_VEH,PASSENGER,SPEEDING,AG_DRIV,REDLIGHT,ALCOHOL,DISABILITY,HOOD_158,NEIGHBOURHOOD_158,HOOD_140,NEIGHBOURHOOD_140,DIVISION,x,y
6955,81705134,3000013825,1/2/2023 5:00:00 AM,2334,BATHURST ST,HADDINGTON AVE,,Major Arterial,North York,43.732089,-79.432658,At Intersection,Stop Sign,Clear,"Dark, artificial",Wet,Non-Fatal Injury,Turning Movement,Driver,25 to 29,Major,,North,Municipal Transit Bus (TTC),Going Ahead,Driving Properly,Normal,,,,,,,,,Yes,,,Yes,,Yes,,Yes,,,,39,Bedford Park-Nortown,39,Bedford Park-Nortown (39),D32,626225.316566024,4843309.94000283
6956,81705135,3000013825,1/2/2023 5:00:00 AM,2334,BATHURST ST,HADDINGTON AVE,,Major Arterial,North York,43.732089,-79.432658,At Intersection,Stop Sign,Clear,"Dark, artificial",Wet,Non-Fatal Injury,Turning Movement,Passenger,10 to 14,Major,,,,,,,,,,,,,,,Yes,,,Yes,,Yes,,Yes,,,,39,Bedford Park-Nortown,39,Bedford Park-Nortown (39),D32,626225.316566024,4843309.94000283
6957,81705032,3000059883,1/9/2023 5:00:00 AM,104,QUEEN ST E,BOND ST,13 M EAST OF,Major Arterial,Toronto and East York,43.652865,-79.376819,Non Intersection,No Control,Clear,"Dark, artificial",Dry,Non-Fatal Injury,Approaching,Truck Driver,35 to 39,Major,,East,"Truck - Closed (Blazer, etc)",Going Ahead,Failed to Yield Right of Way,"Ability Impaired, Alcohol",,,,,,,,,,,Yes,Yes,,Yes,,Yes,,Yes,,168,Downtown Yonge East,75,Church-Yonge Corridor (75),D51,630894.573761681,4834597.59227795
6958,81705033,3000059883,1/9/2023 5:00:00 AM,104,QUEEN ST E,BOND ST,13 M EAST OF,Major Arterial,Toronto and East York,43.652865,-79.376819,Non Intersection,No Control,Clear,"Dark, artificial",Dry,Non-Fatal Injury,Approaching,Driver,45 to 49,None,,West,Street Car,Going Ahead,Driving Properly,Normal,,,,,,,,,,,Yes,Yes,,Yes,,Yes,,Yes,,168,Downtown Yonge East,75,Church-Yonge Corridor (75),D51,630894.573761681,4834597.59227795
6959,81705034,3000059883,1/9/2023 5:00:00 AM,104,QUEEN ST E,BOND ST,13 M EAST OF,Major Arterial,Toronto and East York,43.652865,-79.376819,Non Intersection,No Control,Clear,"Dark, artificial",Dry,Non-Fatal Injury,Approaching,Passenger,20 to 24,Minor,,,"Truck - Closed (Blazer, etc)",,,,,,,,,,,,,,Yes,Yes,,Yes,,Yes,,Yes,,168,Downtown Yonge East,75,Church-Yonge Corridor (75),D51,630894.573761681,4834597.59227795
6960,81805242,3000103787,1/14/2023 5:00:00 AM,1250,CELESTINE DR,51,5 m North of,,,43.689574,-79.560512,Non Intersection,No Control,Clear,Daylight,Dry,Non-Fatal Injury,SMV Other,Driver,75 to 79,Major,,North,"Automobile, Station Wagon",Going Ahead,Other,Medical or Physical Disability,,,,,,,,,Yes,,,,,Yes,,,,,Yes,7,Willowridge-Martingrove-Richview,7,Willowridge-Martingrove-Richview (7),D23,616010.556015057,4838401.2473972
6961,81805243,3000103787,1/14/2023 5:00:00 AM,1250,CELESTINE DR,51,5 m North of,,,43.689574,-79.560512,Non Intersection,No Control,Clear,Daylight,Dry,Non-Fatal Injury,SMV Other,Passenger,75 to 79,Minimal,,,,,,,,,,,,,,,Yes,,,,,Yes,,,,,Yes,7,Willowridge-Martingrove-Richview,7,Willowridge-Martingrove-Richview (7),D23,616010.556015057,4838401.2473972
6962,81704790,3000112044,1/15/2023 5:00:00 AM,1455,PHARMACY AV,KNIGHTSBRIDGE RD,,Minor Arterial,Scarborough,43.716071,-79.293628,At Intersection,Traffic Signal,Clear,Daylight,Dry,Non-Fatal Injury,Pedestrian Collisions,Driver,65 to 69,None,,West,"Automobile, Station Wagon",Turning Left,Failed to Yield Right of Way,Normal,,,,,,,Yes,,Yes,,,,,Yes,,Yes,,,,120,Clairlea-Birchmount,120,Clairlea-Birchmount (120),D41,637458.797517814,4841752.09385942
6963,81704791,3000112044,1/15/2023 5:00:00 AM,1455,PHARMACY AV,KNIGHTSBRIDGE RD,,Minor Arterial,Scarborough,43.716071,-79.293628,At Intersection,Traffic Signal,Clear,Daylight,Dry,Non-Fatal Injury,Pedestrian Collisions,Passenger,65 to 69,None,,,,,,,,,,,,,Yes,,Yes,,,,,Yes,,Yes,,,,120,Clairlea-Birchmount,120,Clairlea-Birchmount (120),D41,637458.797517814,4841752.09385942
6964,81704792,3000112044,1/15/2023 5:00:00 AM,1455,PHARMACY AV,KNIGHTSBRIDGE RD,,Minor Arterial,Scarborough,43.716071,-79.293628,At Intersection,Traffic Signal,Clear,Daylight,Dry,Non-Fatal Injury,Pedestrian Collisions,Pedestrian,65 to 69,Major,,South,"Automobile, Station Wagon",Unknown,,,Vehicle turns left while ped crosses with ROW at inter.,Crossing with right of way,Normal,,,,Yes,,Yes,,,,,Yes,,Yes,,,,120,Clairlea-Birchmount,120,Clairlea-Birchmount (120),D41,637458.797517814,4841752.09385942
6965,81705263,3000165513,1/22/2023 5:00:00 AM,108,DUFFERIN ST,AUBURN AV,100 m South ,Major Arterial,Scarborough,43.67504,-79.441814,Non Intersection,No Control,Clear,"Dark, artificial",Dry,Non-Fatal Injury,Rear End,Driver,25 to 29,Major,,North,"Automobile, Station Wagon",Overtaking,Improper Passing,Other,,,,,,,,,Yes,,,,,Yes,,Yes,,,,92,Corso Italia-Davenport,92,Corso Italia-Davenport (92),D13,625607.019882699,4836959.94758517
6966,81705264,3000165513,1/22/2023 5:00:00 AM,108,DUFFERIN ST,AUBURN AV,100 m South ,Major Arterial,Scarborough,43.67504,-79.441814,Non Intersection,No Control,Clear,"Dark, artificial",Dry,Non-Fatal Injury,Rear End,Passenger,35 to 39,Major,,,,,,,,,,,,,,,Yes,,,,,Yes,,Yes,,,,92,Corso Italia-Davenport,92,Corso Italia-Davenport (92),D13,625607.019882699,4836959.94758517
6967,81702435,3000188867,1/24/2023 5:00:00 AM,2359,THE WESTWAY,WINCOTT DR,,Minor Arterial,Etobicoke York,43.687297,-79.549693,Non Intersection,No Control,Clear,"Dark, artificial",Dry,Fatal,Pedestrian Collisions,Driver,85 to 89,None,,East,"Automobile, Station Wagon",Going Ahead,Driving Properly,Normal,,,,,,,Yes,,Yes,,,,,Yes,,,,,,7,Willowridge-Martingrove-Richview,7,Willowridge-Martingrove-Richview (7),D23,616886.904999864,4838163.54780949
6968,81702438,3000188867,1/24/2023 5:00:00 AM,2359,THE WESTWAY,WINCOTT DR,,Minor Arterial,Etobicoke York,43.687297,-79.549693,Non Intersection,No Control,Clear,"Dark, artificial",Dry,Fatal,Pedestrian Collisions,Pedestrian,55 to 59,Fatal,4,South,,,,,Pedestrian hit at mid-block,"Crossing, no Traffic Control",Inattentive,,,,Yes,,Yes,,,,,Yes,,,,,,7,Willowridge-Martingrove-Richview,7,Willowridge-Martingrove-Richview (7),D23,616886.904999864,4838163.54780949
6969,81705552,3000188867,1/24/2023 5:00:00 AM,2359,THE WESTWAY,WINCOTT DR,,Minor Arterial,Etobicoke York,43.687297,-79.549693,Non Intersection,No Control,Clear,"Dark, artificial",Dry,Fatal,Pedestrian Collisions,Passenger,80 to 84,None,,,,,,,,,,,,,Yes,,Yes,,,,,Yes,,,,,,7,Willowridge-Martingrove-Richview,7,Willowridge-Martingrove-Richview (7),D23,616886.904999864,4838163.54780949
6970,81706248,3000375558,2/17/2023 5:00:00 AM,30,SPADINA AV,DUNDAS ST W,,Major Arterial,Toronto and East York,43.652953,-79.398021,Intersection Related,Traffic Signal,Rain,"Dusk, artificial",Wet,Non-Fatal Injury,Pedestrian Collisions,Driver,20 to 24,None,,West,"Automobile, Station Wagon",Turning Left,Failed to Yield Right of Way,Normal,,,,,,,Yes,,Yes,,,,,Yes,,Yes,,,,78,Kensington-Chinatown,78,Kensington-Chinatown (78),D52,629184.621512558,4834574.13972818
6971,81706249,3000375558,2/17/2023 5:00:00 AM,30,SPADINA AV,DUNDAS ST W,,Major Arterial,Toronto and East York,43.652953,-79.398021,Intersection Related,Traffic Signal,Rain,"Dusk, artificial",Wet,Non-Fatal Injury,Pedestrian Collisions,Passenger,20 to 24,None,,,,,,,,,,,,,Yes,,Yes,,,,,Yes,,Yes,,,,78,Kensington-Chinatown,78,Kensington-Chinatown (78),D52,629184.621512558,4834574.13972818
6972,81706250,3000375558,2/17/2023 5:00:00 AM,30,SPADINA AV,DUNDAS ST W,,Major Arterial,Toronto and East York,43.652953,-79.398021,Intersection Related,Traffic Signal,Rain,"Dusk, artificial",Wet,Non-Fatal Injury,Pedestrian Collisions,Pedestrian,20 to 24,Minor,,North,"Automobile, Station Wagon",Unknown,,,Vehicle turns left while ped crosses with ROW at inter.,Crossing with right of way,Unknown,,,,Yes,,Yes,,,,,Yes,,Yes,,,,78,Kensington-Chinatown,78,Kensington-Chinatown (78),D52,629184.621512558,4834574.13972818
6973,81706251,3000375558,2/17/2023 5:00:00 AM,30,SPADINA AV,DUNDAS ST W,,Major Arterial,Toronto and East York,43.652953,-79.398021,Intersection Related,Traffic Signal,Rain,"Dusk, artificial",Wet,Non-Fatal Injury,Pedestrian Collisions,Pedestrian,20 to 24,Major,,North,"Automobile, Station Wagon",Unknown,,,Vehicle turns left while ped crosses with ROW at inter.,Crossing with right of way,Unknown,,,,Yes,,Yes,,,,,Yes,,Yes,,,,78,Kensington-Chinatown,78,Kensington-Chinatown (78),D52,629184.621512558,4834574.13972818
6974,81708285,3000572571,3/14/2023 4:00:00 AM,1234,BATHURST ST,NASSAU ST,5 m North of,Major Arterial,Toronto and East York,43.654292,-79.406802,Intersection Related,Traffic Signal,Clear,Daylight,Dry,Non-Fatal Injury,SMV Other,Driver,50 to 54,None,,North,Street Car,Slowing or Stopping,Driving Properly,Normal,,,,,,,,,,,,Yes,,Yes,,,,,,78,Kensington-Chinatown,78,Kensington-Chinatown (78),D14,628473.653499826,4834709.22033731
6975,81708286,3000572571,3/14/2023 4:00:00 AM,1234,BATHURST ST,NASSAU ST,5 m North of,Major Arterial,Toronto and East York,43.654292,-79.406802,Intersection Related,Traffic Signal,Clear,Daylight,Dry,Non-Fatal Injury,SMV Other,Passenger,40 to 44,Major,,,,,,,,,,,,,,,,,,Yes,,Yes,,,,,,78,Kensington-Chinatown,78,Kensington-Chinatown (78),D14,628473.653499826,4834709.22033731
6976,81708980,3000655372,3/24/2023 4:00:00 AM,2005,DUFFERIN ST,NORTON AVE,,Major Arterial,Toronto and East York,43.678755,-79.443347,Intersection Related,No Control,Clear,"Dark, artificial",Dry,Non-Fatal Injury,Turning Movement,Driver,20 to 24,Major,,South,Rickshaw,Going Ahead,Speed too Fast For Condition,Other,,,,,,,,,Yes,,,,,Yes,Yes,Yes,,,,92,Corso Italia-Davenport,92,Corso Italia-Davenport (92),D13,625475.698661818,4837370.22798076
6977,81708981,3000655372,3/24/2023 4:00:00 AM,2005,DUFFERIN ST,NORTON AVE,,Major Arterial,Toronto and East York,43.678755,-79.443347,Intersection Related,No Control,Clear,"Dark, artificial",Dry,Non-Fatal Injury,Turning Movement,Driver,50 to 54,None,,South,"Automobile, Station Wagon",Turning Right,Driving Properly,Normal,,,,,,,,,Yes,,,,,Yes,Yes,Yes,,,,92,Corso Italia-Davenport,92,Corso Italia-Davenport (92),D13,625475.698661818,4837370.22798076
6978,81708982,3000655372,3/24/2023 4:00:00 AM,2005,DUFFERIN ST,NORTON AVE,,Major Arterial,Toronto and East York,43.678755,-79.443347,Intersection Related,No Control,Clear,"Dark, artificial",Dry,Non-Fatal Injury,Turning Movement,Passenger,20 to 24,None,,,,,,,,,,,,,,,Yes,,,,,Yes,Yes,Yes,,,,92,Corso Italia-Davenport,92,Corso Italia-Davenport (92),D13,625475.698661818,4837370.22798076
6979,81708983,3000655372,3/24/2023 4:00:00 AM,2005,DUFFERIN ST,NORTON AVE,,Major Arterial,Toronto and East York,43.678755,-79.443347,Intersection Related,No Control,Clear,"Dark, artificial",Dry,Non-Fatal Injury,Turning Movement,Passenger,20 to 24,None,,,,,,,,,,,,,,,Yes,,,,,Yes,Yes,Yes,,,,92,Corso Italia-Davenport,92,Corso Italia-Davenport (92),D13,625475.698661818,4837370.22798076
6980,81708808,3000693299,3/29/2023 4:00:00 AM,1715,DON MILLS RD,OVERLEA BV,,Minor Arterial,Toronto and East York,43.710002,-79.334369,Intersection Related,Traffic Signal,Clear,Daylight,Dry,Non-Fatal Injury,Pedestrian Collisions,Driver,30 to 34,None,,South,"Automobile, Station Wagon",Turning Left,,Unknown,,,,,,,Yes,,Yes,,,,,Yes,,,,,,44,Flemingdon Park,44,Flemingdon Park (44),D55,634190.367266919,4841011.28249048
6981,81708809,3000693299,3/29/2023 4:00:00 AM,1715,DON MILLS RD,OVERLEA BV,,Minor Arterial,Toronto and East York,43.710002,-79.334369,Intersection Related,Traffic Signal,Clear,Daylight,Dry,Non-Fatal Injury,Pedestrian Collisions,Pedestrian,40 to 44,Major,,,,,,,Vehicle turns left while ped crosses with ROW at inter.,Crossing with right of way,Normal,,,,Yes,,Yes,,,,,Yes,,,,,,44,Flemingdon Park,44,Flemingdon Park (44),D55,634190.367266919,4841011.28249048
6982,81708810,3000693299,3/29/2023 4:00:00 AM,1715,DON MILLS RD,OVERLEA BV,,Minor Arterial,Toronto and East York,43.710002,-79.334369,Intersection Related,Traffic Signal,Clear,Daylight,Dry,Non-Fatal Injury,Pedestrian Collisions,Passenger,0 to 4,None,,,,,,,,,,,,,Yes,,Yes,,,,,Yes,,,,,,44,Flemingdon Park,44,Flemingdon Park (44),D55,634190.367266919,4841011.28249048
6983,81708288,3000700132,3/30/2023 4:00:00 AM,1400,LAWRENCE AV E,BELLAMY RD N,,Major Arterial,Scarborough,43.757727,-79.235233,Intersection Related,Traffic Signal,Clear,Daylight,Dry,Non-Fatal Injury,Turning Movement,Passenger,75 to 79,None,,,,,,,,,,,,,,,Yes,,,,,Yes,,Yes,Yes,,,141,Golfdale-Cedarbrae-Woburn,137,Woburn (137),D43,642064.383322373,4846477.12585714
6984,81708289,3000700132,3/30/2023 4:00:00 AM,1400,LAWRENCE AV E,BELLAMY RD N,,Major Arterial,Scarborough,43.757727,-79.235233,Intersection Related,Traffic Signal,Clear,Daylight,Dry,Non-Fatal Injury,Turning Movement,Driver,65 to 69,None,,North,"Automobile, Station Wagon",Turning Right,Driving Properly,Normal,,,,,,,,,Yes,,,,,Yes,,Yes,Yes,,,141,Golfdale-Cedarbrae-Woburn,137,Woburn (137),D43,642064.383322373,4846477.12585714
6985,81708290,3000700132,3/30/2023 4:00:00 AM,1400,LAWRENCE AV E,BELLAMY RD N,,Major Arterial,Scarborough,43.757727,-79.235233,Intersection Related,Traffic Signal,Clear,Daylight,Dry,Non-Fatal Injury,Turning Movement,Driver,15 to 19,Major,,East,Rickshaw,Going Ahead,Disobeyed Traffic Control,Normal,,,,,,,,,Yes,,,,,Yes,,Yes,Yes,,,141,Golfdale-Cedarbrae-Woburn,137,Woburn (137),D43,642064.383322373,4846477.12585714
6986,81708581,3000715851,4/1/2023 4:00:00 AM,1105,LAWRENCE AV E,MOSSBANK DR,2 m North of,Major Arterial,Scarborough,43.76287,-79.211017,Intersection Related,Traffic Signal,Clear,Daylight,Dry,Non-Fatal Injury,Pedestrian Collisions,Driver,65 to 69,None,,South,"Automobile, Station Wagon",Turning Left,Failed to Yield Right of Way,Other,,,,,,,Yes,,Yes,,,,,Yes,,Yes,,,,141,Golfdale-Cedarbrae-Woburn,137,Woburn (137),D43,644001.46455533,4847090.16134978
6987,81708582,3000715851,4/1/2023 4:00:00 AM,1105,LAWRENCE AV E,MOSSBANK DR,2 m North of,Major Arterial,Scarborough,43.76287,-79.211017,Intersection Related,Traffic Signal,Clear,Daylight,Dry,Non-Fatal Injury,Pedestrian Collisions,Passenger,0 to 4,None,,,,,,,,,,,,,Yes,,Yes,,,,,Yes,,Yes,,,,141,Golfdale-Cedarbrae-Woburn,137,Woburn (137),D43,644001.46455533,4847090.16134978
6988,81708583,3000715851,4/1/2023 4:00:00 AM,1105,LAWRENCE AV E,MOSSBANK DR,2 m North of,Major Arterial,Scarborough,43.76287,-79.211017,Intersection Related,Traffic Signal,Clear,Daylight,Dry,Non-Fatal Injury,Pedestrian Collisions,Pedestrian,60 to 64,Major,,,,,,,Vehicle turns left while ped crosses with ROW at inter.,Crossing with right of way,Normal,,,,Yes,,Yes,,,,,Yes,,Yes,,,,141,Golfdale-Cedarbrae-Woburn,137,Woburn (137),D43,644001.46455533,4847090.16134978
6989,81709385,3000862268,4/18/2023 4:00:00 AM,2305,ALBION RD,FINCH AVE W,,Major Arterial,Etobicoke York,43.741023,-79.589183,At Intersection,Traffic Signal,Clear,"Dark, artificial",Dry,Fatal,Rear End,Driver,60 to 64,Fatal,9,East,Passenger Van,Going Ahead,Driving Properly,Normal,,,,,,,,,Yes,,,,,Yes,Yes,Yes,,,,2,Mount Olive-Silverstone-Jamestown,2,Mount Olive-Silverstone-Jamestown (2),D23,613602.644926998,4844075.65962488
6990,81709387,3000862268,4/18/2023 4:00:00 AM,2305,ALBION RD,FINCH AVE W,,Major Arterial,Etobicoke York,43.741023,-79.589183,At Intersection,Traffic Signal,Clear,"Dark, artificial",Dry,Fatal,Rear End,Driver,35 to 39,Minor,,East,"Automobile, Station Wagon",Going Ahead,Exceeding Speed Limit,Other,,,,,,,,,Yes,,,,,Yes,Yes,Yes,,,,2,Mount Olive-Silverstone-Jamestown,2,Mount Olive-Silverstone-Jamestown (2),D23,613602.644926998,4844075.65962488
6991,81709388,3000862268,4/18/2023 4:00:00 AM,2305,ALBION RD,FINCH AVE W,,Major Arterial,Etobicoke York,43.741023,-79.589183,At Intersection,Traffic Signal,Clear,"Dark, artificial",Dry,Fatal,Rear End,Passenger,35 to 39,Minor,,East,"Automobile, Station Wagon",Going Ahead,,,,,,,,,,,Yes,,,,,Yes,Yes,Yes,,,,2,Mount Olive-Silverstone-Jamestown,2,Mount Olive-Silverstone-Jamestown (2),D23,613602.644926998,4844075.65962488
6992,81709389,3000862268,4/18/2023 4:00:00 AM,2305,ALBION RD,FINCH AVE W,,Major Arterial,Etobicoke York,43.741023,-79.589183,At Intersection,Traffic Signal,Clear,"Dark, artificial",Dry,Fatal,Rear End,Driver,50 to 54,Minor,,East,"Automobile, Station Wagon",Going Ahead,Driving Properly,Normal,,,,,,,,,Yes,,,,,Yes,Yes,Yes,,,,2,Mount Olive-Silverstone-Jamestown,2,Mount Olive-Silverstone-Jamestown (2),D23,613602.644926998,4844075.65962488
6993,81709390,3000862268,4/18/2023 4:00:00 AM,2305,ALBION RD,FINCH AVE W,,Major Arterial,Etobicoke York,43.741023,-79.589183,At Intersection,Traffic Signal,Clear,"Dark, artificial",Dry,Fatal,Rear End,Driver,65 to 69,Minimal,,East,Passenger Van,Slowing or Stopping,Driving Properly,Normal,,,,,,,,,Yes,,,,,Yes,Yes,Yes,,,,2,Mount Olive-Silverstone-Jamestown,2,Mount Olive-Silverstone-Jamestown (2),D23,613602.644926998,4844075.65962488
6994,81709391,3000965934,5/1/2023 4:00:00 AM,1055,BRIMLEY RD,LAWRENCE AVE E,,Major Arterial,Scarborough,43.753455,-79.255328,At Intersection,Traffic Signal,Clear,Daylight,Dry,Fatal,Turning Movement,Driver,60 to 64,Fatal,10,East,Passenger Van,Turning Left,Improper Turn,Normal,,,,,,,,,Yes,,,,,Yes,Yes,Yes,,,,157,Bendale South,127,Bendale (127),D43,640456.704336232,4845968.38008162
6995,81709392,3000965934,5/1/2023 4:00:00 AM,1055,BRIMLEY RD,LAWRENCE AVE E,,Major Arterial,Scarborough,43.753455,-79.255328,At Intersection,Traffic Signal,Clear,Daylight,Dry,Fatal,Turning Movement,Driver,15 to 19,Major,,West,"Automobile, Station Wagon",Going Ahead,Exceeding Speed Limit,Normal,,,,,,,,,Yes,,,,,Yes,Yes,Yes,,,,157,Bendale South,127,Bendale (127),D43,640456.704336232,4845968.38008162
6996,81709393,3000965934,5/1/2023 4:00:00 AM,1055,BRIMLEY RD,LAWRENCE AVE E,,Major Arterial,Scarborough,43.753455,-79.255328,At Intersection,Traffic Signal,Clear,Daylight,Dry,Fatal,Turning Movement,Passenger,15 to 19,Minor,,West,,,,,,,,,,,,,Yes,,,,,Yes,Yes,Yes,,,,157,Bendale South,127,Bendale (127),D43,640456.704336232,4845968.38008162
6997,81709394,3000965934,5/1/2023 4:00:00 AM,1055,BRIMLEY RD,LAWRENCE AVE E,,Major Arterial,Scarborough,43.753455,-79.255328,At Intersection,Traffic Signal,Clear,Daylight,Dry,Fatal,Turning Movement,Passenger,15 to 19,Minor,,West,,,,,,,,,,,,,Yes,,,,,Yes,Yes,Yes,,,,157,Bendale South,127,Bendale (127),D43,640456.704336232,4845968.38008162
6998,81746226,3001204708,5/28/2023 4:00:00 AM,1706,KEELE ST,SHEPPARD AV W,24 m West of,Major Arterial,North York,43.744734,-79.486705,Non Intersection,Traffic Signal,Clear,Daylight,Dry,Non-Fatal Injury,Pedestrian Collisions,Driver,35 to 39,None,,East,"Automobile, Station Wagon",Going Ahead,Driving Properly,Normal,,,,,,,Yes,,Yes,,,,,Yes,,,,,,155,Downsview,27,York University Heights (27),D31,621846.973296489,4844633.4386111
6999,81746227,3001204708,5/28/2023 4:00:00 AM,1706,KEELE ST,SHEPPARD AV W,24 m West of,Major Arterial,North York,43.744734,-79.486705,Non Intersection,Traffic Signal,Clear,Daylight,Dry,Non-Fatal Injury,Pedestrian Collisions,Pedestrian,45 to 49,Major,,North,,,,,Vehicle is going straight thru inter.while ped cross without ROW,Crossing without right of way,Normal,,,,Yes,,Yes,,,,,Yes,,,,,,155,Downsview,27,York University Heights (27),D31,621846.973296489,4844633.4386111
7000,81746228,3001204708,5/28/2023 4:00:00 AM,1706,KEELE ST,SHEPPARD AV W,24 m West of,Major Arterial,North York,43.744734,-79.486705,Non Intersection,Traffic Signal,Clear,Daylight,Dry,Non-Fatal Injury,Pedestrian Collisions,Passenger,35 to 39,None,,,"Automobile, Station Wagon",,,,,,,,,,Yes,,Yes,,,,,Yes,,,,,,155,Downsview,27,York University Heights (27),D31,621846.973296489,4844633.4386111
7001,81731846,3001205970,5/28/2023 4:00:00 AM,1927,SCARLETT RD,LOCKHEED BLVD,,Major Arterial,Etobicoke York,43.699637,-79.525035,At Intersection,No Control,Clear,Daylight,Dry,Fatal,Cyclist Collisions,Driver,20 to 24,None,,North,"Automobile, Station Wagon",Changing Lanes,Other,Normal,,,,,,,,Yes,Yes,,,,,Yes,,,,,,8,Humber Heights-Westmount,8,Humber Heights-Westmount (8),D23,618849.844269145,4839569.12106819
7002,81731847,3001205970,5/28/2023 4:00:00 AM,1927,SCARLETT RD,LOCKHEED BLVD,,Major Arterial,Etobicoke York,43.699637,-79.525035,At Intersection,No Control,Clear,Daylight,Dry,Fatal,Cyclist Collisions,Passenger,20 to 24,None,,North,"Automobile, Station Wagon",,,,,,,,,,,Yes,Yes,,,,,Yes,,,,,,8,Humber Heights-Westmount,8,Humber Heights-Westmount (8),D23,618849.844269145,4839569.12106819
7003,81738097,3001205970,5/28/2023 4:00:00 AM,1927,SCARLETT RD,LOCKHEED BLVD,,Major Arterial,Etobicoke York,43.699637,-79.525035,At Intersection,No Control,Clear,Daylight,Dry,Fatal,Cyclist Collisions,Cyclist,30 to 34,Fatal,14,North,Bicycle,Turning Left,,,,,,Cyclist and Driver travelling in same direction. One vehicle sideswipes the other.,Other,Normal,,Yes,Yes,,,,,Yes,,,,,,8,Humber Heights-Westmount,8,Humber Heights-Westmount (8),D23,618849.844269145,4839569.12106819
7004,81806878,3001239733,6/1/2023 4:00:00 AM,744,REXDALE BV,QUEEN'S PLATE DR,,,,43.716537,-79.592579,Intersection Related,Traffic Signal,Clear,Daylight,Dry,Non-Fatal Injury,Pedestrian Collisions,Truck Driver,50 to 54,None,,East,Truck-Tractor,Going Ahead,Driving Properly,Normal,,,,,,,Yes,,,,Yes,,,Yes,,,,,,1,West Humber-Clairville,1,West Humber-Clairville (1),D23,613375.374607899,4841351.4950017
7005,81806879,3001239733,6/1/2023 4:00:00 AM,744,REXDALE BV,QUEEN'S PLATE DR,,,,43.716537,-79.592579,Intersection Related,Traffic Signal,Clear,Daylight,Dry,Non-Fatal Injury,Pedestrian Collisions,Passenger,35 to 39,None,,,,,,,,,,,,,Yes,,,,Yes,,,Yes,,,,,,1,West Humber-Clairville,1,West Humber-Clairville (1),D23,613375.374607899,4841351.4950017
7006,81806880,3001239733,6/1/2023 4:00:00 AM,744,REXDALE BV,QUEEN'S PLATE DR,,,,43.716537,-79.592579,Intersection Related,Traffic Signal,Clear,Daylight,Dry,Non-Fatal Injury,Pedestrian Collisions,Pedestrian,10 to 14,Major,,,,,,,,,Unknown,,,,Yes,,,,Yes,,,Yes,,,,,,1,West Humber-Clairville,1,West Humber-Clairville (1),D23,613375.374607899,4841351.4950017
7007,81748554,3001286165,6/5/2023 4:00:00 AM,2155,SHERBOURNE ST,EARL ST,,Minor Arterial,Toronto and East York,43.668715,-79.375324,Other,Pedestrian Crossover,Clear,"Dark, artificial",Dry,Non-Fatal Injury,Pedestrian Collisions,Driver,60 to 64,None,,North,"Automobile, Station Wagon",Going Ahead,Driving Properly,Normal,,,,,,,Yes,,Yes,,,,,Yes,,,,,,74,North St.James Town,74,North St.James Town (74),D51,630980.662045333,4836360.30523064
7008,81748555,3001286165,6/5/2023 4:00:00 AM,2155,SHERBOURNE ST,EARL ST,,Minor Arterial,Toronto and East York,43.668715,-79.375324,Other,Pedestrian Crossover,Clear,"Dark, artificial",Dry,Non-Fatal Injury,Pedestrian Collisions,Passenger,70 to 74,None,,,,,,,,,,,,,Yes,,Yes,,,,,Yes,,,,,,74,North St.James Town,74,North St.James Town (74),D51,630980.662045333,4836360.30523064
7009,81748556,3001286165,6/5/2023 4:00:00 AM,2155,SHERBOURNE ST,EARL ST,,Minor Arterial,Toronto and East York,43.668715,-79.375324,Other,Pedestrian Crossover,Clear,"Dark, artificial",Dry,Non-Fatal Injury,Pedestrian Collisions,Passenger,70 to 74,None,,,,,,,,,,,,,Yes,,Yes,,,,,Yes,,,,,,74,North St.James Town,74,North St.James Town (74),D51,630980.662045333,4836360.30523064
7010,81748557,3001286165,6/5/2023 4:00:00 AM,2155,SHERBOURNE ST,EARL ST,,Minor Arterial,Toronto and East York,43.668715,-79.375324,Other,Pedestrian Crossover,Clear,"Dark, artificial",Dry,Non-Fatal Injury,Pedestrian Collisions,Pedestrian,65 to 69,Major,,,,,,,Pedestrian hit a PXO/ped. Mid-block signal,"Crossing, Pedestrian Crossover",Normal,,,,Yes,,Yes,,,,,Yes,,,,,,74,North St.James Town,74,North St.James Town (74),D51,630980.662045333,4836360.30523064