OBJECTID,INDEX,ACCNUM,DATE,TIME,STREET1,STREET2,OFFSET,ROAD_CLASS,DISTRICT,LATITUDE,LONGITUDE,ACCLOC,TRAFFCTL,VISIBILITY,LIGHT,RDSFCOND,ACCLASS,IMPACTYPE,INVTYPE,INVAGE,INJURY,FATAL_NO,INITDIR,VEHTYPE,MANOEUVER,DRIVACT,DRIVCOND,PEDTYPE,PEDACT,PEDCOND,CYCLISTYPE,CYCACT,CYCCOND,PEDESTRIAN,CYCLIST,AUTOMOBILE,MOTORCYCLE,TRUCK,TRSN_CITY_VEH,EMERG_VEH,PASSENGER,SPEEDING,AG_DRIV,REDLIGHT,ALCOHOL,DISABILITY,HOOD_158,NEIGHBOURHOOD_158,HOOD_140,NEIGHBOURHOOD_140,DIVISION,x,y
7011,81748629,3001301183,6/7/2023 4:00:00 AM,1411,SAWMILL RD,DOLORES RD,150 m South ,Local,North York,43.74713,-79.508724,Non Intersection,No Control,Clear,Daylight,Dry,Non-Fatal Injury,SMV Other,Truck Driver,60 to 64,Minor,,North,"Truck - Closed (Blazer, etc)",Turning Right,Speed too Fast For Condition,Normal,,,,,,,,,,,Yes,,,Yes,Yes,Yes,,,,25,Glenfield-Jane Heights,25,Glenfield-Jane Heights (25),D31,620069.250692014,4844867.3992825
7012,81748630,3001301183,6/7/2023 4:00:00 AM,1411,SAWMILL RD,DOLORES RD,150 m South ,Local,North York,43.74713,-79.508724,Non Intersection,No Control,Clear,Daylight,Dry,Non-Fatal Injury,SMV Other,Passenger,35 to 39,Major,,,,,,,,,,,,,,,,,Yes,,,Yes,Yes,Yes,,,,25,Glenfield-Jane Heights,25,Glenfield-Jane Heights (25),D31,620069.250692014,4844867.3992825
7013,81746691,3001342046,6/12/2023 4:00:00 AM,805,KIPLING AV,BURNHAMTHORPE RD,8 m South of,Major Arterial,Etobicoke York,43.650984,-79.539363,Intersection Related,Traffic Signal,Rain,Daylight,Wet,Non-Fatal Injury,Pedestrian Collisions,Driver,50 to 54,None,,South,"Automobile, Station Wagon",Going Ahead,Driving Properly,Normal,,,,,,,Yes,,Yes,,,,,Yes,,Yes,,,,158,Islington,14,Islington-City Centre West (14),D22,617790.46110927,4834145.12621173
7014,81746692,3001342046,6/12/2023 4:00:00 AM,805,KIPLING AV,BURNHAMTHORPE RD,8 m South of,Major Arterial,Etobicoke York,43.650984,-79.539363,Intersection Related,Traffic Signal,Rain,Daylight,Wet,Non-Fatal Injury,Pedestrian Collisions,Pedestrian,10 to 14,Major,,,,,,,Vehicle is going straight thru inter.while ped cross with ROW,Crossing without right of way,Normal,,,,Yes,,Yes,,,,,Yes,,Yes,,,,158,Islington,14,Islington-City Centre West (14),D22,617790.46110927,4834145.12621173
7015,81746693,3001342046,6/12/2023 4:00:00 AM,805,KIPLING AV,BURNHAMTHORPE RD,8 m South of,Major Arterial,Etobicoke York,43.650984,-79.539363,Intersection Related,Traffic Signal,Rain,Daylight,Wet,Non-Fatal Injury,Pedestrian Collisions,Passenger,15 to 19,None,,,,,,,,,,,,,Yes,,Yes,,,,,Yes,,Yes,,,,158,Islington,14,Islington-City Centre West (14),D22,617790.46110927,4834145.12621173
7016,81806037,3001396865,6/18/2023 4:00:00 AM,705,LAWRENCE AV E,PHARMACY AV,,,,43.743247,-79.304607,Intersection Related,Traffic Signal,Clear,Daylight,Dry,Non-Fatal Injury,Angle,Driver,65 to 69,Minimal,,South,"Automobile, Station Wagon",Going Ahead,Disobeyed Traffic Control,Normal,,,,,,,,,Yes,,,,,Yes,,Yes,Yes,,,119,Wexford/Maryvale,119,Wexford/Maryvale (119),D41,636512.605728376,4844752.23910633
7017,81806038,3001396865,6/18/2023 4:00:00 AM,705,LAWRENCE AV E,PHARMACY AV,,,,43.743247,-79.304607,Intersection Related,Traffic Signal,Clear,Daylight,Dry,Non-Fatal Injury,Angle,Driver,50 to 54,Minimal,,West,"Automobile, Station Wagon",Going Ahead,Driving Properly,Normal,,,,,,,,,Yes,,,,,Yes,,Yes,Yes,,,119,Wexford/Maryvale,119,Wexford/Maryvale (119),D41,636512.605728376,4844752.23910633
7018,81806039,3001396865,6/18/2023 4:00:00 AM,705,LAWRENCE AV E,PHARMACY AV,,,,43.743247,-79.304607,Intersection Related,Traffic Signal,Clear,Daylight,Dry,Non-Fatal Injury,Angle,Passenger,60 to 64,Major,,,,,,,,,,,,,,,Yes,,,,,Yes,,Yes,Yes,,,119,Wexford/Maryvale,119,Wexford/Maryvale (119),D41,636512.605728376,4844752.23910633
7019,81806040,3001396865,6/18/2023 4:00:00 AM,705,LAWRENCE AV E,PHARMACY AV,,,,43.743247,-79.304607,Intersection Related,Traffic Signal,Clear,Daylight,Dry,Non-Fatal Injury,Angle,Passenger,20 to 24,Minimal,,,,,,,,,,,,,,,Yes,,,,,Yes,,Yes,Yes,,,119,Wexford/Maryvale,119,Wexford/Maryvale (119),D41,636512.605728376,4844752.23910633
7020,81739296,3001492664,6/28/2023 4:00:00 AM,914,WESTON RD,CORONADO CT,95 m North o,Major Arterial,North York,43.740245,-79.53976,Intersection Related,Traffic Signal,Clear,Daylight,Dry,Non-Fatal Injury,SMV Other,Driver,25 to 29,None,,North,Intercity Bus,Slowing or Stopping,Driving Properly,Normal,,,,,,,,,,,,Yes,,Yes,,,,,,22,Humbermede,22,Humbermede (22),D31,617583.864035869,4844058.20550786
7021,81739297,3001492664,6/28/2023 4:00:00 AM,914,WESTON RD,CORONADO CT,95 m North o,Major Arterial,North York,43.740245,-79.53976,Intersection Related,Traffic Signal,Clear,Daylight,Dry,Non-Fatal Injury,SMV Other,Passenger,70 to 74,Major,,,,,,,,,,,,,,,,,,Yes,,Yes,,,,,,22,Humbermede,22,Humbermede (22),D31,617583.864035869,4844058.20550786
7022,81746180,3001494486,6/28/2023 4:00:00 AM,1230,LAKE SHORE BV E,LOWER JARVIS ST,4 m North of,Major Arterial,Toronto and East York,43.645548,-79.369792,Intersection Related,Traffic Signal,Clear,Daylight,Dry,Non-Fatal Injury,Turning Movement,Driver,80 to 84,None,,East,"Automobile, Station Wagon",Turning Right,Disobeyed Traffic Control,Other,,,,,,,,,Yes,,,,,Yes,,Yes,Yes,,,166,St Lawrence-East Bayfront-The Islands,77,Waterfront Communities-The Island (77),D51,631477.206589647,4833796.05198699
7023,81746181,3001494486,6/28/2023 4:00:00 AM,1230,LAKE SHORE BV E,LOWER JARVIS ST,4 m North of,Major Arterial,Toronto and East York,43.645548,-79.369792,Intersection Related,Traffic Signal,Clear,Daylight,Dry,Non-Fatal Injury,Turning Movement,Driver,25 to 29,Major,,East,Passenger Van,Turning Right,Driving Properly,Normal,,,,,,,,,Yes,,,,,Yes,,Yes,Yes,,,166,St Lawrence-East Bayfront-The Islands,77,Waterfront Communities-The Island (77),D51,631477.206589647,4833796.05198699
7024,81746182,3001494486,6/28/2023 4:00:00 AM,1230,LAKE SHORE BV E,LOWER JARVIS ST,4 m North of,Major Arterial,Toronto and East York,43.645548,-79.369792,Intersection Related,Traffic Signal,Clear,Daylight,Dry,Non-Fatal Injury,Turning Movement,Passenger,50 to 54,None,,,,,,,,,,,,,,,Yes,,,,,Yes,,Yes,Yes,,,166,St Lawrence-East Bayfront-The Islands,77,Waterfront Communities-The Island (77),D51,631477.206589647,4833796.05198699
7025,81746183,3001494486,6/28/2023 4:00:00 AM,1230,LAKE SHORE BV E,LOWER JARVIS ST,4 m North of,Major Arterial,Toronto and East York,43.645548,-79.369792,Intersection Related,Traffic Signal,Clear,Daylight,Dry,Non-Fatal Injury,Turning Movement,Passenger,15 to 19,None,,,,,,,,,,,,,,,Yes,,,,,Yes,,Yes,Yes,,,166,St Lawrence-East Bayfront-The Islands,77,Waterfront Communities-The Island (77),D51,631477.206589647,4833796.05198699
7026,81746184,3001494486,6/28/2023 4:00:00 AM,1230,LAKE SHORE BV E,LOWER JARVIS ST,4 m North of,Major Arterial,Toronto and East York,43.645548,-79.369792,Intersection Related,Traffic Signal,Clear,Daylight,Dry,Non-Fatal Injury,Turning Movement,Passenger,80 to 84,None,,,,,,,,,,,,,,,Yes,,,,,Yes,,Yes,Yes,,,166,St Lawrence-East Bayfront-The Islands,77,Waterfront Communities-The Island (77),D51,631477.206589647,4833796.05198699
7027,81806972,3001553842,7/5/2023 4:00:00 AM,235,EGLINTON AV W,OAKWOOD AV,83 m West of,,,43.697086,-79.443744,Non Intersection,Traffic Signal,Clear,"Dark, artificial",Dry,Non-Fatal Injury,Turning Movement,Driver,35 to 39,None,,West,"Automobile, Station Wagon",Turning Left,Driving Properly,Normal,,,,,,,,,Yes,Yes,,,,Yes,,,,,,107,Oakwood Village,107,Oakwood Village (107),D13,625405.491749535,4839405.53491275
7028,81806973,3001553842,7/5/2023 4:00:00 AM,235,EGLINTON AV W,OAKWOOD AV,83 m West of,,,43.697086,-79.443744,Non Intersection,Traffic Signal,Clear,"Dark, artificial",Dry,Non-Fatal Injury,Turning Movement,Motorcycle Driver,35 to 39,None,,West,Motorcycle,Going Ahead,,Unknown,,,,,,,,,Yes,Yes,,,,Yes,,,,,,107,Oakwood Village,107,Oakwood Village (107),D13,625405.491749535,4839405.53491275
7029,81806974,3001553842,7/5/2023 4:00:00 AM,235,EGLINTON AV W,OAKWOOD AV,83 m West of,,,43.697086,-79.443744,Non Intersection,Traffic Signal,Clear,"Dark, artificial",Dry,Non-Fatal Injury,Turning Movement,Motorcycle Passenger,20 to 24,Major,,,,,,,,,,,,,,,Yes,Yes,,,,Yes,,,,,,107,Oakwood Village,107,Oakwood Village (107),D13,625405.491749535,4839405.53491275
7030,81747494,3001556354,7/5/2023 4:00:00 AM,1028,WESTON RD,HIGHWAY 401 X W,,Major Arterial ,North York,43.713393,-79.536151,Intersection Related,Traffic Signal,Clear,Daylight,Dry,Non-Fatal Injury,Cyclist Collisions,Driver,50 to 54,None,,West,"Automobile, Station Wagon",Turning Right,Improper Turn,Other,,,,,,,,Yes,Yes,,,,,Yes,,,,,,23,Pelmo Park-Humberlea,23,Pelmo Park-Humberlea (23),D31,617927.154766797,4841081.04004802
7031,81747495,3001556354,7/5/2023 4:00:00 AM,1028,WESTON RD,HIGHWAY 401 X W,,Major Arterial ,North York,43.713393,-79.536151,Intersection Related,Traffic Signal,Clear,Daylight,Dry,Non-Fatal Injury,Cyclist Collisions,Cyclist,20 to 24,Major,,South,Bicycle,Going Ahead,,,,,,Motorist turning right on green or amber at signalized intersection strikes cyclist.,Driving Properly,Normal,,Yes,Yes,,,,,Yes,,,,,,23,Pelmo Park-Humberlea,23,Pelmo Park-Humberlea (23),D31,617927.154766797,4841081.04004802
7032,81747496,3001556354,7/5/2023 4:00:00 AM,1028,WESTON RD,HIGHWAY 401 X W,,Major Arterial ,North York,43.713393,-79.536151,Intersection Related,Traffic Signal,Clear,Daylight,Dry,Non-Fatal Injury,Cyclist Collisions,Passenger,80 to 84,None,,,,,,,,,,,,,,Yes,Yes,,,,,Yes,,,,,,23,Pelmo Park-Humberlea,23,Pelmo Park-Humberlea (23),D31,617927.154766797,4841081.04004802
7033,81746422,3001598176,7/9/2023 4:00:00 AM,2318,WILLIAM R ALLEN RD,SHEPPARD AVE W,36 m South o,Major Arterial,North York,43.750254,-79.463359,Intersection Related,Traffic Signal,Clear,"Dark, artificial",Dry,Non-Fatal Injury,Turning Movement,Driver,30 to 34,None,,North,Municipal Transit Bus (TTC),Turning Left,Driving Properly,Normal,,,,,,,,,Yes,,,Yes,,Yes,,Yes,Yes,,,155,Downsview,27,York University Heights (27),D32,623715.381925081,4845281.11797586
7034,81746423,3001598176,7/9/2023 4:00:00 AM,2318,WILLIAM R ALLEN RD,SHEPPARD AVE W,36 m South o,Major Arterial,North York,43.750254,-79.463359,Intersection Related,Traffic Signal,Clear,"Dark, artificial",Dry,Non-Fatal Injury,Turning Movement,Passenger,20 to 24,None,,,,,,,,,,,,,,,Yes,,,Yes,,Yes,,Yes,Yes,,,155,Downsview,27,York University Heights (27),D32,623715.381925081,4845281.11797586
7035,81746424,3001598176,7/9/2023 4:00:00 AM,2318,WILLIAM R ALLEN RD,SHEPPARD AVE W,36 m South o,Major Arterial,North York,43.750254,-79.463359,Intersection Related,Traffic Signal,Clear,"Dark, artificial",Dry,Non-Fatal Injury,Turning Movement,Driver,20 to 24,Major,,South,"Automobile, Station Wagon",Going Ahead,Disobeyed Traffic Control,Other,,,,,,,,,Yes,,,Yes,,Yes,,Yes,Yes,,,155,Downsview,27,York University Heights (27),D32,623715.381925081,4845281.11797586
7036,81807186,3001627049,7/13/2023 4:00:00 AM,1020,1085 ROYAL YORK RD,THE KINGSWAY,200 m South ,,,43.654132,-79.514278,Non Intersection,Stop Sign,Clear,Daylight,Dry,Non-Fatal Injury,SMV Other,Driver,50 to 54,None,,North,Municipal Transit Bus (TTC),Slowing or Stopping,Driving Properly,Normal,,,,,,,,,,,,Yes,,Yes,,,,,,15,Kingsway South,15,Kingsway South (15),D22,619807.153277501,4834530.66310103
7037,81807187,3001627049,7/13/2023 4:00:00 AM,1020,1085 ROYAL YORK RD,THE KINGSWAY,200 m South ,,,43.654132,-79.514278,Non Intersection,Stop Sign,Clear,Daylight,Dry,Non-Fatal Injury,SMV Other,Passenger,75 to 79,Major,,,,,,,,,,,,,,,,,,Yes,,Yes,,,,,,15,Kingsway South,15,Kingsway South (15),D22,619807.153277501,4834530.66310103
7038,81754638,3001644736,7/15/2023 4:00:00 AM,1135,DANFORTH RD,TRUDELLE ST,,Major Arterial,Scarborough,43.739924,-79.245502,Intersection Related,Traffic Signal,Clear,Daylight,Wet,Non-Fatal Injury,Turning Movement,Driver,60 to 64,None,,South,Pick Up Truck,Turning Left,Improper Turn,Normal,,,,,,,,,Yes,Yes,,,,Yes,,Yes,,,,138,Eglinton East,138,Eglinton East (138),D43,641279.597341663,4844482.26728587
7039,81754639,3001644736,7/15/2023 4:00:00 AM,1135,DANFORTH RD,TRUDELLE ST,,Major Arterial,Scarborough,43.739924,-79.245502,Intersection Related,Traffic Signal,Clear,Daylight,Wet,Non-Fatal Injury,Turning Movement,Motorcycle Driver,20 to 24,Minor,,North,Motorcycle,Going Ahead,Driving Properly,Normal,,,,,,,,,Yes,Yes,,,,Yes,,Yes,,,,138,Eglinton East,138,Eglinton East (138),D43,641279.597341663,4844482.26728587
7040,81754640,3001644736,7/15/2023 4:00:00 AM,1135,DANFORTH RD,TRUDELLE ST,,Major Arterial,Scarborough,43.739924,-79.245502,Intersection Related,Traffic Signal,Clear,Daylight,Wet,Non-Fatal Injury,Turning Movement,Motorcycle Passenger,20 to 24,Major,,,,,,,,,,,,,,,Yes,Yes,,,,Yes,,Yes,,,,138,Eglinton East,138,Eglinton East (138),D43,641279.597341663,4844482.26728587
7041,81747265,3001688296,7/20/2023 4:00:00 AM,1427,YONGE ST,CHAPLIN CR,8 m North of,Major Arterial,Toronto and East York,43.698306,-79.396602,Intersection Related,Traffic Signal,Clear,Daylight,Dry,Non-Fatal Injury,Pedestrian Collisions,Driver,35 to 39,None,,South,Passenger Van,Going Ahead,Lost control,Normal,,,,,,,Yes,,Yes,,,,,Yes,Yes,Yes,,,,174,South Eglinton-Davisville,104,Mount Pleasant West (104),D53,629201.682845845,4839613.41410571
7042,81747266,3001688296,7/20/2023 4:00:00 AM,1427,YONGE ST,CHAPLIN CR,8 m North of,Major Arterial,Toronto and East York,43.698306,-79.396602,Intersection Related,Traffic Signal,Clear,Daylight,Dry,Non-Fatal Injury,Pedestrian Collisions,Passenger,30 to 34,None,,,,,,,,,,,,,Yes,,Yes,,,,,Yes,Yes,Yes,,,,174,South Eglinton-Davisville,104,Mount Pleasant West (104),D53,629201.682845845,4839613.41410571
7043,81747267,3001688296,7/20/2023 4:00:00 AM,1427,YONGE ST,CHAPLIN CR,8 m North of,Major Arterial,Toronto and East York,43.698306,-79.396602,Intersection Related,Traffic Signal,Clear,Daylight,Dry,Non-Fatal Injury,Pedestrian Collisions,Pedestrian,45 to 49,Major,,,,,,,Vehicle is going straight thru inter.while ped cross with ROW,On Sidewalk or Shoulder,Normal,,,,Yes,,Yes,,,,,Yes,Yes,Yes,,,,174,South Eglinton-Davisville,104,Mount Pleasant West (104),D53,629201.682845845,4839613.41410571
7044,81747872,3001713995,7/23/2023 4:00:00 AM,1400,SIMCOE ST,NELSON ST,10 m West of,Collector,Toronto and East York,43.649031,-79.386791,At/Near Private Drive,,Clear,Daylight,Dry,Non-Fatal Injury,Pedestrian Collisions,Driver,25 to 29,None,,West,Delivery Van,Going Ahead,Driving Properly,Normal,,,,,,,Yes,,Yes,,,,,Yes,,,,,,164,Wellington Place,77,Waterfront Communities-The Island (77),D52,630098.693335489,4834156.09452788
7045,81747873,3001713995,7/23/2023 4:00:00 AM,1400,SIMCOE ST,NELSON ST,10 m West of,Collector,Toronto and East York,43.649031,-79.386791,At/Near Private Drive,,Clear,Daylight,Dry,Non-Fatal Injury,Pedestrian Collisions,Pedestrian,35 to 39,Major,,West,,Going Ahead,,,Pedestrian hit at private driveway,Other,Other,,,,Yes,,Yes,,,,,Yes,,,,,,164,Wellington Place,77,Waterfront Communities-The Island (77),D52,630098.693335489,4834156.09452788
7046,81747874,3001713995,7/23/2023 4:00:00 AM,1400,SIMCOE ST,NELSON ST,10 m West of,Collector,Toronto and East York,43.649031,-79.386791,At/Near Private Drive,,Clear,Daylight,Dry,Non-Fatal Injury,Pedestrian Collisions,Passenger,20 to 24,None,,,,,,,,,,,,,Yes,,Yes,,,,,Yes,,,,,,164,Wellington Place,77,Waterfront Communities-The Island (77),D52,630098.693335489,4834156.09452788
7047,81748383,3001717343,7/23/2023 4:00:00 AM,2331,KEELE ST,TORO RD,,Major Arterial,North York,43.759829,-79.490047,Intersection Related,Traffic Signal,Clear,"Dark, artificial",Dry,Non-Fatal Injury,Rear End,Driver,20 to 24,Minor,,South,"Automobile, Station Wagon",Stopped,Driving Properly,Normal,,,,,,,,,Yes,,,,,Yes,,,,,,27,York University Heights,27,York University Heights (27),D31,621547.320016998,4846305.05006327
7048,81748384,3001717343,7/23/2023 4:00:00 AM,2331,KEELE ST,TORO RD,,Major Arterial,North York,43.759829,-79.490047,Intersection Related,Traffic Signal,Clear,"Dark, artificial",Dry,Non-Fatal Injury,Rear End,Passenger,10 to 14,Minor,,,,,,,,,,,,,,,Yes,,,,,Yes,,,,,,27,York University Heights,27,York University Heights (27),D31,621547.320016998,4846305.05006327
7049,81748385,3001717343,7/23/2023 4:00:00 AM,2331,KEELE ST,TORO RD,,Major Arterial,North York,43.759829,-79.490047,Intersection Related,Traffic Signal,Clear,"Dark, artificial",Dry,Non-Fatal Injury,Rear End,Passenger,5 to 9,Major,,,,,,,,,,,,,,,Yes,,,,,Yes,,,,,,27,York University Heights,27,York University Heights (27),D31,621547.320016998,4846305.05006327
7050,81748386,3001717343,7/23/2023 4:00:00 AM,2331,KEELE ST,TORO RD,,Major Arterial,North York,43.759829,-79.490047,Intersection Related,Traffic Signal,Clear,"Dark, artificial",Dry,Non-Fatal Injury,Rear End,Passenger,35 to 39,None,,,,,,,,,,,,,,,Yes,,,,,Yes,,,,,,27,York University Heights,27,York University Heights (27),D31,621547.320016998,4846305.05006327
7051,81806756,3001751416,7/27/2023 4:00:00 AM,2322,MARKHAM RD,BLAKEMANOR BV,66 m North o,Major Arterial,Scarborough,43.751025,-79.222263,Non Intersection,,Clear,"Dark, artificial",Dry,Non-Fatal Injury,Rear End,Driver,20 to 24,Major,,North,"Automobile, Station Wagon",Changing Lanes,Exceeding Speed Limit,Had Been Drinking,,,,,,,,,Yes,,,,,Yes,Yes,Yes,,,,141,Golfdale-Cedarbrae-Woburn,137,Woburn (137),D43,643124.463066202,4845755.0962195
7052,81806757,3001751416,7/27/2023 4:00:00 AM,2322,MARKHAM RD,BLAKEMANOR BV,66 m North o,Major Arterial,Scarborough,43.751025,-79.222263,Non Intersection,,Clear,"Dark, artificial",Dry,Non-Fatal Injury,Rear End,Driver,25 to 29,Minimal,,North,"Automobile, Station Wagon",Going Ahead,Driving Properly,Unknown,,,,,,,,,Yes,,,,,Yes,Yes,Yes,,,,141,Golfdale-Cedarbrae-Woburn,137,Woburn (137),D43,643124.463066202,4845755.0962195
7053,81806758,3001751416,7/27/2023 4:00:00 AM,2322,MARKHAM RD,BLAKEMANOR BV,66 m North o,Major Arterial,Scarborough,43.751025,-79.222263,Non Intersection,,Clear,"Dark, artificial",Dry,Non-Fatal Injury,Rear End,Driver,30 to 34,Minimal,,South,"Automobile, Station Wagon",Going Ahead,Driving Properly,Normal,,,,,,,,,Yes,,,,,Yes,Yes,Yes,,,,141,Golfdale-Cedarbrae-Woburn,137,Woburn (137),D43,643124.463066202,4845755.0962195
7054,81806759,3001751416,7/27/2023 4:00:00 AM,2322,MARKHAM RD,BLAKEMANOR BV,66 m North o,Major Arterial,Scarborough,43.751025,-79.222263,Non Intersection,,Clear,"Dark, artificial",Dry,Non-Fatal Injury,Rear End,Driver,45 to 49,None,,South,"Automobile, Station Wagon",Going Ahead,Driving Properly,Normal,,,,,,,,,Yes,,,,,Yes,Yes,Yes,,,,141,Golfdale-Cedarbrae-Woburn,137,Woburn (137),D43,643124.463066202,4845755.0962195
7055,81806760,3001751416,7/27/2023 4:00:00 AM,2322,MARKHAM RD,BLAKEMANOR BV,66 m North o,Major Arterial,Scarborough,43.751025,-79.222263,Non Intersection,,Clear,"Dark, artificial",Dry,Non-Fatal Injury,Rear End,Passenger,55 to 59,Major,,,,,,,,,,,,,,,Yes,,,,,Yes,Yes,Yes,,,,141,Golfdale-Cedarbrae-Woburn,137,Woburn (137),D43,643124.463066202,4845755.0962195
7056,81748198,3001831500,8/6/2023 4:00:00 AM,1534,STEELES AVE W,EMERALD LANE,,Major Arterial,North York,43.793448,-79.440997,Intersection Related,Traffic Signal,Clear,Daylight,Dry,Non-Fatal Injury,Turning Movement,Driver,45 to 49,None,,West,"Automobile, Station Wagon",Turning Left,Improper Turn,Normal,,,,,,,,,Yes,Yes,,,,Yes,,,,,,36,Newtonbrook West,36,Newtonbrook West (36),D32,625425.443523097,4850112.10755374
7057,81748199,3001831500,8/6/2023 4:00:00 AM,1534,STEELES AVE W,EMERALD LANE,,Major Arterial,North York,43.793448,-79.440997,Intersection Related,Traffic Signal,Clear,Daylight,Dry,Non-Fatal Injury,Turning Movement,Motorcycle Driver,25 to 29,Major,,East,Motorcycle,Going Ahead,,Unknown,,,,,,,,,Yes,Yes,,,,Yes,,,,,,36,Newtonbrook West,36,Newtonbrook West (36),D32,625425.443523097,4850112.10755374
7058,81748200,3001831500,8/6/2023 4:00:00 AM,1534,STEELES AVE W,EMERALD LANE,,Major Arterial,North York,43.793448,-79.440997,Intersection Related,Traffic Signal,Clear,Daylight,Dry,Non-Fatal Injury,Turning Movement,Passenger,50 to 54,None,,,,,,,,,,,,,,,Yes,Yes,,,,Yes,,,,,,36,Newtonbrook West,36,Newtonbrook West (36),D32,625425.443523097,4850112.10755374
7059,81748201,3001831500,8/6/2023 4:00:00 AM,1534,STEELES AVE W,EMERALD LANE,,Major Arterial,North York,43.793448,-79.440997,Intersection Related,Traffic Signal,Clear,Daylight,Dry,Non-Fatal Injury,Turning Movement,Passenger,5 to 9,None,,,,,,,,,,,,,,,Yes,Yes,,,,Yes,,,,,,36,Newtonbrook West,36,Newtonbrook West (36),D32,625425.443523097,4850112.10755374
7060,81748202,3001831500,8/6/2023 4:00:00 AM,1534,STEELES AVE W,EMERALD LANE,,Major Arterial,North York,43.793448,-79.440997,Intersection Related,Traffic Signal,Clear,Daylight,Dry,Non-Fatal Injury,Turning Movement,Passenger,15 to 19,None,,,,,,,,,,,,,,,Yes,Yes,,,,Yes,,,,,,36,Newtonbrook West,36,Newtonbrook West (36),D32,625425.443523097,4850112.10755374
7061,81748687,3001857549,8/9/2023 4:00:00 AM,2039,BLOOR ST W,ST GEORGE ST,55 m South o,Minor Arterial,,43.667041,-79.399646,Non Intersection,Traffic Signal,Clear,Dark,Dry,Non-Fatal Injury,Cyclist Collisions,Driver,40 to 44,None,,North,"Automobile, Station Wagon",Stopped,Driving Properly,Normal,,,,,,,,Yes,Yes,,,,,Yes,,,,,,79,University,79,University (79),D52,629023.399562836,4836136.27012921
7062,81748688,3001857549,8/9/2023 4:00:00 AM,2039,BLOOR ST W,ST GEORGE ST,55 m South o,Minor Arterial,,43.667041,-79.399646,Non Intersection,Traffic Signal,Clear,Dark,Dry,Non-Fatal Injury,Cyclist Collisions,Cyclist,20 to 24,Major,,North,Bicycle,Going Ahead,,,,,,Insufficient information (to determine cyclist crash type).,Driving Properly,Normal,,Yes,Yes,,,,,Yes,,,,,,79,University,79,University (79),D52,629023.399562836,4836136.27012921
7063,81748689,3001857549,8/9/2023 4:00:00 AM,2039,BLOOR ST W,ST GEORGE ST,55 m South o,Minor Arterial,,43.667041,-79.399646,Non Intersection,Traffic Signal,Clear,Dark,Dry,Non-Fatal Injury,Cyclist Collisions,Passenger,20 to 24,None,,,,,,,,,,,,,,Yes,Yes,,,,,Yes,,,,,,79,University,79,University (79),D52,629023.399562836,4836136.27012921
7064,81807319,3001860153,8/10/2023 4:00:00 AM,750,STEELES AV E,MCCOWAN RD,100 m West o,,,43.830779,-79.27634,Non Intersection,No Control,Clear,Daylight,Dry,Non-Fatal Injury,Rear End,Driver,35 to 39,Major,,West,"Automobile, Station Wagon",Going Ahead,Lost control,Other,,,,,,,,,Yes,,,,,Yes,,,,,,NSA,NSA,NSA,NSA,D42,638586.241094406,4854521.02283378
7065,81807320,3001860153,8/10/2023 4:00:00 AM,750,STEELES AV E,MCCOWAN RD,100 m West o,,,43.830779,-79.27634,Non Intersection,No Control,Clear,Daylight,Dry,Non-Fatal Injury,Rear End,Driver,55 to 59,None,,West,"Automobile, Station Wagon",Going Ahead,Driving Properly,Normal,,,,,,,,,Yes,,,,,Yes,,,,,,NSA,NSA,NSA,NSA,D42,638586.241094406,4854521.02283378
7066,81807321,3001860153,8/10/2023 4:00:00 AM,750,STEELES AV E,MCCOWAN RD,100 m West o,,,43.830779,-79.27634,Non Intersection,No Control,Clear,Daylight,Dry,Non-Fatal Injury,Rear End,Driver,25 to 29,Major,,East,"Automobile, Station Wagon",Going Ahead,Driving Properly,Normal,,,,,,,,,Yes,,,,,Yes,,,,,,NSA,NSA,NSA,NSA,D42,638586.241094406,4854521.02283378
7067,81807322,3001860153,8/10/2023 4:00:00 AM,750,STEELES AV E,MCCOWAN RD,100 m West o,,,43.830779,-79.27634,Non Intersection,No Control,Clear,Daylight,Dry,Non-Fatal Injury,Rear End,Passenger,50 to 54,Major,,,,,,,,,,,,,,,Yes,,,,,Yes,,,,,,NSA,NSA,NSA,NSA,D42,638586.241094406,4854521.02283378
7068,81749565,3001922494,8/17/2023 4:00:00 AM,2036,EGLINTON AV E,MARKHAM RD,6 m East of,Major Arterial,Scarborough,43.743186,-79.218883,Intersection Related,Traffic Signal,Clear,"Dusk, artificial",Dry,Non-Fatal Injury,Pedestrian Collisions,Driver,45 to 49,None,,East,"Automobile, Station Wagon",Going Ahead,Driving Properly,Normal,,,,,,,Yes,,Yes,,,,,Yes,,,,,,139,Scarborough Village,139,Scarborough Village (139),D43,643415.308957208,4844890.30174005