OBJECTID,INDEX,ACCNUM,DATE,TIME,STREET1,STREET2,OFFSET,ROAD_CLASS,DISTRICT,LATITUDE,LONGITUDE,ACCLOC,TRAFFCTL,VISIBILITY,LIGHT,RDSFCOND,ACCLASS,IMPACTYPE,INVTYPE,INVAGE,INJURY,FATAL_NO,INITDIR,VEHTYPE,MANOEUVER,DRIVACT,DRIVCOND,PEDTYPE,PEDACT,PEDCOND,CYCLISTYPE,CYCACT,CYCCOND,PEDESTRIAN,CYCLIST,AUTOMOBILE,MOTORCYCLE,TRUCK,TRSN_CITY_VEH,EMERG_VEH,PASSENGER,SPEEDING,AG_DRIV,REDLIGHT,ALCOHOL,DISABILITY,HOOD_158,NEIGHBOURHOOD_158,HOOD_140,NEIGHBOURHOOD_140,DIVISION,x,y
7069,81749566,3001922494,8/17/2023 4:00:00 AM,2036,EGLINTON AV E,MARKHAM RD,6 m East of,Major Arterial,Scarborough,43.743186,-79.218883,Intersection Related,Traffic Signal,Clear,"Dusk, artificial",Dry,Non-Fatal Injury,Pedestrian Collisions,Passenger,10 to 14,None,,,,,,,,,,,,,Yes,,Yes,,,,,Yes,,,,,,139,Scarborough Village,139,Scarborough Village (139),D43,643415.308957208,4844890.30174005
7070,81749567,3001922494,8/17/2023 4:00:00 AM,2036,EGLINTON AV E,MARKHAM RD,6 m East of,Major Arterial,Scarborough,43.743186,-79.218883,Intersection Related,Traffic Signal,Clear,"Dusk, artificial",Dry,Non-Fatal Injury,Pedestrian Collisions,Pedestrian,45 to 49,Major,,,,,,,Vehicle is going straight thru inter.while ped cross without ROW,Crossing marked crosswalk without ROW,Had Been Drinking,,,,Yes,,Yes,,,,,Yes,,,,,,139,Scarborough Village,139,Scarborough Village (139),D43,643415.308957208,4844890.30174005
7071,81750823,3001923294,8/17/2023 4:00:00 AM,2246,F G GARDINER XY E,ISLINGTON AV,275 m West o,Expressway,Etobicoke York,43.619677,-79.5163,Non Intersection,No Control,Rain,"Dark, artificial",Wet,Non-Fatal Injury,Rear End,Driver,20 to 24,None,,East,"Automobile, Station Wagon",Going Ahead,Speed too Fast For Condition,"Ability Impaired, Alcohol Over .08",,,,,,,,,Yes,,,,,Yes,Yes,Yes,,Yes,,160,Mimico-Queensway,17,Mimico (includes Humber Bay Shores) (17),D22,619712.497835337,4830701.0863965
7072,81750824,3001923294,8/17/2023 4:00:00 AM,2246,F G GARDINER XY E,ISLINGTON AV,275 m West o,Expressway,Etobicoke York,43.619677,-79.5163,Non Intersection,No Control,Rain,"Dark, artificial",Wet,Non-Fatal Injury,Rear End,Driver,25 to 29,Major,,East,Passenger Van,Going Ahead,Driving Properly,Normal,,,,,,,,,Yes,,,,,Yes,Yes,Yes,,Yes,,160,Mimico-Queensway,17,Mimico (includes Humber Bay Shores) (17),D22,619712.497835337,4830701.0863965
7073,81750825,3001923294,8/17/2023 4:00:00 AM,2246,F G GARDINER XY E,ISLINGTON AV,275 m West o,Expressway,Etobicoke York,43.619677,-79.5163,Non Intersection,No Control,Rain,"Dark, artificial",Wet,Non-Fatal Injury,Rear End,Driver,30 to 34,Minimal,,East,Passenger Van,Going Ahead,Driving Properly,Normal,,,,,,,,,Yes,,,,,Yes,Yes,Yes,,Yes,,160,Mimico-Queensway,17,Mimico (includes Humber Bay Shores) (17),D22,619712.497835337,4830701.0863965
7074,81750826,3001923294,8/17/2023 4:00:00 AM,2246,F G GARDINER XY E,ISLINGTON AV,275 m West o,Expressway,Etobicoke York,43.619677,-79.5163,Non Intersection,No Control,Rain,"Dark, artificial",Wet,Non-Fatal Injury,Rear End,Passenger,20 to 24,Minimal,,,,,,,,,,,,,,,Yes,,,,,Yes,Yes,Yes,,Yes,,160,Mimico-Queensway,17,Mimico (includes Humber Bay Shores) (17),D22,619712.497835337,4830701.0863965
7075,81750827,3001923294,8/17/2023 4:00:00 AM,2246,F G GARDINER XY E,ISLINGTON AV,275 m West o,Expressway,Etobicoke York,43.619677,-79.5163,Non Intersection,No Control,Rain,"Dark, artificial",Wet,Non-Fatal Injury,Rear End,Passenger,25 to 29,Minimal,,,,,,,,,,,,,,,Yes,,,,,Yes,Yes,Yes,,Yes,,160,Mimico-Queensway,17,Mimico (includes Humber Bay Shores) (17),D22,619712.497835337,4830701.0863965
7076,81748916,3001940328,8/20/2023 4:00:00 AM,305,BAY ST,BLOOR ST,9 m South of,Major Arterial,Toronto and East York,43.669673,-79.389476,Intersection Related,Traffic Signal,Clear,Dark,Dry,Non-Fatal Injury,Pedestrian Collisions,Driver,25 to 29,None,,South,"Automobile, Station Wagon",Going Ahead,Driving Properly,Normal,,,,,,,Yes,,Yes,,,,,Yes,Yes,Yes,,,,169,Bay-Cloverhill,95,Annex (95),D52,629837.656536057,4836444.45642858
7077,81748917,3001940328,8/20/2023 4:00:00 AM,305,BAY ST,BLOOR ST,9 m South of,Major Arterial,Toronto and East York,43.669673,-79.389476,Intersection Related,Traffic Signal,Clear,Dark,Dry,Non-Fatal Injury,Pedestrian Collisions,Passenger,20 to 24,None,,,,,,,,,,,,,Yes,,Yes,,,,,Yes,Yes,Yes,,,,169,Bay-Cloverhill,95,Annex (95),D52,629837.656536057,4836444.45642858
7078,81748918,3001940328,8/20/2023 4:00:00 AM,305,BAY ST,BLOOR ST,9 m South of,Major Arterial,Toronto and East York,43.669673,-79.389476,Intersection Related,Traffic Signal,Clear,Dark,Dry,Non-Fatal Injury,Pedestrian Collisions,Pedestrian,50 to 54,Major,,,,,,,Vehicle is going straight thru inter.while ped cross without ROW,Crossing without right of way,Normal,,,,Yes,,Yes,,,,,Yes,Yes,Yes,,,,169,Bay-Cloverhill,95,Annex (95),D52,629837.656536057,4836444.45642858
7079,81750171,3001969077,8/23/2023 4:00:00 AM,1733,DIXON RD,CITY VIEW DR,60 m East of,Major Arterial,Etobicoke York,43.690383,-79.57632,At/Near Private Drive,Traffic Signal,Clear,Daylight,Dry,Non-Fatal Injury,Pedestrian Collisions,Driver,50 to 54,None,,North,Pick Up Truck,Turning Left,Improper Turn,Normal,,,,,,,Yes,,Yes,,,,,Yes,,,,,,1,West Humber-Clairville,1,West Humber-Clairville (1),D23,614735.013272413,4838469.10510947
7080,81750172,3001969077,8/23/2023 4:00:00 AM,1733,DIXON RD,CITY VIEW DR,60 m East of,Major Arterial,Etobicoke York,43.690383,-79.57632,At/Near Private Drive,Traffic Signal,Clear,Daylight,Dry,Non-Fatal Injury,Pedestrian Collisions,Passenger,40 to 44,None,,,,,,,,,,,,,Yes,,Yes,,,,,Yes,,,,,,1,West Humber-Clairville,1,West Humber-Clairville (1),D23,614735.013272413,4838469.10510947
7081,81750173,3001969077,8/23/2023 4:00:00 AM,1733,DIXON RD,CITY VIEW DR,60 m East of,Major Arterial,Etobicoke York,43.690383,-79.57632,At/Near Private Drive,Traffic Signal,Clear,Daylight,Dry,Non-Fatal Injury,Pedestrian Collisions,Pedestrian,60 to 64,Major,,,,,,,Pedestrian hit at mid-block,Crossing without right of way,Normal,,,,Yes,,Yes,,,,,Yes,,,,,,1,West Humber-Clairville,1,West Humber-Clairville (1),D23,614735.013272413,4838469.10510947
7082,81749829,3001982879,8/25/2023 4:00:00 AM,1144,ROYAL YORK RD,CAVELL AVE,45 m North o,Minor Arterial,Etobicoke York,43.615023,-79.497913,Non Intersection,No Control,Clear,Daylight,Dry,Non-Fatal Injury,Cyclist Collisions,Driver,55 to 59,None,,North,"Automobile, Station Wagon",Stopped,Driving Properly,Normal,,,,,,,,Yes,Yes,,,,,Yes,,,,,,160,Mimico-Queensway,17,Mimico (includes Humber Bay Shores) (17),D22,621205.418050271,4830210.87625514
7083,81749830,3001982879,8/25/2023 4:00:00 AM,1144,ROYAL YORK RD,CAVELL AVE,45 m North o,Minor Arterial,Etobicoke York,43.615023,-79.497913,Non Intersection,No Control,Clear,Daylight,Dry,Non-Fatal Injury,Cyclist Collisions,Cyclist,55 to 59,Major,,North,Bicycle,Going Ahead,,,,,,Cyclist struck opened vehicle door,Driving Properly,Normal,,Yes,Yes,,,,,Yes,,,,,,160,Mimico-Queensway,17,Mimico (includes Humber Bay Shores) (17),D22,621205.418050271,4830210.87625514
7084,81749831,3001982879,8/25/2023 4:00:00 AM,1144,ROYAL YORK RD,CAVELL AVE,45 m North o,Minor Arterial,Etobicoke York,43.615023,-79.497913,Non Intersection,No Control,Clear,Daylight,Dry,Non-Fatal Injury,Cyclist Collisions,Passenger,50 to 54,None,,,,,,,,,,,,,,Yes,Yes,,,,,Yes,,,,,,160,Mimico-Queensway,17,Mimico (includes Humber Bay Shores) (17),D22,621205.418050271,4830210.87625514
7085,81754815,3001985783,8/25/2023 4:00:00 AM,1757,KINGSTON RD,MANSE RD,,Major Arterial,Scarborough,43.774863,-79.177943,Intersection Related,Traffic Signal,Clear,Daylight,Dry,Non-Fatal Injury,Turning Movement,Driver,65 to 69,None,,East,"Automobile, Station Wagon",Turning Left,Improper Turn,Normal,,,,,,,,,Yes,,,,,Yes,,,,,,136,West Hill,136,West Hill (136),D43,646634.428138332,4848480.22001378
7086,81754816,3001985783,8/25/2023 4:00:00 AM,1757,KINGSTON RD,MANSE RD,,Major Arterial,Scarborough,43.774863,-79.177943,Intersection Related,Traffic Signal,Clear,Daylight,Dry,Non-Fatal Injury,Turning Movement,Driver,20 to 24,Major,,West,"Automobile, Station Wagon",Going Ahead,Driving Properly,Normal,,,,,,,,,Yes,,,,,Yes,,,,,,136,West Hill,136,West Hill (136),D43,646634.428138332,4848480.22001378
7087,81754817,3001985783,8/25/2023 4:00:00 AM,1757,KINGSTON RD,MANSE RD,,Major Arterial,Scarborough,43.774863,-79.177943,Intersection Related,Traffic Signal,Clear,Daylight,Dry,Non-Fatal Injury,Turning Movement,Passenger,15 to 19,None,,,,,,,,,,,,,,,Yes,,,,,Yes,,,,,,136,West Hill,136,West Hill (136),D43,646634.428138332,4848480.22001378
7088,81754818,3001985783,8/25/2023 4:00:00 AM,1757,KINGSTON RD,MANSE RD,,Major Arterial,Scarborough,43.774863,-79.177943,Intersection Related,Traffic Signal,Clear,Daylight,Dry,Non-Fatal Injury,Turning Movement,Passenger,0 to 4,Minimal,,,,,,,,,,,,,,,Yes,,,,,Yes,,,,,,136,West Hill,136,West Hill (136),D43,646634.428138332,4848480.22001378
7089,81750625,3002057635,9/3/2023 4:00:00 AM,1400,DUFFERIN ST,DUFFERIN PARK AV,,Major Arterial,Toronto and East York,43.65713,-79.434284,Intersection Related,Traffic Signal,Clear,Daylight,Dry,Non-Fatal Injury,Pedestrian Collisions,Driver,85 to 89,None,,East,"Automobile, Station Wagon",Turning Right,Improper Turn,Normal,,,,,,,Yes,,Yes,,,,,Yes,,,,,,83,Dufferin Grove,83,Dufferin Grove (83),D14,626251.567341481,4834982.23472901
7090,81750626,3002057635,9/3/2023 4:00:00 AM,1400,DUFFERIN ST,DUFFERIN PARK AV,,Major Arterial,Toronto and East York,43.65713,-79.434284,Intersection Related,Traffic Signal,Clear,Daylight,Dry,Non-Fatal Injury,Pedestrian Collisions,Passenger,80 to 84,None,,,,,,,,,,,,,Yes,,Yes,,,,,Yes,,,,,,83,Dufferin Grove,83,Dufferin Grove (83),D14,626251.567341481,4834982.23472901
7091,81750627,3002057635,9/3/2023 4:00:00 AM,1400,DUFFERIN ST,DUFFERIN PARK AV,,Major Arterial,Toronto and East York,43.65713,-79.434284,Intersection Related,Traffic Signal,Clear,Daylight,Dry,Non-Fatal Injury,Pedestrian Collisions,Pedestrian,20 to 24,Major,,,,,,,Vehicle turns right while ped crosses with ROW at inter.,Crossing with right of way,Normal,,,,Yes,,Yes,,,,,Yes,,,,,,83,Dufferin Grove,83,Dufferin Grove (83),D14,626251.567341481,4834982.23472901
7092,81749486,3002077507,9/5/2023 4:00:00 AM,1648,DOLLEY VARDEN BLVD,ELLESMERE RD,100 m South ,Collector,Scarborough,43.774878,-79.234638,Non Intersection,No Control,Clear,Daylight,Dry,Non-Fatal Injury,SMV Other,Driver,20 to 24,Major,,North,"Automobile, Station Wagon",Going Ahead,Driving Properly,Normal,,,,,,,,,Yes,,,,,Yes,,,,,,142,Woburn North,137,Woburn (137),D43,642071.670291477,4848383.03230946
7093,81749487,3002077507,9/5/2023 4:00:00 AM,1648,DOLLEY VARDEN BLVD,ELLESMERE RD,100 m South ,Collector,Scarborough,43.774878,-79.234638,Non Intersection,No Control,Clear,Daylight,Dry,Non-Fatal Injury,SMV Other,Passenger,20 to 24,None,,,,,,,,,,,,,,,Yes,,,,,Yes,,,,,,142,Woburn North,137,Woburn (137),D43,642071.670291477,4848383.03230946
7094,81749864,3002086345,9/6/2023 4:00:00 AM,2030,BRIMLEY RD,STEELES AV E,16 m East of,Major Arterial,Scarborough,43.82828,-79.287181,Intersection Related,Traffic Signal,Clear,Dusk,Dry,Non-Fatal Injury,,Driver,25 to 29,Minor,,West,"Automobile, Station Wagon",Changing Lanes,Driving Properly,Normal,,,,,,,,,Yes,,,,,Yes,Yes,Yes,,,,130,Milliken,130,Milliken (130),D42,637720.338291376,4854225.35940294
7095,81749865,3002086345,9/6/2023 4:00:00 AM,2030,BRIMLEY RD,STEELES AV E,16 m East of,Major Arterial,Scarborough,43.82828,-79.287181,Intersection Related,Traffic Signal,Clear,Dusk,Dry,Non-Fatal Injury,,Driver,20 to 24,Major,,West,"Automobile, Station Wagon",Going Ahead,Exceeding Speed Limit,Normal,,,,,,,,,Yes,,,,,Yes,Yes,Yes,,,,130,Milliken,130,Milliken (130),D42,637720.338291376,4854225.35940294
7096,81749866,3002086345,9/6/2023 4:00:00 AM,2030,BRIMLEY RD,STEELES AV E,16 m East of,Major Arterial,Scarborough,43.82828,-79.287181,Intersection Related,Traffic Signal,Clear,Dusk,Dry,Non-Fatal Injury,,Driver,70 to 74,None,,West,"Automobile, Station Wagon",Turning Left,Driving Properly,Normal,,,,,,,,,Yes,,,,,Yes,Yes,Yes,,,,130,Milliken,130,Milliken (130),D42,637720.338291376,4854225.35940294
7097,81749867,3002086345,9/6/2023 4:00:00 AM,2030,BRIMLEY RD,STEELES AV E,16 m East of,Major Arterial,Scarborough,43.82828,-79.287181,Intersection Related,Traffic Signal,Clear,Dusk,Dry,Non-Fatal Injury,,Driver,25 to 29,None,,West,"Automobile, Station Wagon",Turning Left,Driving Properly,Normal,,,,,,,,,Yes,,,,,Yes,Yes,Yes,,,,130,Milliken,130,Milliken (130),D42,637720.338291376,4854225.35940294
7098,81749868,3002086345,9/6/2023 4:00:00 AM,2030,BRIMLEY RD,STEELES AV E,16 m East of,Major Arterial,Scarborough,43.82828,-79.287181,Intersection Related,Traffic Signal,Clear,Dusk,Dry,Non-Fatal Injury,,Driver,25 to 29,Minimal,,West,"Automobile, Station Wagon",Going Ahead,Driving Properly,Normal,,,,,,,,,Yes,,,,,Yes,Yes,Yes,,,,130,Milliken,130,Milliken (130),D42,637720.338291376,4854225.35940294
7099,81749869,3002086345,9/6/2023 4:00:00 AM,2030,BRIMLEY RD,STEELES AV E,16 m East of,Major Arterial,Scarborough,43.82828,-79.287181,Intersection Related,Traffic Signal,Clear,Dusk,Dry,Non-Fatal Injury,,Driver,60 to 64,Minor,,West,Pick Up Truck,Going Ahead,Driving Properly,Normal,,,,,,,,,Yes,,,,,Yes,Yes,Yes,,,,130,Milliken,130,Milliken (130),D42,637720.338291376,4854225.35940294
7100,81749870,3002086345,9/6/2023 4:00:00 AM,2030,BRIMLEY RD,STEELES AV E,16 m East of,Major Arterial,Scarborough,43.82828,-79.287181,Intersection Related,Traffic Signal,Clear,Dusk,Dry,Non-Fatal Injury,,Passenger,70 to 74,Minor,,,,,,,,,,,,,,,Yes,,,,,Yes,Yes,Yes,,,,130,Milliken,130,Milliken (130),D42,637720.338291376,4854225.35940294
7101,81749871,3002086345,9/6/2023 4:00:00 AM,2030,BRIMLEY RD,STEELES AV E,16 m East of,Major Arterial,Scarborough,43.82828,-79.287181,Intersection Related,Traffic Signal,Clear,Dusk,Dry,Non-Fatal Injury,,Passenger,25 to 29,None,,,,,,,,,,,,,,,Yes,,,,,Yes,Yes,Yes,,,,130,Milliken,130,Milliken (130),D42,637720.338291376,4854225.35940294
7102,81749872,3002086345,9/6/2023 4:00:00 AM,2030,BRIMLEY RD,STEELES AV E,16 m East of,Major Arterial,Scarborough,43.82828,-79.287181,Intersection Related,Traffic Signal,Clear,Dusk,Dry,Non-Fatal Injury,,Passenger,20 to 24,Minor,,,,,,,,,,,,,,,Yes,,,,,Yes,Yes,Yes,,,,130,Milliken,130,Milliken (130),D42,637720.338291376,4854225.35940294
7103,81750274,3002103400,9/8/2023 4:00:00 AM,1853,STEELES AV W,KIPLING AV,200 m East o,Major Arterial,Etobicoke York,43.760035,-79.587451,Non Intersection,No Control,Clear,Dark,Dry,Non-Fatal Injury,Approaching,Driver,50 to 54,Major,,West,"Automobile, Station Wagon",Going Ahead,Lost control,Normal,,,,,,,,,Yes,,,,,Yes,,Yes,,,,2,Mount Olive-Silverstone-Jamestown,2,Mount Olive-Silverstone-Jamestown (2),D23,613706.104871303,4846189.59301703
7104,81750275,3002103400,9/8/2023 4:00:00 AM,1853,STEELES AV W,KIPLING AV,200 m East o,Major Arterial,Etobicoke York,43.760035,-79.587451,Non Intersection,No Control,Clear,Dark,Dry,Non-Fatal Injury,Approaching,Driver,50 to 54,Minor,,East,"Automobile, Station Wagon",Going Ahead,Driving Properly,Normal,,,,,,,,,Yes,,,,,Yes,,Yes,,,,2,Mount Olive-Silverstone-Jamestown,2,Mount Olive-Silverstone-Jamestown (2),D23,613706.104871303,4846189.59301703
7105,81750276,3002103400,9/8/2023 4:00:00 AM,1853,STEELES AV W,KIPLING AV,200 m East o,Major Arterial,Etobicoke York,43.760035,-79.587451,Non Intersection,No Control,Clear,Dark,Dry,Non-Fatal Injury,Approaching,Driver,60 to 64,None,,East,"Automobile, Station Wagon",Going Ahead,Driving Properly,Normal,,,,,,,,,Yes,,,,,Yes,,Yes,,,,2,Mount Olive-Silverstone-Jamestown,2,Mount Olive-Silverstone-Jamestown (2),D23,613706.104871303,4846189.59301703
7106,81750277,3002103400,9/8/2023 4:00:00 AM,1853,STEELES AV W,KIPLING AV,200 m East o,Major Arterial,Etobicoke York,43.760035,-79.587451,Non Intersection,No Control,Clear,Dark,Dry,Non-Fatal Injury,Approaching,Passenger,50 to 54,Minor,,,,,,,,,,,,,,,Yes,,,,,Yes,,Yes,,,,2,Mount Olive-Silverstone-Jamestown,2,Mount Olive-Silverstone-Jamestown (2),D23,613706.104871303,4846189.59301703
7107,81771890,3002139943,9/13/2023 4:00:00 AM,858,KEELE ST,WILSON AVE,,Major Arterial,North York,43.726645,-79.482044,Intersection Related,Traffic Signal,Clear,Daylight,Dry,Non-Fatal Injury,,Driver,35 to 39,None,,North,"Bus (Other) (Go Bus, Gray Coa",Going Ahead,Following too Close,Normal,,,,,,,,,Yes,,,Yes,,Yes,,Yes,,,,155,Downsview,26,Downsview-Roding-CFB (26),D31,622259.074826311,4842631.26058305
7108,81771891,3002139943,9/13/2023 4:00:00 AM,858,KEELE ST,WILSON AVE,,Major Arterial,North York,43.726645,-79.482044,Intersection Related,Traffic Signal,Clear,Daylight,Dry,Non-Fatal Injury,,Driver,35 to 39,None,,North,"Automobile, Station Wagon",Slowing or Stopping,Driving Properly,Normal,,,,,,,,,Yes,,,Yes,,Yes,,Yes,,,,155,Downsview,26,Downsview-Roding-CFB (26),D31,622259.074826311,4842631.26058305
7109,81771892,3002139943,9/13/2023 4:00:00 AM,858,KEELE ST,WILSON AVE,,Major Arterial,North York,43.726645,-79.482044,Intersection Related,Traffic Signal,Clear,Daylight,Dry,Non-Fatal Injury,,Passenger,60 to 64,Major,,,,,,,,,,,,,,,Yes,,,Yes,,Yes,,Yes,,,,155,Downsview,26,Downsview-Roding-CFB (26),D31,622259.074826311,4842631.26058305
7110,81807148,3002144420,9/13/2023 4:00:00 AM,1838,ISLINGTON AV,SPRINGBROOK GS,9 m West of,,,43.640681,-79.521702,Intersection Related,Stop Sign,Clear,"Dark, artificial",Dry,Non-Fatal Injury,Turning Movement,Driver,30 to 34,Minor,,North,"Automobile, Station Wagon",Going Ahead,Exceeding Speed Limit,Normal,,,,,,,,,Yes,,,,,Yes,Yes,Yes,,,,16,Stonegate-Queensway,16,Stonegate-Queensway (16),D22,619235.094305892,4833026.0668251
7111,81807149,3002144420,9/13/2023 4:00:00 AM,1838,ISLINGTON AV,SPRINGBROOK GS,9 m West of,,,43.640681,-79.521702,Intersection Related,Stop Sign,Clear,"Dark, artificial",Dry,Non-Fatal Injury,Turning Movement,Driver,40 to 44,None,,West,"Automobile, Station Wagon",Turning Left,Driving Properly,Normal,,,,,,,,,Yes,,,,,Yes,Yes,Yes,,,,16,Stonegate-Queensway,16,Stonegate-Queensway (16),D22,619235.094305892,4833026.0668251
7112,81807150,3002144420,9/13/2023 4:00:00 AM,1838,ISLINGTON AV,SPRINGBROOK GS,9 m West of,,,43.640681,-79.521702,Intersection Related,Stop Sign,Clear,"Dark, artificial",Dry,Non-Fatal Injury,Turning Movement,Driver,40 to 44,Major,,South,"Automobile, Station Wagon",Going Ahead,Driving Properly,Normal,,,,,,,,,Yes,,,,,Yes,Yes,Yes,,,,16,Stonegate-Queensway,16,Stonegate-Queensway (16),D22,619235.094305892,4833026.0668251
7113,81807151,3002144420,9/13/2023 4:00:00 AM,1838,ISLINGTON AV,SPRINGBROOK GS,9 m West of,,,43.640681,-79.521702,Intersection Related,Stop Sign,Clear,"Dark, artificial",Dry,Non-Fatal Injury,Turning Movement,Driver,40 to 44,None,,South,"Automobile, Station Wagon",Going Ahead,Driving Properly,Normal,,,,,,,,,Yes,,,,,Yes,Yes,Yes,,,,16,Stonegate-Queensway,16,Stonegate-Queensway (16),D22,619235.094305892,4833026.0668251
7114,81807152,3002144420,9/13/2023 4:00:00 AM,1838,ISLINGTON AV,SPRINGBROOK GS,9 m West of,,,43.640681,-79.521702,Intersection Related,Stop Sign,Clear,"Dark, artificial",Dry,Non-Fatal Injury,Turning Movement,Passenger,45 to 49,Minor,,,,,,,,,,,,,,,Yes,,,,,Yes,Yes,Yes,,,,16,Stonegate-Queensway,16,Stonegate-Queensway (16),D22,619235.094305892,4833026.0668251
7115,81807153,3002144420,9/13/2023 4:00:00 AM,1838,ISLINGTON AV,SPRINGBROOK GS,9 m West of,,,43.640681,-79.521702,Intersection Related,Stop Sign,Clear,"Dark, artificial",Dry,Non-Fatal Injury,Turning Movement,Passenger,15 to 19,Minor,,,,,,,,,,,,,,,Yes,,,,,Yes,Yes,Yes,,,,16,Stonegate-Queensway,16,Stonegate-Queensway (16),D22,619235.094305892,4833026.0668251
7116,81807154,3002144420,9/13/2023 4:00:00 AM,1838,ISLINGTON AV,SPRINGBROOK GS,9 m West of,,,43.640681,-79.521702,Intersection Related,Stop Sign,Clear,"Dark, artificial",Dry,Non-Fatal Injury,Turning Movement,Passenger,45 to 49,Minor,,,,,,,,,,,,,,,Yes,,,,,Yes,Yes,Yes,,,,16,Stonegate-Queensway,16,Stonegate-Queensway (16),D22,619235.094305892,4833026.0668251
7117,81807155,3002144420,9/13/2023 4:00:00 AM,1838,ISLINGTON AV,SPRINGBROOK GS,9 m West of,,,43.640681,-79.521702,Intersection Related,Stop Sign,Clear,"Dark, artificial",Dry,Non-Fatal Injury,Turning Movement,Passenger,40 to 44,None,,,,,,,,,,,,,,,Yes,,,,,Yes,Yes,Yes,,,,16,Stonegate-Queensway,16,Stonegate-Queensway (16),D22,619235.094305892,4833026.0668251
7118,81807156,3002144420,9/13/2023 4:00:00 AM,1838,ISLINGTON AV,SPRINGBROOK GS,9 m West of,,,43.640681,-79.521702,Intersection Related,Stop Sign,Clear,"Dark, artificial",Dry,Non-Fatal Injury,Turning Movement,Passenger,0 to 4,None,,,,,,,,,,,,,,,Yes,,,,,Yes,Yes,Yes,,,,16,Stonegate-Queensway,16,Stonegate-Queensway (16),D22,619235.094305892,4833026.0668251
7119,81807157,3002144420,9/13/2023 4:00:00 AM,1838,ISLINGTON AV,SPRINGBROOK GS,9 m West of,,,43.640681,-79.521702,Intersection Related,Stop Sign,Clear,"Dark, artificial",Dry,Non-Fatal Injury,Turning Movement,Passenger,40 to 44,Major,,,,,,,,,,,,,,,Yes,,,,,Yes,Yes,Yes,,,,16,Stonegate-Queensway,16,Stonegate-Queensway (16),D22,619235.094305892,4833026.0668251
7120,81751023,3002279550,9/30/2023 4:00:00 AM,1305,EVANS AVE,NORTH CARSON ST,,Major Arterial,Etobicoke York,43.61299,-79.53876,Intersection Related,Stop Sign,Clear,Daylight,Dry,Non-Fatal Injury,Turning Movement,Motorcycle Driver,30 to 34,Major,,East,Motorcycle,Going Ahead,Exceeding Speed Limit,Normal,,,,,,,,,Yes,Yes,,,,Yes,Yes,Yes,,,,20,Alderwood,20,Alderwood (20),D22,617913.363733425,4829926.27812033
7121,81751024,3002279550,9/30/2023 4:00:00 AM,1305,EVANS AVE,NORTH CARSON ST,,Major Arterial,Etobicoke York,43.61299,-79.53876,Intersection Related,Stop Sign,Clear,Daylight,Dry,Non-Fatal Injury,Turning Movement,Driver,55 to 59,None,,North,"Automobile, Station Wagon",Turning Left,Driving Properly,Normal,,,,,,,,,Yes,Yes,,,,Yes,Yes,Yes,,,,20,Alderwood,20,Alderwood (20),D22,617913.363733425,4829926.27812033
7122,81751025,3002279550,9/30/2023 4:00:00 AM,1305,EVANS AVE,NORTH CARSON ST,,Major Arterial,Etobicoke York,43.61299,-79.53876,Intersection Related,Stop Sign,Clear,Daylight,Dry,Non-Fatal Injury,Turning Movement,Passenger,55 to 59,None,,,,,,,,,,,,,,,Yes,Yes,,,,Yes,Yes,Yes,,,,20,Alderwood,20,Alderwood (20),D22,617913.363733425,4829926.27812033
7123,81750745,3002313113,10/4/2023 4:00:00 AM,1405,ELLESMERE RD,MARKHAM RD,,Major Arterial,Scarborough,43.776438,-79.231723,Intersection Related,Traffic Signal,Clear,Daylight,Dry,Non-Fatal Injury,Approaching,Driver,50 to 54,Minor,,South,"Automobile, Station Wagon",Going Ahead,Driving Properly,Normal,,,,,,,,,Yes,,,,,Yes,Yes,Yes,Yes,Yes,,141,Golfdale-Cedarbrae-Woburn,137,Woburn (137),D43,642302.563972676,4848561.30123192
7124,81750746,3002313113,10/4/2023 4:00:00 AM,1405,ELLESMERE RD,MARKHAM RD,,Major Arterial,Scarborough,43.776438,-79.231723,Intersection Related,Traffic Signal,Clear,Daylight,Dry,Non-Fatal Injury,Approaching,Driver,65 to 69,Minimal,,North,"Automobile, Station Wagon",Stopped,Driving Properly,Normal,,,,,,,,,Yes,,,,,Yes,Yes,Yes,Yes,Yes,,141,Golfdale-Cedarbrae-Woburn,137,Woburn (137),D43,642302.563972676,4848561.30123192
7125,81750747,3002313113,10/4/2023 4:00:00 AM,1405,ELLESMERE RD,MARKHAM RD,,Major Arterial,Scarborough,43.776438,-79.231723,Intersection Related,Traffic Signal,Clear,Daylight,Dry,Non-Fatal Injury,Approaching,Driver,35 to 39,Major,,South,"Automobile, Station Wagon",Going Ahead,Disobeyed Traffic Control,"Ability Impaired, Alcohol Over .08",,,,,,,,,Yes,,,,,Yes,Yes,Yes,Yes,Yes,,141,Golfdale-Cedarbrae-Woburn,137,Woburn (137),D43,642302.563972676,4848561.30123192