OBJECTID,INDEX,ACCNUM,DATE,TIME,STREET1,STREET2,OFFSET,ROAD_CLASS,DISTRICT,LATITUDE,LONGITUDE,ACCLOC,TRAFFCTL,VISIBILITY,LIGHT,RDSFCOND,ACCLASS,IMPACTYPE,INVTYPE,INVAGE,INJURY,FATAL_NO,INITDIR,VEHTYPE,MANOEUVER,DRIVACT,DRIVCOND,PEDTYPE,PEDACT,PEDCOND,CYCLISTYPE,CYCACT,CYCCOND,PEDESTRIAN,CYCLIST,AUTOMOBILE,MOTORCYCLE,TRUCK,TRSN_CITY_VEH,EMERG_VEH,PASSENGER,SPEEDING,AG_DRIV,REDLIGHT,ALCOHOL,DISABILITY,HOOD_158,NEIGHBOURHOOD_158,HOOD_140,NEIGHBOURHOOD_140,DIVISION,x,y
7126,81750748,3002313113,10/4/2023 4:00:00 AM,1405,ELLESMERE RD,MARKHAM RD,,Major Arterial,Scarborough,43.776438,-79.231723,Intersection Related,Traffic Signal,Clear,Daylight,Dry,Non-Fatal Injury,Approaching,Passenger,50 to 54,Minimal,,,,,,,,,,,,,,,Yes,,,,,Yes,Yes,Yes,Yes,Yes,,141,Golfdale-Cedarbrae-Woburn,137,Woburn (137),D43,642302.563972676,4848561.30123192
7127,81751016,3002381502,10/13/2023 4:00:00 AM,1135,MCCOWAN RD,SANDHURST CRCL,40 m South o,Major Arterial,Scarborough,43.804782,-79.26517,Intersection Related,Traffic Signal,Clear,Daylight,Dry,Non-Fatal Injury,Rear End,Driver,75 to 79,Major,,South,"Automobile, Station Wagon",Going Ahead,Driving Properly,Normal,,,,,,,,,Yes,,Yes,,,Yes,Yes,Yes,,,,129,Agincourt North,129,Agincourt North (129),D42,639544.89386039,4851652.40676313
7128,81751017,3002381502,10/13/2023 4:00:00 AM,1135,MCCOWAN RD,SANDHURST CRCL,40 m South o,Major Arterial,Scarborough,43.804782,-79.26517,Intersection Related,Traffic Signal,Clear,Daylight,Dry,Non-Fatal Injury,Rear End,Driver,70 to 74,Minor,,South,"Automobile, Station Wagon",Slowing or Stopping,Driving Properly,Normal,,,,,,,,,Yes,,Yes,,,Yes,Yes,Yes,,,,129,Agincourt North,129,Agincourt North (129),D42,639544.89386039,4851652.40676313
7129,81751018,3002381502,10/13/2023 4:00:00 AM,1135,MCCOWAN RD,SANDHURST CRCL,40 m South o,Major Arterial,Scarborough,43.804782,-79.26517,Intersection Related,Traffic Signal,Clear,Daylight,Dry,Non-Fatal Injury,Rear End,Truck Driver,70 to 74,Minor,,South,Truck - Dump,Slowing or Stopping,Driving Properly,Normal,,,,,,,,,Yes,,Yes,,,Yes,Yes,Yes,,,,129,Agincourt North,129,Agincourt North (129),D42,639544.89386039,4851652.40676313
7130,81751019,3002381502,10/13/2023 4:00:00 AM,1135,MCCOWAN RD,SANDHURST CRCL,40 m South o,Major Arterial,Scarborough,43.804782,-79.26517,Intersection Related,Traffic Signal,Clear,Daylight,Dry,Non-Fatal Injury,Rear End,Passenger,70 to 74,Minor,,,,,,,,,,,,,,,Yes,,Yes,,,Yes,Yes,Yes,,,,129,Agincourt North,129,Agincourt North (129),D42,639544.89386039,4851652.40676313
7131,81751236,3002391532,10/14/2023 4:00:00 AM,1644,ASHTONBEE RD,WARDEN AVE,,Major Arterial,Scarborough,43.730719,-79.28873,Intersection Related,Traffic Signal,Clear,Daylight,Dry,Non-Fatal Injury,Turning Movement,Driver,20 to 24,None,,West,"Automobile, Station Wagon",Turning Left,Disobeyed Traffic Control,Normal,,,,,,,,,Yes,,,,,Yes,,Yes,Yes,,,119,Wexford/Maryvale,119,Wexford/Maryvale (119),D41,637819.771644858,4843387.10409699
7132,81751237,3002391532,10/14/2023 4:00:00 AM,1644,ASHTONBEE RD,WARDEN AVE,,Major Arterial,Scarborough,43.730719,-79.28873,Intersection Related,Traffic Signal,Clear,Daylight,Dry,Non-Fatal Injury,Turning Movement,Driver,55 to 59,None,,South,Pick Up Truck,Going Ahead,Driving Properly,Normal,,,,,,,,,Yes,,,,,Yes,,Yes,Yes,,,119,Wexford/Maryvale,119,Wexford/Maryvale (119),D41,637819.771644858,4843387.10409699
7133,81751238,3002391532,10/14/2023 4:00:00 AM,1644,ASHTONBEE RD,WARDEN AVE,,Major Arterial,Scarborough,43.730719,-79.28873,Intersection Related,Traffic Signal,Clear,Daylight,Dry,Non-Fatal Injury,Turning Movement,Passenger,20 to 24,None,,,,,,,,,,,,,,,Yes,,,,,Yes,,Yes,Yes,,,119,Wexford/Maryvale,119,Wexford/Maryvale (119),D41,637819.771644858,4843387.10409699
7134,81751239,3002391532,10/14/2023 4:00:00 AM,1644,ASHTONBEE RD,WARDEN AVE,,Major Arterial,Scarborough,43.730719,-79.28873,Intersection Related,Traffic Signal,Clear,Daylight,Dry,Non-Fatal Injury,Turning Movement,Passenger,20 to 24,Major,,,,,,,,,,,,,,,Yes,,,,,Yes,,Yes,Yes,,,119,Wexford/Maryvale,119,Wexford/Maryvale (119),D41,637819.771644858,4843387.10409699
7135,81752860,3002392070,10/14/2023 4:00:00 AM,1840,EB FRED GARDINER EXPRESSWAY AND IS,ISLINGTON AVENUE,110 m West o,Expressway,Toronto and East York,43.619399,-79.517749,Non Intersection,No Control,Clear,Daylight,Dry,Non-Fatal Injury,Rear End,Driver,30 to 34,Major,,East,"Automobile, Station Wagon",Going Ahead,Lost control,Inattentive,,,,,,,,,Yes,,,,,Yes,,,,,,160,Mimico-Queensway,17,Mimico (includes Humber Bay Shores) (17),D22,619596.135258901,4830668.12305757
7136,81752861,3002392070,10/14/2023 4:00:00 AM,1840,EB FRED GARDINER EXPRESSWAY AND IS,ISLINGTON AVENUE,110 m West o,Expressway,Toronto and East York,43.619399,-79.517749,Non Intersection,No Control,Clear,Daylight,Dry,Non-Fatal Injury,Rear End,Driver,55 to 59,Minor,,East,Passenger Van,Going Ahead,Driving Properly,Normal,,,,,,,,,Yes,,,,,Yes,,,,,,160,Mimico-Queensway,17,Mimico (includes Humber Bay Shores) (17),D22,619596.135258901,4830668.12305757
7137,81752862,3002392070,10/14/2023 4:00:00 AM,1840,EB FRED GARDINER EXPRESSWAY AND IS,ISLINGTON AVENUE,110 m West o,Expressway,Toronto and East York,43.619399,-79.517749,Non Intersection,No Control,Clear,Daylight,Dry,Non-Fatal Injury,Rear End,Driver,40 to 44,Minor,,East,Passenger Van,Going Ahead,Driving Properly,Normal,,,,,,,,,Yes,,,,,Yes,,,,,,160,Mimico-Queensway,17,Mimico (includes Humber Bay Shores) (17),D22,619596.135258901,4830668.12305757
7138,81752863,3002392070,10/14/2023 4:00:00 AM,1840,EB FRED GARDINER EXPRESSWAY AND IS,ISLINGTON AVENUE,110 m West o,Expressway,Toronto and East York,43.619399,-79.517749,Non Intersection,No Control,Clear,Daylight,Dry,Non-Fatal Injury,Rear End,Passenger,30 to 34,Minor,,,,,,,,,,,,,,,Yes,,,,,Yes,,,,,,160,Mimico-Queensway,17,Mimico (includes Humber Bay Shores) (17),D22,619596.135258901,4830668.12305757
7139,81752864,3002392070,10/14/2023 4:00:00 AM,1840,EB FRED GARDINER EXPRESSWAY AND IS,ISLINGTON AVENUE,110 m West o,Expressway,Toronto and East York,43.619399,-79.517749,Non Intersection,No Control,Clear,Daylight,Dry,Non-Fatal Injury,Rear End,Passenger,0 to 4,Minimal,,,,,,,,,,,,,,,Yes,,,,,Yes,,,,,,160,Mimico-Queensway,17,Mimico (includes Humber Bay Shores) (17),D22,619596.135258901,4830668.12305757
7140,81752865,3002392070,10/14/2023 4:00:00 AM,1840,EB FRED GARDINER EXPRESSWAY AND IS,ISLINGTON AVENUE,110 m West o,Expressway,Toronto and East York,43.619399,-79.517749,Non Intersection,No Control,Clear,Daylight,Dry,Non-Fatal Injury,Rear End,Passenger,0 to 4,Minimal,,,,,,,,,,,,,,,Yes,,,,,Yes,,,,,,160,Mimico-Queensway,17,Mimico (includes Humber Bay Shores) (17),D22,619596.135258901,4830668.12305757
7141,81751681,3002503345,10/28/2023 4:00:00 AM,1643,SHEPPARD AV W,ARROW RD,15 m West of,Major Arterial,North York,43.735697,-79.5293,Intersection Related,Traffic Signal,Clear,Daylight,Dry,Non-Fatal Injury,Pedestrian Collisions,Driver,15 to 19,None,,West,"Automobile, Station Wagon",Going Ahead,Lost control,Inattentive,,,,,,,Yes,,Yes,,,,,Yes,,,,,,154,Oakdale-Beverley Heights,22,Humbermede (22),D31,618435.113684378,4843567.98298709
7142,81751682,3002503345,10/28/2023 4:00:00 AM,1643,SHEPPARD AV W,ARROW RD,15 m West of,Major Arterial,North York,43.735697,-79.5293,Intersection Related,Traffic Signal,Clear,Daylight,Dry,Non-Fatal Injury,Pedestrian Collisions,Passenger,35 to 39,Minimal,,,,,,,,,,,,,Yes,,Yes,,,,,Yes,,,,,,154,Oakdale-Beverley Heights,22,Humbermede (22),D31,618435.113684378,4843567.98298709
7143,81751683,3002503345,10/28/2023 4:00:00 AM,1643,SHEPPARD AV W,ARROW RD,15 m West of,Major Arterial,North York,43.735697,-79.5293,Intersection Related,Traffic Signal,Clear,Daylight,Dry,Non-Fatal Injury,Pedestrian Collisions,Pedestrian,15 to 19,Major,,,,,,,Pedestrian hit on sidewalk or shoulder,Other,Normal,,,,Yes,,Yes,,,,,Yes,,,,,,154,Oakdale-Beverley Heights,22,Humbermede (22),D31,618435.113684378,4843567.98298709
7144,81752336,3002611058,11/11/2023 5:00:00 AM,303,FGX W,B AMD DUNN AV,100 m West o,Expressway,Etobicoke York,43.632697,-79.433368,Non Intersection,No Control,Clear,"Dark, artificial",Dry,Fatal,SMV Other,Driver,20 to 24,Minimal,,West,"Automobile, Station Wagon",Going Ahead,Exceeding Speed Limit,"Ability Impaired, Alcohol Over .08",,,,,,,,,Yes,,,,,Yes,Yes,Yes,,Yes,,85,South Parkdale,85,South Parkdale (85),D14,626376.652765296,4832270.02950475
7145,81752337,3002611058,11/11/2023 5:00:00 AM,303,FGX W,B AMD DUNN AV,100 m West o,Expressway,Etobicoke York,43.632697,-79.433368,Non Intersection,No Control,Clear,"Dark, artificial",Dry,Fatal,SMV Other,Passenger,20 to 24,Fatal,,,"Automobile, Station Wagon",,,,,,,,,,,,Yes,,,,,Yes,Yes,Yes,,Yes,,85,South Parkdale,85,South Parkdale (85),D14,626376.652765296,4832270.02950475
7146,81752338,3002611058,11/11/2023 5:00:00 AM,303,FGX W,B AMD DUNN AV,100 m West o,Expressway,Etobicoke York,43.632697,-79.433368,Non Intersection,No Control,Clear,"Dark, artificial",Dry,Fatal,SMV Other,Passenger,20 to 24,None,,,"Automobile, Station Wagon",,,,,,,,,,,,Yes,,,,,Yes,Yes,Yes,,Yes,,85,South Parkdale,85,South Parkdale (85),D14,626376.652765296,4832270.02950475
7147,81752339,3002611058,11/11/2023 5:00:00 AM,303,FGX W,B AMD DUNN AV,100 m West o,Expressway,Etobicoke York,43.632697,-79.433368,Non Intersection,No Control,Clear,"Dark, artificial",Dry,Fatal,SMV Other,Passenger,25 to 29,Major,,,"Automobile, Station Wagon",,,,,,,,,,,,Yes,,,,,Yes,Yes,Yes,,Yes,,85,South Parkdale,85,South Parkdale (85),D14,626376.652765296,4832270.02950475
7148,81753599,3002611595,11/11/2023 5:00:00 AM,628,F G GARDINER XY E,KIPLING AV,657 m West o,Expressway,Etobicoke York,43.616278,-79.533565,Non Intersection,No Control,Clear,"Dark, artificial",Dry,Non-Fatal Injury,Sideswipe,Driver,70 to 74,Minor,,East,"Automobile, Station Wagon",Going Ahead,Driving Properly,Normal,,,,,,,,,Yes,,,,,Yes,,,,,,20,Alderwood,20,Alderwood (20),D22,618326.124289391,4830298.83961922
7149,81753600,3002611595,11/11/2023 5:00:00 AM,628,F G GARDINER XY E,KIPLING AV,657 m West o,Expressway,Etobicoke York,43.616278,-79.533565,Non Intersection,No Control,Clear,"Dark, artificial",Dry,Non-Fatal Injury,Sideswipe,Driver,40 to 44,None,,East,Pick Up Truck,Going Ahead,Driving Properly,Normal,,,,,,,,,Yes,,,,,Yes,,,,,,20,Alderwood,20,Alderwood (20),D22,618326.124289391,4830298.83961922
7150,81753601,3002611595,11/11/2023 5:00:00 AM,628,F G GARDINER XY E,KIPLING AV,657 m West o,Expressway,Etobicoke York,43.616278,-79.533565,Non Intersection,No Control,Clear,"Dark, artificial",Dry,Non-Fatal Injury,Sideswipe,Driver,55 to 59,None,,East,"Automobile, Station Wagon",Going Ahead,Driving Properly,Normal,,,,,,,,,Yes,,,,,Yes,,,,,,20,Alderwood,20,Alderwood (20),D22,618326.124289391,4830298.83961922
7151,81753602,3002611595,11/11/2023 5:00:00 AM,628,F G GARDINER XY E,KIPLING AV,657 m West o,Expressway,Etobicoke York,43.616278,-79.533565,Non Intersection,No Control,Clear,"Dark, artificial",Dry,Non-Fatal Injury,Sideswipe,Driver,50 to 54,Minor,,East,"Automobile, Station Wagon",Going Ahead,Driving Properly,Normal,,,,,,,,,Yes,,,,,Yes,,,,,,20,Alderwood,20,Alderwood (20),D22,618326.124289391,4830298.83961922
7152,81753603,3002611595,11/11/2023 5:00:00 AM,628,F G GARDINER XY E,KIPLING AV,657 m West o,Expressway,Etobicoke York,43.616278,-79.533565,Non Intersection,No Control,Clear,"Dark, artificial",Dry,Non-Fatal Injury,Sideswipe,Passenger,65 to 69,Minor,,,,,,,,,,,,,,,Yes,,,,,Yes,,,,,,20,Alderwood,20,Alderwood (20),D22,618326.124289391,4830298.83961922
7153,81753604,3002611595,11/11/2023 5:00:00 AM,628,F G GARDINER XY E,KIPLING AV,657 m West o,Expressway,Etobicoke York,43.616278,-79.533565,Non Intersection,No Control,Clear,"Dark, artificial",Dry,Non-Fatal Injury,Sideswipe,Passenger,45 to 49,Major,,,,,,,,,,,,,,,Yes,,,,,Yes,,,,,,20,Alderwood,20,Alderwood (20),D22,618326.124289391,4830298.83961922
7154,81750895,3002633234,11/14/2023 5:00:00 AM,642,WELLINGTON ST E,SCOTT ST,,Minor Arterial,Scarborough,43.648081,-79.37601,Intersection Related,Traffic Signal,Clear,"Dark, artificial",Dry,Fatal,Pedestrian Collisions,Passenger,30 to 34,None,,,,,,,,,,,,,Yes,,Yes,,,,,Yes,,,,,,168,Downtown Yonge East,75,Church-Yonge Corridor (75),D51,630970.210831563,4834067.5427118
7155,81752408,3002633234,11/14/2023 5:00:00 AM,642,WELLINGTON ST E,SCOTT ST,,Minor Arterial,Scarborough,43.648081,-79.37601,Intersection Related,Traffic Signal,Clear,"Dark, artificial",Dry,Fatal,Pedestrian Collisions,Pedestrian,55 to 59,Fatal,35,,"Automobile, Station Wagon",,,,,Other,Fatigue,,,,Yes,,Yes,,,,,Yes,,,,,,168,Downtown Yonge East,75,Church-Yonge Corridor (75),D51,630970.210831563,4834067.5427118
7156,81753079,3002633234,11/14/2023 5:00:00 AM,642,WELLINGTON ST E,SCOTT ST,,Minor Arterial,Scarborough,43.648081,-79.37601,Intersection Related,Traffic Signal,Clear,"Dark, artificial",Dry,Fatal,Pedestrian Collisions,Passenger,25 to 29,None,,,,,,,,,,,,,Yes,,Yes,,,,,Yes,,,,,,168,Downtown Yonge East,75,Church-Yonge Corridor (75),D51,630970.210831563,4834067.5427118
7157,81753080,3002633234,11/14/2023 5:00:00 AM,642,WELLINGTON ST E,SCOTT ST,,Minor Arterial,Scarborough,43.648081,-79.37601,Intersection Related,Traffic Signal,Clear,"Dark, artificial",Dry,Fatal,Pedestrian Collisions,Passenger,45 to 49,None,,,,,,,,,,,,,Yes,,Yes,,,,,Yes,,,,,,168,Downtown Yonge East,75,Church-Yonge Corridor (75),D51,630970.210831563,4834067.5427118
7158,81753081,3002633234,11/14/2023 5:00:00 AM,642,WELLINGTON ST E,SCOTT ST,,Minor Arterial,Scarborough,43.648081,-79.37601,Intersection Related,Traffic Signal,Clear,"Dark, artificial",Dry,Fatal,Pedestrian Collisions,Passenger,30 to 34,None,,,,,,,,,,,,,Yes,,Yes,,,,,Yes,,,,,,168,Downtown Yonge East,75,Church-Yonge Corridor (75),D51,630970.210831563,4834067.5427118
7159,81753084,3002633234,11/14/2023 5:00:00 AM,642,WELLINGTON ST E,SCOTT ST,,Minor Arterial,Scarborough,43.648081,-79.37601,Intersection Related,Traffic Signal,Clear,"Dark, artificial",Dry,Fatal,Pedestrian Collisions,Driver,60 to 64,None,,North,"Automobile, Station Wagon",Going Ahead,Other,,,,,,,,Yes,,Yes,,,,,Yes,,,,,,168,Downtown Yonge East,75,Church-Yonge Corridor (75),D51,630970.210831563,4834067.5427118
7160,81797705,3002675190,11/19/2023 5:00:00 AM,1246,ROTHERHAM AV,KEELE ST,3 m West of,,,43.68584,-79.473179,Intersection Related,No Control,Clear,Daylight,Dry,Non-Fatal Injury,Turning Movement,Driver,30 to 34,None,,North,"Automobile, Station Wagon",Turning Left,Failed to Yield Right of Way,Normal,,,,,,,,,Yes,,,,,Yes,,Yes,,,,110,Keelesdale-Eglinton West,110,Keelesdale-Eglinton West (110),D12,623056.550579114,4838112.41518917
7161,81797706,3002675190,11/19/2023 5:00:00 AM,1246,ROTHERHAM AV,KEELE ST,3 m West of,,,43.68584,-79.473179,Intersection Related,No Control,Clear,Daylight,Dry,Non-Fatal Injury,Turning Movement,Driver,90 to 94,None,,South,"Automobile, Station Wagon",Going Ahead,Driving Properly,Normal,,,,,,,,,Yes,,,,,Yes,,Yes,,,,110,Keelesdale-Eglinton West,110,Keelesdale-Eglinton West (110),D12,623056.550579114,4838112.41518917
7162,81797707,3002675190,11/19/2023 5:00:00 AM,1246,ROTHERHAM AV,KEELE ST,3 m West of,,,43.68584,-79.473179,Intersection Related,No Control,Clear,Daylight,Dry,Non-Fatal Injury,Turning Movement,Passenger,80 to 84,Major,,,,,,,,,,,,,,,Yes,,,,,Yes,,Yes,,,,110,Keelesdale-Eglinton West,110,Keelesdale-Eglinton West (110),D12,623056.550579114,4838112.41518917
7163,81796974,3002690239,11/21/2023 5:00:00 AM,1248,750 YORK MILLS RD,YORK MILLS RD,10 m South o,,,43.752895,-79.360866,At/Near Private Drive,No Control,Rain,Daylight,Wet,Non-Fatal Injury,Turning Movement,Driver,65 to 69,None,,South,"Automobile, Station Wagon",Turning Left,Failed to Yield Right of Way,Other,,,,,,,,,Yes,,,,,Yes,Yes,Yes,,,,42,Banbury-Don Mills,40,St.Andrew-Windfields (40),D33,631961.394915364,4845732.62384256
7164,81796975,3002690239,11/21/2023 5:00:00 AM,1248,750 YORK MILLS RD,YORK MILLS RD,10 m South o,,,43.752895,-79.360866,At/Near Private Drive,No Control,Rain,Daylight,Wet,Non-Fatal Injury,Turning Movement,Driver,20 to 24,None,,West,"Automobile, Station Wagon",Going Ahead,Driving Properly,Normal,,,,,,,,,Yes,,,,,Yes,Yes,Yes,,,,42,Banbury-Don Mills,40,St.Andrew-Windfields (40),D33,631961.394915364,4845732.62384256
7165,81796976,3002690239,11/21/2023 5:00:00 AM,1248,750 YORK MILLS RD,YORK MILLS RD,10 m South o,,,43.752895,-79.360866,At/Near Private Drive,No Control,Rain,Daylight,Wet,Non-Fatal Injury,Turning Movement,Passenger,55 to 59,Major,,,,,,,,,,,,,,,Yes,,,,,Yes,Yes,Yes,,,,42,Banbury-Don Mills,40,St.Andrew-Windfields (40),D33,631961.394915364,4845732.62384256
7166,81753086,3002774341,12/2/2023 5:00:00 AM,328,176 CHERRY ST,,,Collector,Toronto and East York,43.641585,-79.349551,Non Intersection,No Control,Rain,"Dark, artificial",Wet,Fatal,SMV Other,Passenger,20 to 24,Fatal,38,,"Automobile, Station Wagon",,,,,,,,,,,,Yes,,,,,Yes,,,,,,70,South Riverdale,70,South Riverdale (70),NSA,633118.425832151,4833388.17484682
7167,81753087,3002774341,12/2/2023 5:00:00 AM,328,176 CHERRY ST,,,Collector,Toronto and East York,43.641585,-79.349551,Non Intersection,No Control,Rain,"Dark, artificial",Wet,Fatal,SMV Other,Driver,20 to 24,Minimal,,South,"Automobile, Station Wagon",Other,Lost control,Other,,,,,,,,,Yes,,,,,Yes,,,,,,70,South Riverdale,70,South Riverdale (70),NSA,633118.425832151,4833388.17484682
7168,81754618,3002895177,12/17/2023 5:00:00 AM,1700,ANNDALE DR,BALES AVE,,Local,North York,43.76034,-79.409351,Intersection Related,Stop Sign,Rain,Dark,Wet,Non-Fatal Injury,Pedestrian Collisions,Driver,40 to 44,None,,West,"Automobile, Station Wagon",Turning Left,Failed to Yield Right of Way,Normal,,,,,,,Yes,,Yes,,,,,Yes,,Yes,,,,153,Avondale,51,Willowdale East (51),D32,628042.106591109,4846483.39920874
7169,81754619,3002895177,12/17/2023 5:00:00 AM,1700,ANNDALE DR,BALES AVE,,Local,North York,43.76034,-79.409351,Intersection Related,Stop Sign,Rain,Dark,Wet,Non-Fatal Injury,Pedestrian Collisions,Passenger,70 to 74,None,,,,,,,,,,,,,Yes,,Yes,,,,,Yes,,Yes,,,,153,Avondale,51,Willowdale East (51),D32,628042.106591109,4846483.39920874
7170,81754620,3002895177,12/17/2023 5:00:00 AM,1700,ANNDALE DR,BALES AVE,,Local,North York,43.76034,-79.409351,Intersection Related,Stop Sign,Rain,Dark,Wet,Non-Fatal Injury,Pedestrian Collisions,Pedestrian,50 to 54,Major,,,,,,,Vehicle turns left while ped crosses with ROW at inter.,Crossing with right of way,Normal,,,,Yes,,Yes,,,,,Yes,,Yes,,,,153,Avondale,51,Willowdale East (51),D32,628042.106591109,4846483.39920874
7171,81754442,3002940459,12/23/2023 5:00:00 AM,1954,BAYVIEW AVE,TEAGARDEN CRT,,Major Arterial,North York,43.768195,-79.388377,Non Intersection,No Control,Rain,"Dark, artificial",Wet,Non-Fatal Injury,Turning Movement,Driver,35 to 39,Major,,South,"Automobile, Station Wagon",Making U Turn,,Normal,,,,,,,,,Yes,,,,Yes,Yes,,,,,,52,Bayview Village,52,Bayview Village (52),D33,629713.483456651,4847388.45701487
7172,81754443,3002940459,12/23/2023 5:00:00 AM,1954,BAYVIEW AVE,TEAGARDEN CRT,,Major Arterial,North York,43.768195,-79.388377,Non Intersection,No Control,Rain,"Dark, artificial",Wet,Non-Fatal Injury,Turning Movement,Driver,25 to 29,Minor,,South,Police Vehicle,Going Ahead,,Normal,,,,,,,,,Yes,,,,Yes,Yes,,,,,,52,Bayview Village,52,Bayview Village (52),D33,629713.483456651,4847388.45701487
7173,81754444,3002940459,12/23/2023 5:00:00 AM,1954,BAYVIEW AVE,TEAGARDEN CRT,,Major Arterial,North York,43.768195,-79.388377,Non Intersection,No Control,Rain,"Dark, artificial",Wet,Non-Fatal Injury,Turning Movement,Passenger,35 to 39,Minor,,,,,,,,,,,,,,,Yes,,,,Yes,Yes,,,,,,52,Bayview Village,52,Bayview Village (52),D33,629713.483456651,4847388.45701487
7174,81754445,3002940459,12/23/2023 5:00:00 AM,1954,BAYVIEW AVE,TEAGARDEN CRT,,Major Arterial,North York,43.768195,-79.388377,Non Intersection,No Control,Rain,"Dark, artificial",Wet,Non-Fatal Injury,Turning Movement,Passenger,5 to 9,Minimal,,,,,,,,,,,,,,,Yes,,,,Yes,Yes,,,,,,52,Bayview Village,52,Bayview Village (52),D33,629713.483456651,4847388.45701487
7175,81754446,3002940459,12/23/2023 5:00:00 AM,1954,BAYVIEW AVE,TEAGARDEN CRT,,Major Arterial,North York,43.768195,-79.388377,Non Intersection,No Control,Rain,"Dark, artificial",Wet,Non-Fatal Injury,Turning Movement,Passenger,0 to 4,Minimal,,,,,,,,,,,,,,,Yes,,,,Yes,Yes,,,,,,52,Bayview Village,52,Bayview Village (52),D33,629713.483456651,4847388.45701487
7176,81754447,3002940459,12/23/2023 5:00:00 AM,1954,BAYVIEW AVE,TEAGARDEN CRT,,Major Arterial,North York,43.768195,-79.388377,Non Intersection,No Control,Rain,"Dark, artificial",Wet,Non-Fatal Injury,Turning Movement,Passenger,25 to 29,Minor,,,,,,,,,,,,,,,Yes,,,,Yes,Yes,,,,,,52,Bayview Village,52,Bayview Village (52),D33,629713.483456651,4847388.45701487
7177,81754320,3002946108,12/24/2023 5:00:00 AM,1729,SHEPPARD AVE E,MARKHAM RD,22 m West of,Major Arterial,Scarborough,43.793822,-79.238979,Intersection Related,Traffic Signal,Clear,"Dark, artificial",Dry,Non-Fatal Injury,Angle,Driver,55 to 59,Major,,West,"Automobile, Station Wagon",Going Ahead,Disobeyed Traffic Control,Inattentive,,,,,,,,,Yes,,,,,Yes,,Yes,Yes,,,128,Agincourt South-Malvern West,128,Agincourt South-Malvern West (128),D42,641677.552564465,4850479.62419392
7178,81754321,3002946108,12/24/2023 5:00:00 AM,1729,SHEPPARD AVE E,MARKHAM RD,22 m West of,Major Arterial,Scarborough,43.793822,-79.238979,Intersection Related,Traffic Signal,Clear,"Dark, artificial",Dry,Non-Fatal Injury,Angle,Driver,50 to 54,None,,South,"Automobile, Station Wagon",Going Ahead,Driving Properly,Normal,,,,,,,,,Yes,,,,,Yes,,Yes,Yes,,,128,Agincourt South-Malvern West,128,Agincourt South-Malvern West (128),D42,641677.552564465,4850479.62419392
7179,81754322,3002946108,12/24/2023 5:00:00 AM,1729,SHEPPARD AVE E,MARKHAM RD,22 m West of,Major Arterial,Scarborough,43.793822,-79.238979,Intersection Related,Traffic Signal,Clear,"Dark, artificial",Dry,Non-Fatal Injury,Angle,Passenger,75 to 79,None,,,,,,,,,,,,,,,Yes,,,,,Yes,,Yes,Yes,,,128,Agincourt South-Malvern West,128,Agincourt South-Malvern West (128),D42,641677.552564465,4850479.62419392
7180,81754323,3002946108,12/24/2023 5:00:00 AM,1729,SHEPPARD AVE E,MARKHAM RD,22 m West of,Major Arterial,Scarborough,43.793822,-79.238979,Intersection Related,Traffic Signal,Clear,"Dark, artificial",Dry,Non-Fatal Injury,Angle,Passenger,75 to 79,None,,,,,,,,,,,,,,,Yes,,,,,Yes,,Yes,Yes,,,128,Agincourt South-Malvern West,128,Agincourt South-Malvern West (128),D42,641677.552564465,4850479.62419392
7181,81754324,3002946108,12/24/2023 5:00:00 AM,1729,SHEPPARD AVE E,MARKHAM RD,22 m West of,Major Arterial,Scarborough,43.793822,-79.238979,Intersection Related,Traffic Signal,Clear,"Dark, artificial",Dry,Non-Fatal Injury,Angle,Passenger,45 to 49,None,,,,,,,,,,,,,,,Yes,,,,,Yes,,Yes,Yes,,,128,Agincourt South-Malvern West,128,Agincourt South-Malvern West (128),D42,641677.552564465,4850479.62419392
7182,81754325,3002946108,12/24/2023 5:00:00 AM,1729,SHEPPARD AVE E,MARKHAM RD,22 m West of,Major Arterial,Scarborough,43.793822,-79.238979,Intersection Related,Traffic Signal,Clear,"Dark, artificial",Dry,Non-Fatal Injury,Angle,Passenger,10 to 14,None,,,,,,,,,,,,,,,Yes,,,,,Yes,,Yes,Yes,,,128,Agincourt South-Malvern West,128,Agincourt South-Malvern West (128),D42,641677.552564465,4850479.62419392
7183,81754326,3002946108,12/24/2023 5:00:00 AM,1729,SHEPPARD AVE E,MARKHAM RD,22 m West of,Major Arterial,Scarborough,43.793822,-79.238979,Intersection Related,Traffic Signal,Clear,"Dark, artificial",Dry,Non-Fatal Injury,Angle,Passenger,5 to 9,None,,,,,,,,,,,,,,,Yes,,,,,Yes,,Yes,Yes,,,128,Agincourt South-Malvern West,128,Agincourt South-Malvern West (128),D42,641677.552564465,4850479.62419392